event,year,character,value,rate,type,count
Hepatitis A,2011,Area,Total,0.4,Case,1398
Hepatitis A,2012,Area,Total,0.5,Case,1562
Hepatitis A,2013,Area,Total,0.6,Case,1781
Hepatitis A,2014,Area,Total,0.4,Case,1239
Hepatitis A,2015,Area,Total,0.4,Case,1390
Hepatitis A,2016,Area,Total,0.6,Case,2007
Hepatitis A,2017,Area,Total,1,Case,3366
Hepatitis A,2018,Area,Total,3.8,Case,12474
Hepatitis A,2019,Area,Total,5.7,Case,18846
Hepatitis A,2020,Area,Total,3,Case,9952
Hepatitis A,2021,Area,Total,1.7,Case,5728
Hepatitis A,2022,Area,Total,0.7,Case,2265
Hepatitis A,2023,Area,Total,0.5,Case,1648
Hepatitis A,2011,Area,Alabama,0.2,Case,8
Hepatitis A,2012,Area,Alabama,0.4,Case,19
Hepatitis A,2013,Area,Alabama,0.2,Case,10
Hepatitis A,2014,Area,Alabama,0.3,Case,15
Hepatitis A,2015,Area,Alabama,0.5,Case,23
Hepatitis A,2016,Area,Alabama,0.4,Case,19
Hepatitis A,2017,Area,Alabama,0.5,Case,23
Hepatitis A,2018,Area,Alabama,0.8,Case,38
Hepatitis A,2019,Area,Alabama,4.9,Case,242
Hepatitis A,2020,Area,Alabama,19.6,Case,966
Hepatitis A,2021,Area,Alabama,8,Case,404
Hepatitis A,2022,Area,Alabama,1,Case,52
Hepatitis A,2023,Area,Alabama,0.4,Case,20
Hepatitis A,2011,Area,Alaska,0.6,Case,4
Hepatitis A,2012,Area,Alaska,0.1,Case,1
Hepatitis A,2013,Area,Alaska,0.1,Case,1
Hepatitis A,2014,Area,Alaska,0.1,Case,1
Hepatitis A,2015,Area,Alaska,0.5,Case,4
Hepatitis A,2016,Area,Alaska,0.3,Case,2
Hepatitis A,2017,Area,Alaska,NA,Case,NA
Hepatitis A,2018,Area,Alaska,0.1,Case,1
Hepatitis A,2019,Area,Alaska,0.3,Case,2
Hepatitis A,2020,Area,Alaska,NA,Case,NA
Hepatitis A,2021,Area,Alaska,0.1,Case,1
Hepatitis A,2022,Area,Alaska,0.3,Case,2
Hepatitis A,2023,Area,Alaska,NA,Case,NA
Hepatitis A,2011,Area,Arizona,1.2,Case,77
Hepatitis A,2012,Area,Arizona,1.4,Case,93
Hepatitis A,2013,Area,Arizona,1,Case,66
Hepatitis A,2014,Area,Arizona,0.4,Case,29
Hepatitis A,2015,Area,Arizona,0.8,Case,54
Hepatitis A,2016,Area,Arizona,0.5,Case,32
Hepatitis A,2017,Area,Arizona,0.8,Case,59
Hepatitis A,2018,Area,Arizona,1.1,Case,77
Hepatitis A,2019,Area,Arizona,8,Case,584
Hepatitis A,2020,Area,Arizona,0.6,Case,45
Hepatitis A,2021,Area,Arizona,0.4,Case,29
Hepatitis A,2022,Area,Arizona,0.2,Case,16
Hepatitis A,2023,Area,Arizona,0.7,Case,54
Hepatitis A,2011,Area,Arkansas,0.1,Case,3
Hepatitis A,2012,Area,Arkansas,0.3,Case,8
Hepatitis A,2013,Area,Arkansas,0.3,Case,9
Hepatitis A,2014,Area,Arkansas,0.1,Case,2
Hepatitis A,2015,Area,Arkansas,0.3,Case,10
Hepatitis A,2016,Area,Arkansas,0.4,Case,13
Hepatitis A,2017,Area,Arkansas,0.2,Case,7
Hepatitis A,2018,Area,Arkansas,8.4,Case,254
Hepatitis A,2019,Area,Arkansas,6.7,Case,203
Hepatitis A,2020,Area,Arkansas,13.1,Case,396
Hepatitis A,2021,Area,Arkansas,15.5,Case,468
Hepatitis A,2022,Area,Arkansas,0.7,Case,21
Hepatitis A,2023,Area,Arkansas,0.4,Case,12
Hepatitis A,2011,Area,California,0.5,Case,186
Hepatitis A,2012,Area,California,0.5,Case,209
Hepatitis A,2013,Area,California,0.7,Case,255
Hepatitis A,2014,Area,California,0.4,Case,142
Hepatitis A,2015,Area,California,0.5,Case,179
Hepatitis A,2016,Area,California,0.6,Case,229
Hepatitis A,2017,Area,California,2.4,Case,947
Hepatitis A,2018,Area,California,0.5,Case,189
Hepatitis A,2019,Area,California,0.6,Case,256
Hepatitis A,2020,Area,California,0.5,Case,203
Hepatitis A,2021,Area,California,0.2,Case,91
Hepatitis A,2022,Area,California,0.4,Case,160
Hepatitis A,2023,Area,California,0.6,Case,222
Hepatitis A,2011,Area,Colorado,0.4,Case,21
Hepatitis A,2012,Area,Colorado,0.5,Case,28
Hepatitis A,2013,Area,Colorado,1,Case,51
Hepatitis A,2014,Area,Colorado,0.4,Case,23
Hepatitis A,2015,Area,Colorado,0.5,Case,25
Hepatitis A,2016,Area,Colorado,0.4,Case,22
Hepatitis A,2017,Area,Colorado,1.2,Case,65
Hepatitis A,2018,Area,Colorado,0.5,Case,31
Hepatitis A,2019,Area,Colorado,5.8,Case,333
Hepatitis A,2020,Area,Colorado,1.6,Case,91
Hepatitis A,2021,Area,Colorado,0.2,Case,11
Hepatitis A,2022,Area,Colorado,0.5,Case,27
Hepatitis A,2023,Area,Colorado,0.4,Case,23
Hepatitis A,2011,Area,Connecticut,0.5,Case,18
Hepatitis A,2012,Area,Connecticut,0.6,Case,23
Hepatitis A,2013,Area,Connecticut,0.5,Case,19
Hepatitis A,2014,Area,Connecticut,0.6,Case,23
Hepatitis A,2015,Area,Connecticut,0.3,Case,9
Hepatitis A,2016,Area,Connecticut,0.4,Case,16
Hepatitis A,2017,Area,Connecticut,0.5,Case,17
Hepatitis A,2018,Area,Connecticut,0.4,Case,15
Hepatitis A,2019,Area,Connecticut,0.5,Case,17
Hepatitis A,2020,Area,Connecticut,0.4,Case,14
Hepatitis A,2021,Area,Connecticut,0.3,Case,11
Hepatitis A,2022,Area,Connecticut,0.1,Case,5
Hepatitis A,2023,Area,Connecticut,0.1,Case,2
Hepatitis A,2011,Area,Delaware,0.2,Case,2
Hepatitis A,2012,Area,Delaware,1,Case,9
Hepatitis A,2013,Area,Delaware,0.4,Case,4
Hepatitis A,2014,Area,Delaware,0.1,Case,1
Hepatitis A,2015,Area,Delaware,0.2,Case,2
Hepatitis A,2016,Area,Delaware,0.1,Case,1
Hepatitis A,2017,Area,Delaware,0.6,Case,6
Hepatitis A,2018,Area,Delaware,0.7,Case,7
Hepatitis A,2019,Area,Delaware,3.7,Case,36
Hepatitis A,2020,Area,Delaware,2.8,Case,28
Hepatitis A,2021,Area,Delaware,0.9,Case,9
Hepatitis A,2022,Area,Delaware,1.2,Case,12
Hepatitis A,2023,Area,Delaware,1.3,Case,13
Hepatitis A,2011,Area,District of Columbia,NA,Case,NA
Hepatitis A,2012,Area,District of Columbia,NA,Case,NA
Hepatitis A,2013,Area,District of Columbia,NA,Case,NA
Hepatitis A,2014,Area,District of Columbia,NA,Case,NA
Hepatitis A,2015,Area,District of Columbia,NA,Case,NA
Hepatitis A,2016,Area,District of Columbia,0.6,Case,4
Hepatitis A,2017,Area,District of Columbia,0.4,Case,3
Hepatitis A,2018,Area,District of Columbia,1.6,Case,11
Hepatitis A,2019,Area,District of Columbia,2.1,Case,15
Hepatitis A,2020,Area,District of Columbia,1,Case,7
Hepatitis A,2021,Area,District of Columbia,NA,Case,NA
Hepatitis A,2022,Area,District of Columbia,0.6,Case,4
Hepatitis A,2023,Area,District of Columbia,1.3,Case,9
Hepatitis A,2011,Area,Florida,0.5,Case,87
Hepatitis A,2012,Area,Florida,0.5,Case,87
Hepatitis A,2013,Area,Florida,0.6,Case,115
Hepatitis A,2014,Area,Florida,0.5,Case,90
Hepatitis A,2015,Area,Florida,0.5,Case,108
Hepatitis A,2016,Area,Florida,0.6,Case,115
Hepatitis A,2017,Area,Florida,1.2,Case,261
Hepatitis A,2018,Area,Florida,2.6,Case,548
Hepatitis A,2019,Area,Florida,15.8,Case,NA
Hepatitis A,2020,Area,Florida,4.7,Case,NA
Hepatitis A,2021,Area,Florida,0.9,Case,203
Hepatitis A,2022,Area,Florida,1.4,Case,319
Hepatitis A,2023,Area,Florida,0.4,Case,100
Hepatitis A,2011,Area,Georgia,0.3,Case,27
Hepatitis A,2012,Area,Georgia,0.5,Case,46
Hepatitis A,2013,Area,Georgia,0.4,Case,36
Hepatitis A,2014,Area,Georgia,0.2,Case,24
Hepatitis A,2015,Area,Georgia,0.3,Case,30
Hepatitis A,2016,Area,Georgia,0.4,Case,44
Hepatitis A,2017,Area,Georgia,0.2,Case,24
Hepatitis A,2018,Area,Georgia,0.8,Case,84
Hepatitis A,2019,Area,Georgia,7.9,Case,844
Hepatitis A,2020,Area,Georgia,5.5,Case,588
Hepatitis A,2021,Area,Georgia,3.6,Case,389
Hepatitis A,2022,Area,Georgia,2,Case,217
Hepatitis A,2023,Area,Georgia,0.3,Case,34
Hepatitis A,2011,Area,Hawaii,0.6,Case,8
Hepatitis A,2012,Area,Hawaii,0.4,Case,5
Hepatitis A,2013,Area,Hawaii,1.1,Case,16
Hepatitis A,2014,Area,Hawaii,0.4,Case,5
Hepatitis A,2015,Area,Hawaii,0.4,Case,6
Hepatitis A,2016,Area,Hawaii,20,Case,285
Hepatitis A,2017,Area,Hawaii,0.6,Case,8
Hepatitis A,2018,Area,Hawaii,0.3,Case,4
Hepatitis A,2019,Area,Hawaii,0.1,Case,1
Hepatitis A,2020,Area,Hawaii,0.6,Case,8
Hepatitis A,2021,Area,Hawaii,0.3,Case,4
Hepatitis A,2022,Area,Hawaii,0.2,Case,3
Hepatitis A,2023,Area,Hawaii,0.1,Case,2
Hepatitis A,2011,Area,Idaho,0.4,Case,6
Hepatitis A,2012,Area,Idaho,0.7,Case,11
Hepatitis A,2013,Area,Idaho,0.5,Case,8
Hepatitis A,2014,Area,Idaho,0.4,Case,7
Hepatitis A,2015,Area,Idaho,0.5,Case,9
Hepatitis A,2016,Area,Idaho,0.4,Case,7
Hepatitis A,2017,Area,Idaho,0.2,Case,4
Hepatitis A,2018,Area,Idaho,0.3,Case,5
Hepatitis A,2019,Area,Idaho,4.2,Case,75
Hepatitis A,2020,Area,Idaho,1.1,Case,21
Hepatitis A,2021,Area,Idaho,0.4,Case,8
Hepatitis A,2022,Area,Idaho,0.7,Case,14
Hepatitis A,2023,Area,Idaho,0.3,Case,5
Hepatitis A,2011,Area,Illinois,0.6,Case,73
Hepatitis A,2012,Area,Illinois,0.5,Case,67
Hepatitis A,2013,Area,Illinois,0.6,Case,79
Hepatitis A,2014,Area,Illinois,0.6,Case,82
Hepatitis A,2015,Area,Illinois,0.4,Case,57
Hepatitis A,2016,Area,Illinois,0.6,Case,71
Hepatitis A,2017,Area,Illinois,0.6,Case,73
Hepatitis A,2018,Area,Illinois,0.7,Case,93
Hepatitis A,2019,Area,Illinois,1.5,Case,185
Hepatitis A,2020,Area,Illinois,0.8,Case,97
Hepatitis A,2021,Area,Illinois,0.6,Case,78
Hepatitis A,2022,Area,Illinois,0.3,Case,41
Hepatitis A,2023,Area,Illinois,0.6,Case,75
Hepatitis A,2011,Area,Indiana,0.4,Case,24
Hepatitis A,2012,Area,Indiana,0.2,Case,11
Hepatitis A,2013,Area,Indiana,0.5,Case,32
Hepatitis A,2014,Area,Indiana,0.3,Case,20
Hepatitis A,2015,Area,Indiana,0.3,Case,19
Hepatitis A,2016,Area,Indiana,0.3,Case,18
Hepatitis A,2017,Area,Indiana,0.3,Case,21
Hepatitis A,2018,Area,Indiana,14.4,Case,964
Hepatitis A,2019,Area,Indiana,20.8,Case,NA
Hepatitis A,2020,Area,Indiana,2.9,Case,195
Hepatitis A,2021,Area,Indiana,1.4,Case,98
Hepatitis A,2022,Area,Indiana,0.4,Case,24
Hepatitis A,2023,Area,Indiana,0.2,Case,15
Hepatitis A,2011,Area,Iowa,0.3,Case,8
Hepatitis A,2012,Area,Iowa,0.2,Case,7
Hepatitis A,2013,Area,Iowa,0.6,Case,17
Hepatitis A,2014,Area,Iowa,0.4,Case,12
Hepatitis A,2015,Area,Iowa,0.5,Case,16
Hepatitis A,2016,Area,Iowa,0.5,Case,16
Hepatitis A,2017,Area,Iowa,0.3,Case,9
Hepatitis A,2018,Area,Iowa,0.3,Case,10
Hepatitis A,2019,Area,Iowa,0.3,Case,9
Hepatitis A,2020,Area,Iowa,0.2,Case,6
Hepatitis A,2021,Area,Iowa,0.3,Case,8
Hepatitis A,2022,Area,Iowa,0.2,Case,8
Hepatitis A,2023,Area,Iowa,0.4,Case,13
Hepatitis A,2011,Area,Kansas,0.1,Case,4
Hepatitis A,2012,Area,Kansas,0.5,Case,15
Hepatitis A,2013,Area,Kansas,0.4,Case,11
Hepatitis A,2014,Area,Kansas,0.2,Case,7
Hepatitis A,2015,Area,Kansas,0.2,Case,7
Hepatitis A,2016,Area,Kansas,0.2,Case,5
Hepatitis A,2017,Area,Kansas,0.2,Case,6
Hepatitis A,2018,Area,Kansas,0.5,Case,14
Hepatitis A,2019,Area,Kansas,0.3,Case,10
Hepatitis A,2020,Area,Kansas,10.9,Case,317
Hepatitis A,2021,Area,Kansas,8.6,Case,252
Hepatitis A,2022,Area,Kansas,1.9,Case,56
Hepatitis A,2023,Area,Kansas,2.8,Case,82
Hepatitis A,2011,Area,Kentucky,0.2,Case,10
Hepatitis A,2012,Area,Kentucky,0.6,Case,25
Hepatitis A,2013,Area,Kentucky,0.5,Case,24
Hepatitis A,2014,Area,Kentucky,0.4,Case,19
Hepatitis A,2015,Area,Kentucky,0.4,Case,16
Hepatitis A,2016,Area,Kentucky,0.2,Case,9
Hepatitis A,2017,Area,Kentucky,1.6,Case,71
Hepatitis A,2018,Area,Kentucky,79.7,Case,NA
Hepatitis A,2019,Area,Kentucky,29.5,Case,NA
Hepatitis A,2020,Area,Kentucky,1.3,Case,57
Hepatitis A,2021,Area,Kentucky,0.9,Case,42
Hepatitis A,2022,Area,Kentucky,0.2,Case,8
Hepatitis A,2023,Area,Kentucky,0.3,Case,15
Hepatitis A,2011,Area,Louisiana,0.1,Case,5
Hepatitis A,2012,Area,Louisiana,0.2,Case,7
Hepatitis A,2013,Area,Louisiana,0.3,Case,14
Hepatitis A,2014,Area,Louisiana,0.1,Case,5
Hepatitis A,2015,Area,Louisiana,0.1,Case,5
Hepatitis A,2016,Area,Louisiana,0.3,Case,12
Hepatitis A,2017,Area,Louisiana,0.2,Case,8
Hepatitis A,2018,Area,Louisiana,0.8,Case,37
Hepatitis A,2019,Area,Louisiana,14.8,Case,687
Hepatitis A,2020,Area,Louisiana,17,Case,790
Hepatitis A,2021,Area,Louisiana,4.5,Case,208
Hepatitis A,2022,Area,Louisiana,0.7,Case,31
Hepatitis A,2023,Area,Louisiana,0.3,Case,12
Hepatitis A,2011,Area,Maine,0.5,Case,6
Hepatitis A,2012,Area,Maine,0.7,Case,9
Hepatitis A,2013,Area,Maine,0.8,Case,10
Hepatitis A,2014,Area,Maine,0.6,Case,8
Hepatitis A,2015,Area,Maine,0.6,Case,8
Hepatitis A,2016,Area,Maine,0.6,Case,8
Hepatitis A,2017,Area,Maine,0.5,Case,7
Hepatitis A,2018,Area,Maine,0.7,Case,9
Hepatitis A,2019,Area,Maine,3.3,Case,45
Hepatitis A,2020,Area,Maine,10.7,Case,145
Hepatitis A,2021,Area,Maine,3.6,Case,50
Hepatitis A,2022,Area,Maine,4.6,Case,64
Hepatitis A,2023,Area,Maine,4.3,Case,60
Hepatitis A,2011,Area,Maryland,0.4,Case,26
Hepatitis A,2012,Area,Maryland,0.5,Case,28
Hepatitis A,2013,Area,Maryland,0.5,Case,29
Hepatitis A,2014,Area,Maryland,0.5,Case,27
Hepatitis A,2015,Area,Maryland,0.3,Case,19
Hepatitis A,2016,Area,Maryland,0.6,Case,37
Hepatitis A,2017,Area,Maryland,0.5,Case,29
Hepatitis A,2018,Area,Maryland,0.9,Case,52
Hepatitis A,2019,Area,Maryland,1.5,Case,88
Hepatitis A,2020,Area,Maryland,6,Case,366
Hepatitis A,2021,Area,Maryland,1.1,Case,65
Hepatitis A,2022,Area,Maryland,0.5,Case,29
Hepatitis A,2023,Area,Maryland,0.3,Case,17
Hepatitis A,2011,Area,Massachusetts,0.6,Case,39
Hepatitis A,2012,Area,Massachusetts,0.6,Case,40
Hepatitis A,2013,Area,Massachusetts,0.6,Case,43
Hepatitis A,2014,Area,Massachusetts,0.6,Case,43
Hepatitis A,2015,Area,Massachusetts,0.5,Case,34
Hepatitis A,2016,Area,Massachusetts,0.9,Case,64
Hepatitis A,2017,Area,Massachusetts,0.8,Case,52
Hepatitis A,2018,Area,Massachusetts,5.3,Case,364
Hepatitis A,2019,Area,Massachusetts,3,Case,204
Hepatitis A,2020,Area,Massachusetts,0.5,Case,32
Hepatitis A,2021,Area,Massachusetts,0.3,Case,19
Hepatitis A,2022,Area,Massachusetts,0.4,Case,27
Hepatitis A,2023,Area,Massachusetts,0.6,Case,41
Hepatitis A,2011,Area,Michigan,0.7,Case,70
Hepatitis A,2012,Area,Michigan,1,Case,100
Hepatitis A,2013,Area,Michigan,0.8,Case,83
Hepatitis A,2014,Area,Michigan,0.5,Case,45
Hepatitis A,2015,Area,Michigan,0.5,Case,51
Hepatitis A,2016,Area,Michigan,1.1,Case,112
Hepatitis A,2017,Area,Michigan,6.7,Case,670
Hepatitis A,2018,Area,Michigan,3,Case,299
Hepatitis A,2019,Area,Michigan,0.7,Case,70
Hepatitis A,2020,Area,Michigan,0.2,Case,21
Hepatitis A,2021,Area,Michigan,0.3,Case,26
Hepatitis A,2022,Area,Michigan,0.2,Case,22
Hepatitis A,2023,Area,Michigan,0.2,Case,21
Hepatitis A,2011,Area,Minnesota,0.5,Case,27
Hepatitis A,2012,Area,Minnesota,0.5,Case,29
Hepatitis A,2013,Area,Minnesota,0.6,Case,32
Hepatitis A,2014,Area,Minnesota,0.3,Case,19
Hepatitis A,2015,Area,Minnesota,0.4,Case,21
Hepatitis A,2016,Area,Minnesota,0.3,Case,15
Hepatitis A,2017,Area,Minnesota,0.5,Case,30
Hepatitis A,2018,Area,Minnesota,0.3,Case,16
Hepatitis A,2019,Area,Minnesota,1.3,Case,76
Hepatitis A,2020,Area,Minnesota,1.2,Case,70
Hepatitis A,2021,Area,Minnesota,0.2,Case,12
Hepatitis A,2022,Area,Minnesota,0.3,Case,15
Hepatitis A,2023,Area,Minnesota,0.3,Case,19
Hepatitis A,2011,Area,Mississippi,0.2,Case,7
Hepatitis A,2012,Area,Mississippi,0.4,Case,11
Hepatitis A,2013,Area,Mississippi,0.2,Case,5
Hepatitis A,2014,Area,Mississippi,0.1,Case,3
Hepatitis A,2015,Area,Mississippi,0.1,Case,2
Hepatitis A,2016,Area,Mississippi,0.1,Case,2
Hepatitis A,2017,Area,Mississippi,0.1,Case,3
Hepatitis A,2018,Area,Mississippi,0.4,Case,13
Hepatitis A,2019,Area,Mississippi,4.3,Case,128
Hepatitis A,2020,Area,Mississippi,12,Case,357
Hepatitis A,2021,Area,Mississippi,10,Case,295
Hepatitis A,2022,Area,Mississippi,4.6,Case,136
Hepatitis A,2023,Area,Mississippi,1.4,Case,41
Hepatitis A,2011,Area,Missouri,0.2,Case,13
Hepatitis A,2012,Area,Missouri,0.3,Case,20
Hepatitis A,2013,Area,Missouri,0.1,Case,8
Hepatitis A,2014,Area,Missouri,0.3,Case,20
Hepatitis A,2015,Area,Missouri,0.1,Case,9
Hepatitis A,2016,Area,Missouri,0.3,Case,16
Hepatitis A,2017,Area,Missouri,0.4,Case,27
Hepatitis A,2018,Area,Missouri,4,Case,243
Hepatitis A,2019,Area,Missouri,5.8,Case,359
Hepatitis A,2020,Area,Missouri,5.7,Case,350
Hepatitis A,2021,Area,Missouri,3.9,Case,239
Hepatitis A,2022,Area,Missouri,2,Case,124
Hepatitis A,2023,Area,Missouri,0.3,Case,17
Hepatitis A,2011,Area,Montana,0.3,Case,3
Hepatitis A,2012,Area,Montana,0.6,Case,6
Hepatitis A,2013,Area,Montana,0.6,Case,6
Hepatitis A,2014,Area,Montana,0.5,Case,5
Hepatitis A,2015,Area,Montana,0.2,Case,2
Hepatitis A,2016,Area,Montana,0.3,Case,3
Hepatitis A,2017,Area,Montana,0.3,Case,3
Hepatitis A,2018,Area,Montana,NA,Case,NA
Hepatitis A,2019,Area,Montana,1.4,Case,15
Hepatitis A,2020,Area,Montana,0.7,Case,8
Hepatitis A,2021,Area,Montana,0.3,Case,3
Hepatitis A,2022,Area,Montana,0.4,Case,5
Hepatitis A,2023,Area,Montana,0.2,Case,2
Hepatitis A,2011,Area,Nebraska,0.3,Case,5
Hepatitis A,2012,Area,Nebraska,0.9,Case,16
Hepatitis A,2013,Area,Nebraska,0.7,Case,13
Hepatitis A,2014,Area,Nebraska,0.5,Case,9
Hepatitis A,2015,Area,Nebraska,0.3,Case,6
Hepatitis A,2016,Area,Nebraska,1.1,Case,21
Hepatitis A,2017,Area,Nebraska,0.2,Case,4
Hepatitis A,2018,Area,Nebraska,0.3,Case,6
Hepatitis A,2019,Area,Nebraska,0.8,Case,15
Hepatitis A,2020,Area,Nebraska,0.3,Case,6
Hepatitis A,2021,Area,Nebraska,0.2,Case,3
Hepatitis A,2022,Area,Nebraska,0.9,Case,18
Hepatitis A,2023,Area,Nebraska,1,Case,19
Hepatitis A,2011,Area,Nevada,0.2,Case,5
Hepatitis A,2012,Area,Nevada,0.4,Case,10
Hepatitis A,2013,Area,Nevada,0.7,Case,19
Hepatitis A,2014,Area,Nevada,0.2,Case,5
Hepatitis A,2015,Area,Nevada,0.4,Case,11
Hepatitis A,2016,Area,Nevada,0.5,Case,14
Hepatitis A,2017,Area,Nevada,0.6,Case,19
Hepatitis A,2018,Area,Nevada,1.4,Case,41
Hepatitis A,2019,Area,Nevada,3.3,Case,102
Hepatitis A,2020,Area,Nevada,0.6,Case,20
Hepatitis A,2021,Area,Nevada,0.1,Case,3
Hepatitis A,2022,Area,Nevada,0.5,Case,15
Hepatitis A,2023,Area,Nevada,0.4,Case,14
Hepatitis A,2011,Area,New Hampshire,NA,Case,NA
Hepatitis A,2012,Area,New Hampshire,0.5,Case,6
Hepatitis A,2013,Area,New Hampshire,0.7,Case,9
Hepatitis A,2014,Area,New Hampshire,0.4,Case,5
Hepatitis A,2015,Area,New Hampshire,0.2,Case,2
Hepatitis A,2016,Area,New Hampshire,0.6,Case,8
Hepatitis A,2017,Area,New Hampshire,0.5,Case,7
Hepatitis A,2018,Area,New Hampshire,0.9,Case,12
Hepatitis A,2019,Area,New Hampshire,22.7,Case,309
Hepatitis A,2020,Area,New Hampshire,2,Case,27
Hepatitis A,2021,Area,New Hampshire,0.4,Case,5
Hepatitis A,2022,Area,New Hampshire,0.2,Case,3
Hepatitis A,2023,Area,New Hampshire,0.1,Case,1
Hepatitis A,2011,Area,New Jersey,0.9,Case,79
Hepatitis A,2012,Area,New Jersey,0.7,Case,60
Hepatitis A,2013,Area,New Jersey,0.8,Case,68
Hepatitis A,2014,Area,New Jersey,0.7,Case,59
Hepatitis A,2015,Area,New Jersey,0.7,Case,59
Hepatitis A,2016,Area,New Jersey,0.8,Case,74
Hepatitis A,2017,Area,New Jersey,0.8,Case,71
Hepatitis A,2018,Area,New Jersey,0.8,Case,70
Hepatitis A,2019,Area,New Jersey,6.9,Case,610
Hepatitis A,2020,Area,New Jersey,1.7,Case,155
Hepatitis A,2021,Area,New Jersey,1.3,Case,124
Hepatitis A,2022,Area,New Jersey,0.5,Case,42
Hepatitis A,2023,Area,New Jersey,0.8,Case,78
Hepatitis A,2011,Area,New Mexico,0.3,Case,7
Hepatitis A,2012,Area,New Mexico,0.5,Case,10
Hepatitis A,2013,Area,New Mexico,1,Case,20
Hepatitis A,2014,Area,New Mexico,0.4,Case,8
Hepatitis A,2015,Area,New Mexico,0.3,Case,6
Hepatitis A,2016,Area,New Mexico,0.2,Case,4
Hepatitis A,2017,Area,New Mexico,0.2,Case,4
Hepatitis A,2018,Area,New Mexico,1.1,Case,23
Hepatitis A,2019,Area,New Mexico,5,Case,104
Hepatitis A,2020,Area,New Mexico,0.3,Case,6
Hepatitis A,2021,Area,New Mexico,0.3,Case,7
Hepatitis A,2022,Area,New Mexico,0.3,Case,7
Hepatitis A,2023,Area,New Mexico,0.3,Case,7
Hepatitis A,2011,Area,New York,0.6,Case,113
Hepatitis A,2012,Area,New York,0.6,Case,111
Hepatitis A,2013,Area,New York,0.8,Case,167
Hepatitis A,2014,Area,New York,0.4,Case,84
Hepatitis A,2015,Area,New York,0.6,Case,123
Hepatitis A,2016,Area,New York,0.5,Case,99
Hepatitis A,2017,Area,New York,1.1,Case,218
Hepatitis A,2018,Area,New York,0.8,Case,165
Hepatitis A,2019,Area,New York,2,Case,391
Hepatitis A,2020,Area,New York,1.3,Case,257
Hepatitis A,2021,Area,New York,1,Case,194
Hepatitis A,2022,Area,New York,0.4,Case,83
Hepatitis A,2023,Area,New York,0.5,Case,91
Hepatitis A,2011,Area,North Carolina,0.3,Case,31
Hepatitis A,2012,Area,North Carolina,0.3,Case,34
Hepatitis A,2013,Area,North Carolina,0.5,Case,46
Hepatitis A,2014,Area,North Carolina,0.4,Case,38
Hepatitis A,2015,Area,North Carolina,0.4,Case,45
Hepatitis A,2016,Area,North Carolina,0.5,Case,52
Hepatitis A,2017,Area,North Carolina,0.3,Case,29
Hepatitis A,2018,Area,North Carolina,1,Case,103
Hepatitis A,2019,Area,North Carolina,1.5,Case,154
Hepatitis A,2020,Area,North Carolina,4.8,Case,509
Hepatitis A,2021,Area,North Carolina,8.9,Case,940
Hepatitis A,2022,Area,North Carolina,1,Case,104
Hepatitis A,2023,Area,North Carolina,0.2,Case,26
Hepatitis A,2011,Area,North Dakota,NA,Case,NA
Hepatitis A,2012,Area,North Dakota,0.3,Case,2
Hepatitis A,2013,Area,North Dakota,1.2,Case,9
Hepatitis A,2014,Area,North Dakota,1.2,Case,9
Hepatitis A,2015,Area,North Dakota,0.7,Case,5
Hepatitis A,2016,Area,North Dakota,0.3,Case,2
Hepatitis A,2017,Area,North Dakota,NA,Case,NA
Hepatitis A,2018,Area,North Dakota,NA,Case,NA
Hepatitis A,2019,Area,North Dakota,0.5,Case,4
Hepatitis A,2020,Area,North Dakota,0.1,Case,1
Hepatitis A,2021,Area,North Dakota,0.3,Case,2
Hepatitis A,2022,Area,North Dakota,0.3,Case,2
Hepatitis A,2023,Area,North Dakota,0.1,Case,1
Hepatitis A,2011,Area,Ohio,0.3,Case,39
Hepatitis A,2012,Area,Ohio,0.3,Case,36
Hepatitis A,2013,Area,Ohio,0.5,Case,59
Hepatitis A,2014,Area,Ohio,0.3,Case,32
Hepatitis A,2015,Area,Ohio,0.3,Case,36
Hepatitis A,2016,Area,Ohio,0.3,Case,36
Hepatitis A,2017,Area,Ohio,0.4,Case,45
Hepatitis A,2018,Area,Ohio,14.4,Case,NA
Hepatitis A,2019,Area,Ohio,15.4,Case,NA
Hepatitis A,2020,Area,Ohio,2.4,Case,276
Hepatitis A,2021,Area,Ohio,0.5,Case,54
Hepatitis A,2022,Area,Ohio,0.2,Case,19
Hepatitis A,2023,Area,Ohio,0.2,Case,26
Hepatitis A,2011,Area,Oklahoma,0.3,Case,11
Hepatitis A,2012,Area,Oklahoma,0.3,Case,12
Hepatitis A,2013,Area,Oklahoma,0.4,Case,14
Hepatitis A,2014,Area,Oklahoma,0.4,Case,17
Hepatitis A,2015,Area,Oklahoma,0.3,Case,11
Hepatitis A,2016,Area,Oklahoma,0.3,Case,11
Hepatitis A,2017,Area,Oklahoma,0.2,Case,9
Hepatitis A,2018,Area,Oklahoma,0.1,Case,5
Hepatitis A,2019,Area,Oklahoma,0.3,Case,13
Hepatitis A,2020,Area,Oklahoma,0.4,Case,15
Hepatitis A,2021,Area,Oklahoma,0.4,Case,17
Hepatitis A,2022,Area,Oklahoma,0.1,Case,4
Hepatitis A,2023,Area,Oklahoma,0.1,Case,5
Hepatitis A,2011,Area,Oregon,0.3,Case,11
Hepatitis A,2012,Area,Oregon,0.2,Case,9
Hepatitis A,2013,Area,Oregon,0.7,Case,29
Hepatitis A,2014,Area,Oregon,0.3,Case,13
Hepatitis A,2015,Area,Oregon,0.7,Case,28
Hepatitis A,2016,Area,Oregon,0.4,Case,15
Hepatitis A,2017,Area,Oregon,0.5,Case,20
Hepatitis A,2018,Area,Oregon,0.5,Case,23
Hepatitis A,2019,Area,Oregon,0.6,Case,27
Hepatitis A,2020,Area,Oregon,0.7,Case,28
Hepatitis A,2021,Area,Oregon,0.3,Case,14
Hepatitis A,2022,Area,Oregon,0.3,Case,14
Hepatitis A,2023,Area,Oregon,0.3,Case,12
Hepatitis A,2011,Area,Pennsylvania,0.5,Case,60
Hepatitis A,2012,Area,Pennsylvania,0.5,Case,62
Hepatitis A,2013,Area,Pennsylvania,0.4,Case,53
Hepatitis A,2014,Area,Pennsylvania,0.4,Case,48
Hepatitis A,2015,Area,Pennsylvania,0.3,Case,43
Hepatitis A,2016,Area,Pennsylvania,0.5,Case,62
Hepatitis A,2017,Area,Pennsylvania,0.5,Case,69
Hepatitis A,2018,Area,Pennsylvania,0.8,Case,99
Hepatitis A,2019,Area,Pennsylvania,5.4,Case,696
Hepatitis A,2020,Area,Pennsylvania,1,Case,124
Hepatitis A,2021,Area,Pennsylvania,2,Case,254
Hepatitis A,2022,Area,Pennsylvania,0.7,Case,94
Hepatitis A,2023,Area,Pennsylvania,1,Case,130
Hepatitis A,2011,Area,Rhode Island,0.8,Case,8
Hepatitis A,2012,Area,Rhode Island,0.3,Case,3
Hepatitis A,2013,Area,Rhode Island,0.4,Case,4
Hepatitis A,2014,Area,Rhode Island,0.8,Case,8
Hepatitis A,2015,Area,Rhode Island,0.4,Case,4
Hepatitis A,2016,Area,Rhode Island,0.4,Case,4
Hepatitis A,2017,Area,Rhode Island,0.6,Case,6
Hepatitis A,2018,Area,Rhode Island,0.7,Case,7
Hepatitis A,2019,Area,Rhode Island,0.6,Case,6
Hepatitis A,2020,Area,Rhode Island,0.4,Case,4
Hepatitis A,2021,Area,Rhode Island,0.1,Case,1
Hepatitis A,2022,Area,Rhode Island,0.4,Case,4
Hepatitis A,2023,Area,Rhode Island,0.4,Case,4
Hepatitis A,2011,Area,South Carolina,0.2,Case,11
Hepatitis A,2012,Area,South Carolina,0.1,Case,6
Hepatitis A,2013,Area,South Carolina,0.3,Case,14
Hepatitis A,2014,Area,South Carolina,0.1,Case,6
Hepatitis A,2015,Area,South Carolina,0.3,Case,16
Hepatitis A,2016,Area,South Carolina,0.4,Case,21
Hepatitis A,2017,Area,South Carolina,0.4,Case,21
Hepatitis A,2018,Area,South Carolina,0.6,Case,30
Hepatitis A,2019,Area,South Carolina,12.9,Case,662
Hepatitis A,2020,Area,South Carolina,22.9,Case,NA
Hepatitis A,2021,Area,South Carolina,6.5,Case,335
Hepatitis A,2022,Area,South Carolina,0.5,Case,28
Hepatitis A,2023,Area,South Carolina,0.2,Case,10
Hepatitis A,2011,Area,South Dakota,0.2,Case,2
Hepatitis A,2012,Area,South Dakota,NA,Case,NA
Hepatitis A,2013,Area,South Dakota,0.5,Case,4
Hepatitis A,2014,Area,South Dakota,0.4,Case,3
Hepatitis A,2015,Area,South Dakota,0.2,Case,2
Hepatitis A,2016,Area,South Dakota,0.1,Case,1
Hepatitis A,2017,Area,South Dakota,0.1,Case,1
Hepatitis A,2018,Area,South Dakota,0.1,Case,1
Hepatitis A,2019,Area,South Dakota,0.9,Case,8
Hepatitis A,2020,Area,South Dakota,0.1,Case,1
Hepatitis A,2021,Area,South Dakota,0.1,Case,1
Hepatitis A,2022,Area,South Dakota,0.2,Case,2
Hepatitis A,2023,Area,South Dakota,0.4,Case,4
Hepatitis A,2011,Area,Tennessee,0.4,Case,23
Hepatitis A,2012,Area,Tennessee,0.4,Case,23
Hepatitis A,2013,Area,Tennessee,0.3,Case,20
Hepatitis A,2014,Area,Tennessee,0.2,Case,12
Hepatitis A,2015,Area,Tennessee,0.2,Case,14
Hepatitis A,2016,Area,Tennessee,0.1,Case,7
Hepatitis A,2017,Area,Tennessee,0.1,Case,6
Hepatitis A,2018,Area,Tennessee,9.7,Case,654
Hepatitis A,2019,Area,Tennessee,31.6,Case,NA
Hepatitis A,2020,Area,Tennessee,3.8,Case,264
Hepatitis A,2021,Area,Tennessee,0.6,Case,40
Hepatitis A,2022,Area,Tennessee,0.4,Case,25
Hepatitis A,2023,Area,Tennessee,0.3,Case,19
Hepatitis A,2011,Area,Texas,0.5,Case,138
Hepatitis A,2012,Area,Texas,0.5,Case,134
Hepatitis A,2013,Area,Texas,0.4,Case,109
Hepatitis A,2014,Area,Texas,0.5,Case,124
Hepatitis A,2015,Area,Texas,0.5,Case,147
Hepatitis A,2016,Area,Texas,0.5,Case,139
Hepatitis A,2017,Area,Texas,0.5,Case,129
Hepatitis A,2018,Area,Texas,0.3,Case,88
Hepatitis A,2019,Area,Texas,0.5,Case,159
Hepatitis A,2020,Area,Texas,0.8,Case,223
Hepatitis A,2021,Area,Texas,1.5,Case,432
Hepatitis A,2022,Area,Texas,0.4,Case,132
Hepatitis A,2023,Area,Texas,0.6,Case,178
Hepatitis A,2011,Area,Utah,0.3,Case,8
Hepatitis A,2012,Area,Utah,0.1,Case,4
Hepatitis A,2013,Area,Utah,0.4,Case,12
Hepatitis A,2014,Area,Utah,0.3,Case,8
Hepatitis A,2015,Area,Utah,0.3,Case,8
Hepatitis A,2016,Area,Utah,0.4,Case,12
Hepatitis A,2017,Area,Utah,5.1,Case,159
Hepatitis A,2018,Area,Utah,4.3,Case,135
Hepatitis A,2019,Area,Utah,0.6,Case,20
Hepatitis A,2020,Area,Utah,0.4,Case,12
Hepatitis A,2021,Area,Utah,0.4,Case,13
Hepatitis A,2022,Area,Utah,0.3,Case,9
Hepatitis A,2023,Area,Utah,0.2,Case,7
Hepatitis A,2011,Area,Vermont,1,Case,6
Hepatitis A,2012,Area,Vermont,0.3,Case,2
Hepatitis A,2013,Area,Vermont,1.1,Case,7
Hepatitis A,2014,Area,Vermont,0.2,Case,1
Hepatitis A,2015,Area,Vermont,0.5,Case,3
Hepatitis A,2016,Area,Vermont,0.8,Case,5
Hepatitis A,2017,Area,Vermont,0.3,Case,2
Hepatitis A,2018,Area,Vermont,0.5,Case,3
Hepatitis A,2019,Area,Vermont,1.9,Case,12
Hepatitis A,2020,Area,Vermont,2.9,Case,18
Hepatitis A,2021,Area,Vermont,1.2,Case,8
Hepatitis A,2022,Area,Vermont,0.2,Case,1
Hepatitis A,2023,Area,Vermont,0.2,Case,1
Hepatitis A,2011,Area,Virginia,0.4,Case,30
Hepatitis A,2012,Area,Virginia,0.6,Case,49
Hepatitis A,2013,Area,Virginia,0.4,Case,36
Hepatitis A,2014,Area,Virginia,0.3,Case,27
Hepatitis A,2015,Area,Virginia,0.6,Case,50
Hepatitis A,2016,Area,Virginia,2.3,Case,190
Hepatitis A,2017,Area,Virginia,0.5,Case,46
Hepatitis A,2018,Area,Virginia,1,Case,82
Hepatitis A,2019,Area,Virginia,3.6,Case,309
Hepatitis A,2020,Area,Virginia,2.5,Case,214
Hepatitis A,2021,Area,Virginia,2,Case,171
Hepatitis A,2022,Area,Virginia,1.8,Case,158
Hepatitis A,2023,Area,Virginia,0.4,Case,34
Hepatitis A,2011,Area,Washington,0.5,Case,31
Hepatitis A,2012,Area,Washington,0.4,Case,29
Hepatitis A,2013,Area,Washington,0.6,Case,45
Hepatitis A,2014,Area,Washington,0.4,Case,26
Hepatitis A,2015,Area,Washington,0.4,Case,26
Hepatitis A,2016,Area,Washington,0.4,Case,31
Hepatitis A,2017,Area,Washington,0.4,Case,28
Hepatitis A,2018,Area,Washington,0.5,Case,35
Hepatitis A,2019,Area,Washington,2.4,Case,181
Hepatitis A,2020,Area,Washington,3.7,Case,284
Hepatitis A,2021,Area,Washington,0.2,Case,18
Hepatitis A,2022,Area,Washington,0.4,Case,28
Hepatitis A,2023,Area,Washington,0.4,Case,29
Hepatitis A,2011,Area,West Virginia,0.4,Case,8
Hepatitis A,2012,Area,West Virginia,0.4,Case,8
Hepatitis A,2013,Area,West Virginia,0.2,Case,4
Hepatitis A,2014,Area,West Virginia,0.6,Case,12
Hepatitis A,2015,Area,West Virginia,0.4,Case,8
Hepatitis A,2016,Area,West Virginia,0.8,Case,15
Hepatitis A,2017,Area,West Virginia,0.3,Case,6
Hepatitis A,2018,Area,West Virginia,124.4,Case,NA
Hepatitis A,2019,Area,West Virginia,26.1,Case,467
Hepatitis A,2020,Area,West Virginia,5.4,Case,97
Hepatitis A,2021,Area,West Virginia,2.4,Case,43
Hepatitis A,2022,Area,West Virginia,0.2,Case,3
Hepatitis A,2023,Area,West Virginia,0.3,Case,5
Hepatitis A,2011,Area,Wisconsin,0.1,Case,8
Hepatitis A,2012,Area,Wisconsin,0.4,Case,21
Hepatitis A,2013,Area,Wisconsin,0.6,Case,37
Hepatitis A,2014,Area,Wisconsin,0.1,Case,7
Hepatitis A,2015,Area,Wisconsin,0.2,Case,9
Hepatitis A,2016,Area,Wisconsin,0.1,Case,7
Hepatitis A,2017,Area,Wisconsin,0.3,Case,16
Hepatitis A,2018,Area,Wisconsin,0.3,Case,15
Hepatitis A,2019,Area,Wisconsin,0.5,Case,31
Hepatitis A,2020,Area,Wisconsin,0.2,Case,12
Hepatitis A,2021,Area,Wisconsin,0.4,Case,25
Hepatitis A,2022,Area,Wisconsin,0.4,Case,26
Hepatitis A,2023,Area,Wisconsin,0.3,Case,19
Hepatitis A,2011,Area,Wyoming,0.4,Case,2
Hepatitis A,2012,Area,Wyoming,0.2,Case,1
Hepatitis A,2013,Area,Wyoming,NA,Case,NA
Hepatitis A,2014,Area,Wyoming,0.2,Case,1
Hepatitis A,2015,Area,Wyoming,0.5,Case,3
Hepatitis A,2016,Area,Wyoming,NA,Case,NA
Hepatitis A,2017,Area,Wyoming,3.1,Case,18
Hepatitis A,2018,Area,Wyoming,0.9,Case,5
Hepatitis A,2019,Area,Wyoming,2.1,Case,12
Hepatitis A,2020,Area,Wyoming,0.5,Case,3
Hepatitis A,2021,Area,Wyoming,0.2,Case,1
Hepatitis A,2022,Area,Wyoming,0.3,Case,2
Hepatitis A,2023,Area,Wyoming,0.3,Case,2
Acute Hepatitis B,2011,Area,Total,0.9,Case,2903
Acute Hepatitis B,2012,Area,Total,0.9,Case,2895
Acute Hepatitis B,2013,Area,Total,1,Case,3050
Acute Hepatitis B,2014,Area,Total,0.9,Case,2791
Acute Hepatitis B,2015,Area,Total,1.1,Case,3370
Acute Hepatitis B,2016,Area,Total,1,Case,3218
Acute Hepatitis B,2017,Area,Total,1.1,Case,3409
Acute Hepatitis B,2018,Area,Total,1,Case,3322
Acute Hepatitis B,2019,Area,Total,1,Case,3192
Acute Hepatitis B,2020,Area,Total,0.7,Case,2157
Acute Hepatitis B,2021,Area,Total,0.6,Case,2045
Acute Hepatitis B,2022,Area,Total,0.6,Case,2126
Acute Hepatitis B,2023,Area,Total,0.7,Case,2214
Acute Hepatitis B,2011,Area,Alabama,2.5,Case,119
Acute Hepatitis B,2012,Area,Alabama,1.6,Case,79
Acute Hepatitis B,2013,Area,Alabama,1.9,Case,90
Acute Hepatitis B,2014,Area,Alabama,2.4,Case,117
Acute Hepatitis B,2015,Area,Alabama,2.1,Case,101
Acute Hepatitis B,2016,Area,Alabama,1.2,Case,59
Acute Hepatitis B,2017,Area,Alabama,1.7,Case,82
Acute Hepatitis B,2018,Area,Alabama,1,Case,48
Acute Hepatitis B,2019,Area,Alabama,1.5,Case,75
Acute Hepatitis B,2020,Area,Alabama,1.2,Case,61
Acute Hepatitis B,2021,Area,Alabama,1.4,Case,69
Acute Hepatitis B,2022,Area,Alabama,1.2,Case,59
Acute Hepatitis B,2023,Area,Alabama,1.2,Case,63
Acute Hepatitis B,2011,Area,Alaska,0.4,Case,3
Acute Hepatitis B,2012,Area,Alaska,0.1,Case,1
Acute Hepatitis B,2013,Area,Alaska,0.1,Case,1
Acute Hepatitis B,2014,Area,Alaska,0.4,Case,3
Acute Hepatitis B,2015,Area,Alaska,0.4,Case,3
Acute Hepatitis B,2016,Area,Alaska,0.8,Case,6
Acute Hepatitis B,2017,Area,Alaska,1.2,Case,9
Acute Hepatitis B,2018,Area,Alaska,0.9,Case,7
Acute Hepatitis B,2019,Area,Alaska,0.8,Case,6
Acute Hepatitis B,2020,Area,Alaska,0.5,Case,4
Acute Hepatitis B,2021,Area,Alaska,0.3,Case,2
Acute Hepatitis B,2022,Area,Alaska,0.1,Case,1
Acute Hepatitis B,2023,Area,Alaska,0.4,Case,3
Acute Hepatitis B,2011,Area,Arizona,0.2,Case,14
Acute Hepatitis B,2012,Area,Arizona,0.2,Case,14
Acute Hepatitis B,2013,Area,Arizona,0.4,Case,28
Acute Hepatitis B,2014,Area,Arizona,0.5,Case,31
Acute Hepatitis B,2015,Area,Arizona,0.4,Case,25
Acute Hepatitis B,2016,Area,Arizona,0.2,Case,14
Acute Hepatitis B,2017,Area,Arizona,0.4,Case,26
Acute Hepatitis B,2018,Area,Arizona,0.3,Case,23
Acute Hepatitis B,2019,Area,Arizona,0.4,Case,28
Acute Hepatitis B,2020,Area,Arizona,0.2,Case,18
Acute Hepatitis B,2021,Area,Arizona,0.2,Case,18
Acute Hepatitis B,2022,Area,Arizona,0.3,Case,25
Acute Hepatitis B,2023,Area,Arizona,0.3,Case,20
Acute Hepatitis B,2011,Area,Arkansas,1.9,Case,57
Acute Hepatitis B,2012,Area,Arkansas,2.5,Case,74
Acute Hepatitis B,2013,Area,Arkansas,1.7,Case,50
Acute Hepatitis B,2014,Area,Arkansas,0.9,Case,28
Acute Hepatitis B,2015,Area,Arkansas,1.2,Case,36
Acute Hepatitis B,2016,Area,Arkansas,1.6,Case,49
Acute Hepatitis B,2017,Area,Arkansas,1.5,Case,46
Acute Hepatitis B,2018,Area,Arkansas,1.6,Case,47
Acute Hepatitis B,2019,Area,Arkansas,1.3,Case,39
Acute Hepatitis B,2020,Area,Arkansas,1.2,Case,36
Acute Hepatitis B,2021,Area,Arkansas,0.8,Case,25
Acute Hepatitis B,2022,Area,Arkansas,1,Case,31
Acute Hepatitis B,2023,Area,Arkansas,0.5,Case,16
Acute Hepatitis B,2011,Area,California,0.4,Case,157
Acute Hepatitis B,2012,Area,California,0.4,Case,136
Acute Hepatitis B,2013,Area,California,0.4,Case,138
Acute Hepatitis B,2014,Area,California,0.3,Case,110
Acute Hepatitis B,2015,Area,California,0.4,Case,160
Acute Hepatitis B,2016,Area,California,0.3,Case,115
Acute Hepatitis B,2017,Area,California,0.3,Case,126
Acute Hepatitis B,2018,Area,California,0.3,Case,105
Acute Hepatitis B,2019,Area,California,0.3,Case,111
Acute Hepatitis B,2020,Area,California,0.1,Case,53
Acute Hepatitis B,2021,Area,California,0.2,Case,62
Acute Hepatitis B,2022,Area,California,0.2,Case,70
Acute Hepatitis B,2023,Area,California,0.2,Case,94
Acute Hepatitis B,2011,Area,Colorado,0.4,Case,23
Acute Hepatitis B,2012,Area,Colorado,0.5,Case,24
Acute Hepatitis B,2013,Area,Colorado,0.5,Case,24
Acute Hepatitis B,2014,Area,Colorado,0.5,Case,29
Acute Hepatitis B,2015,Area,Colorado,0.5,Case,28
Acute Hepatitis B,2016,Area,Colorado,0.5,Case,28
Acute Hepatitis B,2017,Area,Colorado,0.6,Case,32
Acute Hepatitis B,2018,Area,Colorado,0.4,Case,21
Acute Hepatitis B,2019,Area,Colorado,0.3,Case,17
Acute Hepatitis B,2020,Area,Colorado,0.2,Case,13
Acute Hepatitis B,2021,Area,Colorado,0,Case,1
Acute Hepatitis B,2022,Area,Colorado,0.3,Case,19
Acute Hepatitis B,2023,Area,Colorado,0.2,Case,12
Acute Hepatitis B,2011,Area,Connecticut,0.5,Case,19
Acute Hepatitis B,2012,Area,Connecticut,0.4,Case,15
Acute Hepatitis B,2013,Area,Connecticut,0.2,Case,8
Acute Hepatitis B,2014,Area,Connecticut,0.3,Case,9
Acute Hepatitis B,2015,Area,Connecticut,0.2,Case,6
Acute Hepatitis B,2016,Area,Connecticut,0.2,Case,7
Acute Hepatitis B,2017,Area,Connecticut,0.3,Case,10
Acute Hepatitis B,2018,Area,Connecticut,0.3,Case,10
Acute Hepatitis B,2019,Area,Connecticut,0.1,Case,3
Acute Hepatitis B,2020,Area,Connecticut,NA,Case,NA
Acute Hepatitis B,2021,Area,Connecticut,NA,Case,NA
Acute Hepatitis B,2022,Area,Connecticut,NA,Case,NA
Acute Hepatitis B,2023,Area,Connecticut,0,Case,1
Acute Hepatitis B,2011,Area,Delaware,1.4,Case,13
Acute Hepatitis B,2012,Area,Delaware,1.2,Case,11
Acute Hepatitis B,2013,Area,Delaware,1.5,Case,14
Acute Hepatitis B,2014,Area,Delaware,0.9,Case,8
Acute Hepatitis B,2015,Area,Delaware,0.8,Case,8
Acute Hepatitis B,2016,Area,Delaware,0.3,Case,3
Acute Hepatitis B,2017,Area,Delaware,0.9,Case,9
Acute Hepatitis B,2018,Area,Delaware,0.7,Case,7
Acute Hepatitis B,2019,Area,Delaware,1.2,Case,12
Acute Hepatitis B,2020,Area,Delaware,0.7,Case,7
Acute Hepatitis B,2021,Area,Delaware,0.5,Case,5
Acute Hepatitis B,2022,Area,Delaware,0.6,Case,6
Acute Hepatitis B,2023,Area,Delaware,1,Case,10
Acute Hepatitis B,2011,Area,District of Columbia,NA,Case,NA
Acute Hepatitis B,2012,Area,District of Columbia,NA,Case,NA
Acute Hepatitis B,2013,Area,District of Columbia,NA,Case,NA
Acute Hepatitis B,2014,Area,District of Columbia,NA,Case,NA
Acute Hepatitis B,2015,Area,District of Columbia,NA,Case,NA
Acute Hepatitis B,2016,Area,District of Columbia,NA,Case,NA
Acute Hepatitis B,2017,Area,District of Columbia,NA,Case,NA
Acute Hepatitis B,2018,Area,District of Columbia,NA,Case,NA
Acute Hepatitis B,2019,Area,District of Columbia,NA,Case,NA
Acute Hepatitis B,2020,Area,District of Columbia,NA,Case,NA
Acute Hepatitis B,2021,Area,District of Columbia,NA,Case,NA
Acute Hepatitis B,2022,Area,District of Columbia,1.3,Case,9
Acute Hepatitis B,2023,Area,District of Columbia,0.4,Case,3
Acute Hepatitis B,2011,Area,Florida,1.1,Case,213
Acute Hepatitis B,2012,Area,Florida,1.3,Case,247
Acute Hepatitis B,2013,Area,Florida,1.7,Case,323
Acute Hepatitis B,2014,Area,Florida,1.6,Case,313
Acute Hepatitis B,2015,Area,Florida,2.1,Case,432
Acute Hepatitis B,2016,Area,Florida,2.7,Case,558
Acute Hepatitis B,2017,Area,Florida,2.8,Case,588
Acute Hepatitis B,2018,Area,Florida,2.9,Case,617
Acute Hepatitis B,2019,Area,Florida,2.8,Case,595
Acute Hepatitis B,2020,Area,Florida,2.1,Case,456
Acute Hepatitis B,2021,Area,Florida,2.4,Case,531
Acute Hepatitis B,2022,Area,Florida,2.9,Case,642
Acute Hepatitis B,2023,Area,Florida,3.1,Case,710
Acute Hepatitis B,2011,Area,Georgia,1.4,Case,142
Acute Hepatitis B,2012,Area,Georgia,1.1,Case,109
Acute Hepatitis B,2013,Area,Georgia,1,Case,104
Acute Hepatitis B,2014,Area,Georgia,1,Case,103
Acute Hepatitis B,2015,Area,Georgia,1.2,Case,119
Acute Hepatitis B,2016,Area,Georgia,1,Case,100
Acute Hepatitis B,2017,Area,Georgia,1,Case,106
Acute Hepatitis B,2018,Area,Georgia,1.7,Case,179
Acute Hepatitis B,2019,Area,Georgia,1.1,Case,114
Acute Hepatitis B,2020,Area,Georgia,1,Case,104
Acute Hepatitis B,2021,Area,Georgia,1.1,Case,116
Acute Hepatitis B,2022,Area,Georgia,0.9,Case,99
Acute Hepatitis B,2023,Area,Georgia,1.1,Case,116
Acute Hepatitis B,2011,Area,Hawaii,0.4,Case,6
Acute Hepatitis B,2012,Area,Hawaii,0.4,Case,5
Acute Hepatitis B,2013,Area,Hawaii,0.3,Case,4
Acute Hepatitis B,2014,Area,Hawaii,0.4,Case,6
Acute Hepatitis B,2015,Area,Hawaii,1,Case,14
Acute Hepatitis B,2016,Area,Hawaii,NA,Case,NA
Acute Hepatitis B,2017,Area,Hawaii,NA,Case,NA
Acute Hepatitis B,2018,Area,Hawaii,0.2,Case,3
Acute Hepatitis B,2019,Area,Hawaii,0.1,Case,1
Acute Hepatitis B,2020,Area,Hawaii,NA,Case,NA
Acute Hepatitis B,2021,Area,Hawaii,NA,Case,NA
Acute Hepatitis B,2022,Area,Hawaii,NA,Case,NA
Acute Hepatitis B,2023,Area,Hawaii,NA,Case,NA
Acute Hepatitis B,2011,Area,Idaho,0.1,Case,2
Acute Hepatitis B,2012,Area,Idaho,0.3,Case,5
Acute Hepatitis B,2013,Area,Idaho,0.8,Case,13
Acute Hepatitis B,2014,Area,Idaho,0.4,Case,6
Acute Hepatitis B,2015,Area,Idaho,0.5,Case,8
Acute Hepatitis B,2016,Area,Idaho,0.4,Case,6
Acute Hepatitis B,2017,Area,Idaho,0.3,Case,6
Acute Hepatitis B,2018,Area,Idaho,0.3,Case,6
Acute Hepatitis B,2019,Area,Idaho,0.4,Case,7
Acute Hepatitis B,2020,Area,Idaho,NA,Case,NA
Acute Hepatitis B,2021,Area,Idaho,0.2,Case,4
Acute Hepatitis B,2022,Area,Idaho,0.1,Case,2
Acute Hepatitis B,2023,Area,Idaho,NA,Case,NA
Acute Hepatitis B,2011,Area,Illinois,0.7,Case,85
Acute Hepatitis B,2012,Area,Illinois,0.7,Case,86
Acute Hepatitis B,2013,Area,Illinois,0.7,Case,94
Acute Hepatitis B,2014,Area,Illinois,0.5,Case,58
Acute Hepatitis B,2015,Area,Illinois,0.4,Case,55
Acute Hepatitis B,2016,Area,Illinois,0.3,Case,37
Acute Hepatitis B,2017,Area,Illinois,0.2,Case,27
Acute Hepatitis B,2018,Area,Illinois,0.2,Case,25
Acute Hepatitis B,2019,Area,Illinois,0.3,Case,43
Acute Hepatitis B,2020,Area,Illinois,0.2,Case,29
Acute Hepatitis B,2021,Area,Illinois,0.1,Case,19
Acute Hepatitis B,2022,Area,Illinois,0.2,Case,21
Acute Hepatitis B,2023,Area,Illinois,0.2,Case,25
Acute Hepatitis B,2011,Area,Indiana,1.1,Case,70
Acute Hepatitis B,2012,Area,Indiana,1.4,Case,90
Acute Hepatitis B,2013,Area,Indiana,1.5,Case,101
Acute Hepatitis B,2014,Area,Indiana,1.9,Case,126
Acute Hepatitis B,2015,Area,Indiana,2,Case,133
Acute Hepatitis B,2016,Area,Indiana,2.2,Case,146
Acute Hepatitis B,2017,Area,Indiana,2.5,Case,170
Acute Hepatitis B,2018,Area,Indiana,2.5,Case,169
Acute Hepatitis B,2019,Area,Indiana,2.5,Case,170
Acute Hepatitis B,2020,Area,Indiana,1.5,Case,98
Acute Hepatitis B,2021,Area,Indiana,1.2,Case,83
Acute Hepatitis B,2022,Area,Indiana,1.2,Case,84
Acute Hepatitis B,2023,Area,Indiana,1.1,Case,78
Acute Hepatitis B,2011,Area,Iowa,0.5,Case,15
Acute Hepatitis B,2012,Area,Iowa,0.4,Case,13
Acute Hepatitis B,2013,Area,Iowa,0.4,Case,11
Acute Hepatitis B,2014,Area,Iowa,0.3,Case,9
Acute Hepatitis B,2015,Area,Iowa,0.5,Case,16
Acute Hepatitis B,2016,Area,Iowa,0.3,Case,10
Acute Hepatitis B,2017,Area,Iowa,0.4,Case,12
Acute Hepatitis B,2018,Area,Iowa,0.4,Case,14
Acute Hepatitis B,2019,Area,Iowa,0.8,Case,24
Acute Hepatitis B,2020,Area,Iowa,0.5,Case,17
Acute Hepatitis B,2021,Area,Iowa,0.5,Case,15
Acute Hepatitis B,2022,Area,Iowa,0.5,Case,16
Acute Hepatitis B,2023,Area,Iowa,0.3,Case,10
Acute Hepatitis B,2011,Area,Kansas,0.5,Case,15
Acute Hepatitis B,2012,Area,Kansas,0.3,Case,9
Acute Hepatitis B,2013,Area,Kansas,0.4,Case,11
Acute Hepatitis B,2014,Area,Kansas,0.4,Case,11
Acute Hepatitis B,2015,Area,Kansas,0.7,Case,19
Acute Hepatitis B,2016,Area,Kansas,0.7,Case,21
Acute Hepatitis B,2017,Area,Kansas,0.8,Case,24
Acute Hepatitis B,2018,Area,Kansas,0.5,Case,16
Acute Hepatitis B,2019,Area,Kansas,0.4,Case,11
Acute Hepatitis B,2020,Area,Kansas,0.1,Case,2
Acute Hepatitis B,2021,Area,Kansas,0.3,Case,8
Acute Hepatitis B,2022,Area,Kansas,0.2,Case,7
Acute Hepatitis B,2023,Area,Kansas,0.5,Case,16
Acute Hepatitis B,2011,Area,Kentucky,3.5,Case,151
Acute Hepatitis B,2012,Area,Kentucky,4.1,Case,180
Acute Hepatitis B,2013,Area,Kentucky,4.9,Case,214
Acute Hepatitis B,2014,Area,Kentucky,3.7,Case,164
Acute Hepatitis B,2015,Area,Kentucky,3.7,Case,162
Acute Hepatitis B,2016,Area,Kentucky,5,Case,222
Acute Hepatitis B,2017,Area,Kentucky,5.3,Case,236
Acute Hepatitis B,2018,Area,Kentucky,5.8,Case,260
Acute Hepatitis B,2019,Area,Kentucky,4.2,Case,188
Acute Hepatitis B,2020,Area,Kentucky,2.5,Case,112
Acute Hepatitis B,2021,Area,Kentucky,1.7,Case,76
Acute Hepatitis B,2022,Area,Kentucky,1.8,Case,80
Acute Hepatitis B,2023,Area,Kentucky,1.9,Case,84
Acute Hepatitis B,2011,Area,Louisiana,1.4,Case,62
Acute Hepatitis B,2012,Area,Louisiana,1,Case,44
Acute Hepatitis B,2013,Area,Louisiana,1.8,Case,82
Acute Hepatitis B,2014,Area,Louisiana,1.9,Case,87
Acute Hepatitis B,2015,Area,Louisiana,1.9,Case,87
Acute Hepatitis B,2016,Area,Louisiana,1,Case,48
Acute Hepatitis B,2017,Area,Louisiana,1.6,Case,73
Acute Hepatitis B,2018,Area,Louisiana,1.2,Case,57
Acute Hepatitis B,2019,Area,Louisiana,1.6,Case,73
Acute Hepatitis B,2020,Area,Louisiana,0.8,Case,38
Acute Hepatitis B,2021,Area,Louisiana,0.8,Case,35
Acute Hepatitis B,2022,Area,Louisiana,0.6,Case,29
Acute Hepatitis B,2023,Area,Louisiana,0.3,Case,15
Acute Hepatitis B,2011,Area,Maine,0.6,Case,8
Acute Hepatitis B,2012,Area,Maine,0.7,Case,9
Acute Hepatitis B,2013,Area,Maine,0.8,Case,11
Acute Hepatitis B,2014,Area,Maine,0.9,Case,12
Acute Hepatitis B,2015,Area,Maine,0.7,Case,9
Acute Hepatitis B,2016,Area,Maine,4,Case,53
Acute Hepatitis B,2017,Area,Maine,5.8,Case,77
Acute Hepatitis B,2018,Area,Maine,3.9,Case,52
Acute Hepatitis B,2019,Area,Maine,4.3,Case,58
Acute Hepatitis B,2020,Area,Maine,3,Case,40
Acute Hepatitis B,2021,Area,Maine,2.4,Case,33
Acute Hepatitis B,2022,Area,Maine,2.1,Case,29
Acute Hepatitis B,2023,Area,Maine,1.4,Case,20
Acute Hepatitis B,2011,Area,Maryland,1.1,Case,62
Acute Hepatitis B,2012,Area,Maryland,0.9,Case,52
Acute Hepatitis B,2013,Area,Maryland,0.7,Case,43
Acute Hepatitis B,2014,Area,Maryland,0.7,Case,40
Acute Hepatitis B,2015,Area,Maryland,0.7,Case,40
Acute Hepatitis B,2016,Area,Maryland,0.4,Case,27
Acute Hepatitis B,2017,Area,Maryland,0.6,Case,34
Acute Hepatitis B,2018,Area,Maryland,0.9,Case,53
Acute Hepatitis B,2019,Area,Maryland,0.7,Case,41
Acute Hepatitis B,2020,Area,Maryland,0.6,Case,37
Acute Hepatitis B,2021,Area,Maryland,0.5,Case,28
Acute Hepatitis B,2022,Area,Maryland,0.7,Case,45
Acute Hepatitis B,2023,Area,Maryland,0.7,Case,41
Acute Hepatitis B,2011,Area,Massachusetts,1,Case,67
Acute Hepatitis B,2012,Area,Massachusetts,1.1,Case,75
Acute Hepatitis B,2013,Area,Massachusetts,1.1,Case,71
Acute Hepatitis B,2014,Area,Massachusetts,0.4,Case,30
Acute Hepatitis B,2015,Area,Massachusetts,0.4,Case,25
Acute Hepatitis B,2016,Area,Massachusetts,0.5,Case,31
Acute Hepatitis B,2017,Area,Massachusetts,0.7,Case,51
Acute Hepatitis B,2018,Area,Massachusetts,0.7,Case,46
Acute Hepatitis B,2019,Area,Massachusetts,0.5,Case,37
Acute Hepatitis B,2020,Area,Massachusetts,0.2,Case,17
Acute Hepatitis B,2021,Area,Massachusetts,0.2,Case,14
Acute Hepatitis B,2022,Area,Massachusetts,0.3,Case,21
Acute Hepatitis B,2023,Area,Massachusetts,0.5,Case,36
Acute Hepatitis B,2011,Area,Michigan,0.9,Case,91
Acute Hepatitis B,2012,Area,Michigan,0.8,Case,81
Acute Hepatitis B,2013,Area,Michigan,0.5,Case,53
Acute Hepatitis B,2014,Area,Michigan,0.5,Case,50
Acute Hepatitis B,2015,Area,Michigan,0.6,Case,56
Acute Hepatitis B,2016,Area,Michigan,0.5,Case,45
Acute Hepatitis B,2017,Area,Michigan,0.6,Case,61
Acute Hepatitis B,2018,Area,Michigan,0.8,Case,77
Acute Hepatitis B,2019,Area,Michigan,0.6,Case,64
Acute Hepatitis B,2020,Area,Michigan,0.4,Case,43
Acute Hepatitis B,2021,Area,Michigan,0.3,Case,35
Acute Hepatitis B,2022,Area,Michigan,0.3,Case,33
Acute Hepatitis B,2023,Area,Michigan,0.4,Case,43
Acute Hepatitis B,2011,Area,Minnesota,0.4,Case,20
Acute Hepatitis B,2012,Area,Minnesota,0.3,Case,17
Acute Hepatitis B,2013,Area,Minnesota,0.4,Case,19
Acute Hepatitis B,2014,Area,Minnesota,0.3,Case,16
Acute Hepatitis B,2015,Area,Minnesota,0.3,Case,19
Acute Hepatitis B,2016,Area,Minnesota,0.4,Case,21
Acute Hepatitis B,2017,Area,Minnesota,0.4,Case,23
Acute Hepatitis B,2018,Area,Minnesota,0.3,Case,16
Acute Hepatitis B,2019,Area,Minnesota,0.3,Case,16
Acute Hepatitis B,2020,Area,Minnesota,0.1,Case,7
Acute Hepatitis B,2021,Area,Minnesota,0.2,Case,10
Acute Hepatitis B,2022,Area,Minnesota,0.3,Case,15
Acute Hepatitis B,2023,Area,Minnesota,0.1,Case,8
Acute Hepatitis B,2011,Area,Mississippi,1.9,Case,57
Acute Hepatitis B,2012,Area,Mississippi,2.6,Case,78
Acute Hepatitis B,2013,Area,Mississippi,1.8,Case,55
Acute Hepatitis B,2014,Area,Mississippi,1.6,Case,48
Acute Hepatitis B,2015,Area,Mississippi,1.7,Case,50
Acute Hepatitis B,2016,Area,Mississippi,1,Case,31
Acute Hepatitis B,2017,Area,Mississippi,1.5,Case,44
Acute Hepatitis B,2018,Area,Mississippi,1.3,Case,40
Acute Hepatitis B,2019,Area,Mississippi,1.6,Case,49
Acute Hepatitis B,2020,Area,Mississippi,1.2,Case,35
Acute Hepatitis B,2021,Area,Mississippi,0.5,Case,15
Acute Hepatitis B,2022,Area,Mississippi,0.2,Case,7
Acute Hepatitis B,2023,Area,Mississippi,0.4,Case,13
Acute Hepatitis B,2011,Area,Missouri,1,Case,60
Acute Hepatitis B,2012,Area,Missouri,0.8,Case,48
Acute Hepatitis B,2013,Area,Missouri,1,Case,61
Acute Hepatitis B,2014,Area,Missouri,0.5,Case,31
Acute Hepatitis B,2015,Area,Missouri,0.6,Case,35
Acute Hepatitis B,2016,Area,Missouri,0.7,Case,40
Acute Hepatitis B,2017,Area,Missouri,0.5,Case,31
Acute Hepatitis B,2018,Area,Missouri,0.3,Case,18
Acute Hepatitis B,2019,Area,Missouri,0.5,Case,33
Acute Hepatitis B,2020,Area,Missouri,0.3,Case,16
Acute Hepatitis B,2021,Area,Missouri,0.2,Case,11
Acute Hepatitis B,2022,Area,Missouri,0.1,Case,7
Acute Hepatitis B,2023,Area,Missouri,0.3,Case,16
Acute Hepatitis B,2011,Area,Montana,NA,Case,NA
Acute Hepatitis B,2012,Area,Montana,0.2,Case,2
Acute Hepatitis B,2013,Area,Montana,0.4,Case,4
Acute Hepatitis B,2014,Area,Montana,NA,Case,NA
Acute Hepatitis B,2015,Area,Montana,0.4,Case,4
Acute Hepatitis B,2016,Area,Montana,0.1,Case,1
Acute Hepatitis B,2017,Area,Montana,0.3,Case,3
Acute Hepatitis B,2018,Area,Montana,0.1,Case,1
Acute Hepatitis B,2019,Area,Montana,0.1,Case,1
Acute Hepatitis B,2020,Area,Montana,0.5,Case,5
Acute Hepatitis B,2021,Area,Montana,0.2,Case,2
Acute Hepatitis B,2022,Area,Montana,0.2,Case,2
Acute Hepatitis B,2023,Area,Montana,0.1,Case,1
Acute Hepatitis B,2011,Area,Nebraska,0.7,Case,12
Acute Hepatitis B,2012,Area,Nebraska,0.5,Case,10
Acute Hepatitis B,2013,Area,Nebraska,0.5,Case,9
Acute Hepatitis B,2014,Area,Nebraska,0.4,Case,8
Acute Hepatitis B,2015,Area,Nebraska,0.2,Case,3
Acute Hepatitis B,2016,Area,Nebraska,0.4,Case,8
Acute Hepatitis B,2017,Area,Nebraska,0.5,Case,10
Acute Hepatitis B,2018,Area,Nebraska,0.2,Case,3
Acute Hepatitis B,2019,Area,Nebraska,NA,Case,NA
Acute Hepatitis B,2020,Area,Nebraska,0.1,Case,1
Acute Hepatitis B,2021,Area,Nebraska,0.1,Case,1
Acute Hepatitis B,2022,Area,Nebraska,0.2,Case,4
Acute Hepatitis B,2023,Area,Nebraska,0.4,Case,7
Acute Hepatitis B,2011,Area,Nevada,1.1,Case,29
Acute Hepatitis B,2012,Area,Nevada,1,Case,28
Acute Hepatitis B,2013,Area,Nevada,1,Case,29
Acute Hepatitis B,2014,Area,Nevada,0.7,Case,21
Acute Hepatitis B,2015,Area,Nevada,0.9,Case,25
Acute Hepatitis B,2016,Area,Nevada,0.7,Case,22
Acute Hepatitis B,2017,Area,Nevada,1,Case,30
Acute Hepatitis B,2018,Area,Nevada,0.8,Case,23
Acute Hepatitis B,2019,Area,Nevada,0.7,Case,23
Acute Hepatitis B,2020,Area,Nevada,0.4,Case,14
Acute Hepatitis B,2021,Area,Nevada,0.5,Case,16
Acute Hepatitis B,2022,Area,Nevada,0.8,Case,25
Acute Hepatitis B,2023,Area,Nevada,1.3,Case,40
Acute Hepatitis B,2011,Area,New Hampshire,0.2,Case,3
Acute Hepatitis B,2012,Area,New Hampshire,0.3,Case,4
Acute Hepatitis B,2013,Area,New Hampshire,0.2,Case,2
Acute Hepatitis B,2014,Area,New Hampshire,0.3,Case,4
Acute Hepatitis B,2015,Area,New Hampshire,NA,Case,NA
Acute Hepatitis B,2016,Area,New Hampshire,NA,Case,NA
Acute Hepatitis B,2017,Area,New Hampshire,NA,Case,NA
Acute Hepatitis B,2018,Area,New Hampshire,0.3,Case,4
Acute Hepatitis B,2019,Area,New Hampshire,0.4,Case,5
Acute Hepatitis B,2020,Area,New Hampshire,NA,Case,NA
Acute Hepatitis B,2021,Area,New Hampshire,0.1,Case,1
Acute Hepatitis B,2022,Area,New Hampshire,0.3,Case,4
Acute Hepatitis B,2023,Area,New Hampshire,0.6,Case,8
Acute Hepatitis B,2011,Area,New Jersey,0.8,Case,73
Acute Hepatitis B,2012,Area,New Jersey,0.8,Case,70
Acute Hepatitis B,2013,Area,New Jersey,0.7,Case,65
Acute Hepatitis B,2014,Area,New Jersey,0.9,Case,77
Acute Hepatitis B,2015,Area,New Jersey,0.9,Case,85
Acute Hepatitis B,2016,Area,New Jersey,0.7,Case,59
Acute Hepatitis B,2017,Area,New Jersey,0.6,Case,57
Acute Hepatitis B,2018,Area,New Jersey,0.7,Case,64
Acute Hepatitis B,2019,Area,New Jersey,0.9,Case,78
Acute Hepatitis B,2020,Area,New Jersey,0.5,Case,44
Acute Hepatitis B,2021,Area,New Jersey,0.4,Case,40
Acute Hepatitis B,2022,Area,New Jersey,0.5,Case,50
Acute Hepatitis B,2023,Area,New Jersey,0.5,Case,44
Acute Hepatitis B,2011,Area,New Mexico,0.5,Case,10
Acute Hepatitis B,2012,Area,New Mexico,0.1,Case,3
Acute Hepatitis B,2013,Area,New Mexico,0.1,Case,3
Acute Hepatitis B,2014,Area,New Mexico,0.1,Case,2
Acute Hepatitis B,2015,Area,New Mexico,0.1,Case,2
Acute Hepatitis B,2016,Area,New Mexico,0,Case,1
Acute Hepatitis B,2017,Area,New Mexico,0,Case,1
Acute Hepatitis B,2018,Area,New Mexico,0.1,Case,2
Acute Hepatitis B,2019,Area,New Mexico,0.2,Case,4
Acute Hepatitis B,2020,Area,New Mexico,NA,Case,NA
Acute Hepatitis B,2021,Area,New Mexico,0,Case,1
Acute Hepatitis B,2022,Area,New Mexico,NA,Case,NA
Acute Hepatitis B,2023,Area,New Mexico,0.3,Case,6
Acute Hepatitis B,2011,Area,New York,0.7,Case,134
Acute Hepatitis B,2012,Area,New York,0.6,Case,113
Acute Hepatitis B,2013,Area,New York,0.6,Case,117
Acute Hepatitis B,2014,Area,New York,0.5,Case,95
Acute Hepatitis B,2015,Area,New York,0.4,Case,80
Acute Hepatitis B,2016,Area,New York,0.5,Case,103
Acute Hepatitis B,2017,Area,New York,0.4,Case,81
Acute Hepatitis B,2018,Area,New York,0.3,Case,56
Acute Hepatitis B,2019,Area,New York,0.4,Case,85
Acute Hepatitis B,2020,Area,New York,0.2,Case,45
Acute Hepatitis B,2021,Area,New York,0.3,Case,54
Acute Hepatitis B,2022,Area,New York,0.2,Case,48
Acute Hepatitis B,2023,Area,New York,0.3,Case,55
Acute Hepatitis B,2011,Area,North Carolina,1.1,Case,109
Acute Hepatitis B,2012,Area,North Carolina,0.7,Case,73
Acute Hepatitis B,2013,Area,North Carolina,0.8,Case,75
Acute Hepatitis B,2014,Area,North Carolina,1,Case,100
Acute Hepatitis B,2015,Area,North Carolina,1.6,Case,165
Acute Hepatitis B,2016,Area,North Carolina,1.7,Case,170
Acute Hepatitis B,2017,Area,North Carolina,1.8,Case,190
Acute Hepatitis B,2018,Area,North Carolina,2.1,Case,220
Acute Hepatitis B,2019,Area,North Carolina,1.8,Case,187
Acute Hepatitis B,2020,Area,North Carolina,1.3,Case,135
Acute Hepatitis B,2021,Area,North Carolina,1.3,Case,142
Acute Hepatitis B,2022,Area,North Carolina,1,Case,110
Acute Hepatitis B,2023,Area,North Carolina,1,Case,105
Acute Hepatitis B,2011,Area,North Dakota,NA,Case,NA
Acute Hepatitis B,2012,Area,North Dakota,NA,Case,NA
Acute Hepatitis B,2013,Area,North Dakota,NA,Case,NA
Acute Hepatitis B,2014,Area,North Dakota,NA,Case,NA
Acute Hepatitis B,2015,Area,North Dakota,0.3,Case,2
Acute Hepatitis B,2016,Area,North Dakota,0.3,Case,2
Acute Hepatitis B,2017,Area,North Dakota,NA,Case,NA
Acute Hepatitis B,2018,Area,North Dakota,0.3,Case,2
Acute Hepatitis B,2019,Area,North Dakota,NA,Case,NA
Acute Hepatitis B,2020,Area,North Dakota,0.5,Case,4
Acute Hepatitis B,2021,Area,North Dakota,0.3,Case,2
Acute Hepatitis B,2022,Area,North Dakota,0.1,Case,1
Acute Hepatitis B,2023,Area,North Dakota,NA,Case,NA
Acute Hepatitis B,2011,Area,Ohio,0.8,Case,90
Acute Hepatitis B,2012,Area,Ohio,1.5,Case,178
Acute Hepatitis B,2013,Area,Ohio,1.9,Case,225
Acute Hepatitis B,2014,Area,Ohio,1.5,Case,171
Acute Hepatitis B,2015,Area,Ohio,3.5,Case,409
Acute Hepatitis B,2016,Area,Ohio,2.6,Case,299
Acute Hepatitis B,2017,Area,Ohio,2.4,Case,285
Acute Hepatitis B,2018,Area,Ohio,2.7,Case,310
Acute Hepatitis B,2019,Area,Ohio,2.7,Case,311
Acute Hepatitis B,2020,Area,Ohio,1.1,Case,131
Acute Hepatitis B,2021,Area,Ohio,0.9,Case,106
Acute Hepatitis B,2022,Area,Ohio,0.6,Case,74
Acute Hepatitis B,2023,Area,Ohio,0.3,Case,35
Acute Hepatitis B,2011,Area,Oklahoma,2.6,Case,100
Acute Hepatitis B,2012,Area,Oklahoma,2.1,Case,79
Acute Hepatitis B,2013,Area,Oklahoma,1,Case,40
Acute Hepatitis B,2014,Area,Oklahoma,1.5,Case,57
Acute Hepatitis B,2015,Area,Oklahoma,0.9,Case,37
Acute Hepatitis B,2016,Area,Oklahoma,0.8,Case,32
Acute Hepatitis B,2017,Area,Oklahoma,1,Case,41
Acute Hepatitis B,2018,Area,Oklahoma,0.2,Case,6
Acute Hepatitis B,2019,Area,Oklahoma,0.4,Case,17
Acute Hepatitis B,2020,Area,Oklahoma,0.8,Case,31
Acute Hepatitis B,2021,Area,Oklahoma,0.8,Case,30
Acute Hepatitis B,2022,Area,Oklahoma,0.8,Case,33
Acute Hepatitis B,2023,Area,Oklahoma,0.5,Case,21
Acute Hepatitis B,2011,Area,Oregon,0.8,Case,32
Acute Hepatitis B,2012,Area,Oregon,0.6,Case,25
Acute Hepatitis B,2013,Area,Oregon,0.8,Case,32
Acute Hepatitis B,2014,Area,Oregon,0.8,Case,32
Acute Hepatitis B,2015,Area,Oregon,0.6,Case,24
Acute Hepatitis B,2016,Area,Oregon,0.5,Case,20
Acute Hepatitis B,2017,Area,Oregon,0.6,Case,23
Acute Hepatitis B,2018,Area,Oregon,0.4,Case,18
Acute Hepatitis B,2019,Area,Oregon,0.4,Case,17
Acute Hepatitis B,2020,Area,Oregon,0.4,Case,17
Acute Hepatitis B,2021,Area,Oregon,0.4,Case,18
Acute Hepatitis B,2022,Area,Oregon,0.4,Case,17
Acute Hepatitis B,2023,Area,Oregon,0.2,Case,10
Acute Hepatitis B,2011,Area,Pennsylvania,0.7,Case,84
Acute Hepatitis B,2012,Area,Pennsylvania,0.5,Case,63
Acute Hepatitis B,2013,Area,Pennsylvania,0.3,Case,43
Acute Hepatitis B,2014,Area,Pennsylvania,0.5,Case,68
Acute Hepatitis B,2015,Area,Pennsylvania,0.5,Case,61
Acute Hepatitis B,2016,Area,Pennsylvania,0.3,Case,43
Acute Hepatitis B,2017,Area,Pennsylvania,0.5,Case,69
Acute Hepatitis B,2018,Area,Pennsylvania,0.5,Case,61
Acute Hepatitis B,2019,Area,Pennsylvania,0.7,Case,91
Acute Hepatitis B,2020,Area,Pennsylvania,0.4,Case,50
Acute Hepatitis B,2021,Area,Pennsylvania,0.3,Case,37
Acute Hepatitis B,2022,Area,Pennsylvania,0.4,Case,47
Acute Hepatitis B,2023,Area,Pennsylvania,0.3,Case,43
Acute Hepatitis B,2011,Area,Rhode Island,NA,Case,NA
Acute Hepatitis B,2012,Area,Rhode Island,NA,Case,NA
Acute Hepatitis B,2013,Area,Rhode Island,NA,Case,NA
Acute Hepatitis B,2014,Area,Rhode Island,NA,Case,NA
Acute Hepatitis B,2015,Area,Rhode Island,NA,Case,NA
Acute Hepatitis B,2016,Area,Rhode Island,NA,Case,NA
Acute Hepatitis B,2017,Area,Rhode Island,NA,Case,NA
Acute Hepatitis B,2018,Area,Rhode Island,NA,Case,NA
Acute Hepatitis B,2019,Area,Rhode Island,NA,Case,NA
Acute Hepatitis B,2020,Area,Rhode Island,NA,Case,NA
Acute Hepatitis B,2021,Area,Rhode Island,NA,Case,NA
Acute Hepatitis B,2022,Area,Rhode Island,0.1,Case,1
Acute Hepatitis B,2023,Area,Rhode Island,0.5,Case,5
Acute Hepatitis B,2011,Area,South Carolina,0.8,Case,39
Acute Hepatitis B,2012,Area,South Carolina,0.8,Case,37
Acute Hepatitis B,2013,Area,South Carolina,1.2,Case,58
Acute Hepatitis B,2014,Area,South Carolina,0.8,Case,37
Acute Hepatitis B,2015,Area,South Carolina,0.6,Case,30
Acute Hepatitis B,2016,Area,South Carolina,0.7,Case,34
Acute Hepatitis B,2017,Area,South Carolina,0.8,Case,40
Acute Hepatitis B,2018,Area,South Carolina,0.9,Case,45
Acute Hepatitis B,2019,Area,South Carolina,0.8,Case,42
Acute Hepatitis B,2020,Area,South Carolina,1.3,Case,66
Acute Hepatitis B,2021,Area,South Carolina,1.1,Case,59
Acute Hepatitis B,2022,Area,South Carolina,1,Case,55
Acute Hepatitis B,2023,Area,South Carolina,1.1,Case,61
Acute Hepatitis B,2011,Area,South Dakota,0.2,Case,2
Acute Hepatitis B,2012,Area,South Dakota,0.2,Case,2
Acute Hepatitis B,2013,Area,South Dakota,0.6,Case,5
Acute Hepatitis B,2014,Area,South Dakota,0.4,Case,3
Acute Hepatitis B,2015,Area,South Dakota,0.2,Case,2
Acute Hepatitis B,2016,Area,South Dakota,0.2,Case,2
Acute Hepatitis B,2017,Area,South Dakota,0.2,Case,2
Acute Hepatitis B,2018,Area,South Dakota,0.1,Case,1
Acute Hepatitis B,2019,Area,South Dakota,0.6,Case,5
Acute Hepatitis B,2020,Area,South Dakota,0.1,Case,1
Acute Hepatitis B,2021,Area,South Dakota,0.2,Case,2
Acute Hepatitis B,2022,Area,South Dakota,0.3,Case,3
Acute Hepatitis B,2023,Area,South Dakota,0.3,Case,3
Acute Hepatitis B,2011,Area,Tennessee,3,Case,192
Acute Hepatitis B,2012,Area,Tennessee,3.7,Case,240
Acute Hepatitis B,2013,Area,Tennessee,4,Case,262
Acute Hepatitis B,2014,Area,Tennessee,3.5,Case,232
Acute Hepatitis B,2015,Area,Tennessee,3.7,Case,243
Acute Hepatitis B,2016,Area,Tennessee,3.1,Case,204
Acute Hepatitis B,2017,Area,Tennessee,3.2,Case,215
Acute Hepatitis B,2018,Area,Tennessee,2.8,Case,192
Acute Hepatitis B,2019,Area,Tennessee,3,Case,208
Acute Hepatitis B,2020,Area,Tennessee,2.3,Case,156
Acute Hepatitis B,2021,Area,Tennessee,1.6,Case,114
Acute Hepatitis B,2022,Area,Tennessee,1.2,Case,87
Acute Hepatitis B,2023,Area,Tennessee,1.3,Case,93
Acute Hepatitis B,2011,Area,Texas,0.8,Case,204
Acute Hepatitis B,2012,Area,Texas,0.7,Case,170
Acute Hepatitis B,2013,Area,Texas,0.5,Case,142
Acute Hepatitis B,2014,Area,Texas,0.5,Case,122
Acute Hepatitis B,2015,Area,Texas,0.6,Case,159
Acute Hepatitis B,2016,Area,Texas,0.6,Case,156
Acute Hepatitis B,2017,Area,Texas,0.4,Case,106
Acute Hepatitis B,2018,Area,Texas,0.4,Case,102
Acute Hepatitis B,2019,Area,Texas,0.2,Case,69
Acute Hepatitis B,2020,Area,Texas,0.2,Case,50
Acute Hepatitis B,2021,Area,Texas,0.2,Case,58
Acute Hepatitis B,2022,Area,Texas,0.2,Case,55
Acute Hepatitis B,2023,Area,Texas,0.3,Case,103
Acute Hepatitis B,2011,Area,Utah,0.4,Case,10
Acute Hepatitis B,2012,Area,Utah,0.5,Case,13
Acute Hepatitis B,2013,Area,Utah,0.2,Case,5
Acute Hepatitis B,2014,Area,Utah,0.4,Case,11
Acute Hepatitis B,2015,Area,Utah,0.3,Case,10
Acute Hepatitis B,2016,Area,Utah,0.2,Case,5
Acute Hepatitis B,2017,Area,Utah,0.6,Case,18
Acute Hepatitis B,2018,Area,Utah,1.1,Case,36
Acute Hepatitis B,2019,Area,Utah,0.9,Case,29
Acute Hepatitis B,2020,Area,Utah,0.3,Case,11
Acute Hepatitis B,2021,Area,Utah,0.5,Case,17
Acute Hepatitis B,2022,Area,Utah,0.6,Case,19
Acute Hepatitis B,2023,Area,Utah,0.4,Case,15
Acute Hepatitis B,2011,Area,Vermont,NA,Case,NA
Acute Hepatitis B,2012,Area,Vermont,0.3,Case,2
Acute Hepatitis B,2013,Area,Vermont,0.3,Case,2
Acute Hepatitis B,2014,Area,Vermont,0.6,Case,4
Acute Hepatitis B,2015,Area,Vermont,0.5,Case,3
Acute Hepatitis B,2016,Area,Vermont,0.3,Case,2
Acute Hepatitis B,2017,Area,Vermont,0.2,Case,1
Acute Hepatitis B,2018,Area,Vermont,0.5,Case,3
Acute Hepatitis B,2019,Area,Vermont,1.4,Case,9
Acute Hepatitis B,2020,Area,Vermont,0.5,Case,3
Acute Hepatitis B,2021,Area,Vermont,0.5,Case,3
Acute Hepatitis B,2022,Area,Vermont,0.2,Case,1
Acute Hepatitis B,2023,Area,Vermont,0.9,Case,6
Acute Hepatitis B,2011,Area,Virginia,1,Case,84
Acute Hepatitis B,2012,Area,Virginia,1,Case,84
Acute Hepatitis B,2013,Area,Virginia,0.9,Case,72
Acute Hepatitis B,2014,Area,Virginia,0.7,Case,61
Acute Hepatitis B,2015,Area,Virginia,0.8,Case,69
Acute Hepatitis B,2016,Area,Virginia,0.7,Case,56
Acute Hepatitis B,2017,Area,Virginia,0.7,Case,61
Acute Hepatitis B,2018,Area,Virginia,0.7,Case,58
Acute Hepatitis B,2019,Area,Virginia,0.7,Case,57
Acute Hepatitis B,2020,Area,Virginia,0.5,Case,41
Acute Hepatitis B,2021,Area,Virginia,0.4,Case,38
Acute Hepatitis B,2022,Area,Virginia,0.5,Case,42
Acute Hepatitis B,2023,Area,Virginia,0.3,Case,30
Acute Hepatitis B,2011,Area,Washington,0.5,Case,35
Acute Hepatitis B,2012,Area,Washington,0.5,Case,34
Acute Hepatitis B,2013,Area,Washington,0.5,Case,33
Acute Hepatitis B,2014,Area,Washington,0.6,Case,44
Acute Hepatitis B,2015,Area,Washington,0.5,Case,34
Acute Hepatitis B,2016,Area,Washington,0.6,Case,45
Acute Hepatitis B,2017,Area,Washington,0.6,Case,45
Acute Hepatitis B,2018,Area,Washington,0.7,Case,51
Acute Hepatitis B,2019,Area,Washington,0.7,Case,52
Acute Hepatitis B,2020,Area,Washington,0.5,Case,38
Acute Hepatitis B,2021,Area,Washington,0.4,Case,29
Acute Hepatitis B,2022,Area,Washington,0.3,Case,24
Acute Hepatitis B,2023,Area,Washington,0.3,Case,27
Acute Hepatitis B,2011,Area,West Virginia,6.1,Case,113
Acute Hepatitis B,2012,Area,West Virginia,7.6,Case,141
Acute Hepatitis B,2013,Area,West Virginia,10.5,Case,195
Acute Hepatitis B,2014,Area,West Virginia,10.1,Case,186
Acute Hepatitis B,2015,Area,West Virginia,14.7,Case,272
Acute Hepatitis B,2016,Area,West Virginia,14.6,Case,268
Acute Hepatitis B,2017,Area,West Virginia,11.7,Case,212
Acute Hepatitis B,2018,Area,West Virginia,7.3,Case,132
Acute Hepatitis B,2019,Area,West Virginia,4.2,Case,76
Acute Hepatitis B,2020,Area,West Virginia,3.2,Case,57
Acute Hepatitis B,2021,Area,West Virginia,3,Case,53
Acute Hepatitis B,2022,Area,West Virginia,3,Case,54
Acute Hepatitis B,2023,Area,West Virginia,2,Case,35
Acute Hepatitis B,2011,Area,Wisconsin,0.3,Case,17
Acute Hepatitis B,2012,Area,Wisconsin,0.4,Case,22
Acute Hepatitis B,2013,Area,Wisconsin,0.2,Case,9
Acute Hepatitis B,2014,Area,Wisconsin,0.2,Case,11
Acute Hepatitis B,2015,Area,Wisconsin,0.1,Case,5
Acute Hepatitis B,2016,Area,Wisconsin,0.2,Case,9
Acute Hepatitis B,2017,Area,Wisconsin,0.2,Case,14
Acute Hepatitis B,2018,Area,Wisconsin,0.2,Case,14
Acute Hepatitis B,2019,Area,Wisconsin,0.1,Case,8
Acute Hepatitis B,2020,Area,Wisconsin,0.2,Case,13
Acute Hepatitis B,2021,Area,Wisconsin,0.1,Case,6
Acute Hepatitis B,2022,Area,Wisconsin,0.2,Case,12
Acute Hepatitis B,2023,Area,Wisconsin,0.1,Case,7
Acute Hepatitis B,2011,Area,Wyoming,NA,Case,NA
Acute Hepatitis B,2012,Area,Wyoming,NA,Case,NA
Acute Hepatitis B,2013,Area,Wyoming,NA,Case,NA
Acute Hepatitis B,2014,Area,Wyoming,NA,Case,NA
Acute Hepatitis B,2015,Area,Wyoming,NA,Case,NA
Acute Hepatitis B,2016,Area,Wyoming,NA,Case,NA
Acute Hepatitis B,2017,Area,Wyoming,0.3,Case,2
Acute Hepatitis B,2018,Area,Wyoming,0.3,Case,2
Acute Hepatitis B,2019,Area,Wyoming,0.5,Case,3
Acute Hepatitis B,2020,Area,Wyoming,0.2,Case,1
Acute Hepatitis B,2021,Area,Wyoming,0.2,Case,1
Acute Hepatitis B,2022,Area,Wyoming,0.2,Case,1
Acute Hepatitis B,2023,Area,Wyoming,0.2,Case,1
Acute Hepatitis C,2011,Area,Total,0.4,Case,1232
Acute Hepatitis C,2012,Area,Total,0.6,Case,1778
Acute Hepatitis C,2013,Area,Total,0.7,Case,2138
Acute Hepatitis C,2014,Area,Total,0.7,Case,2194
Acute Hepatitis C,2015,Area,Total,0.8,Case,2436
Acute Hepatitis C,2016,Area,Total,1,Case,2967
Acute Hepatitis C,2017,Area,Total,1,Case,3216
Acute Hepatitis C,2018,Area,Total,1.2,Case,3621
Acute Hepatitis C,2019,Area,Total,1.3,Case,4136
Acute Hepatitis C,2020,Area,Total,1.5,Case,4798
Acute Hepatitis C,2021,Area,Total,1.6,Case,5023
Acute Hepatitis C,2022,Area,Total,1.5,Case,4848
Acute Hepatitis C,2023,Area,Total,1.5,Case,4966
Acute Hepatitis C,2011,Area,Alabama,0.5,Case,23
Acute Hepatitis C,2012,Area,Alabama,0.5,Case,24
Acute Hepatitis C,2013,Area,Alabama,0.6,Case,30
Acute Hepatitis C,2014,Area,Alabama,0.7,Case,35
Acute Hepatitis C,2015,Area,Alabama,1.4,Case,70
Acute Hepatitis C,2016,Area,Alabama,0.7,Case,32
Acute Hepatitis C,2017,Area,Alabama,0.3,Case,17
Acute Hepatitis C,2018,Area,Alabama,1.1,Case,52
Acute Hepatitis C,2019,Area,Alabama,1.8,Case,87
Acute Hepatitis C,2020,Area,Alabama,1,Case,49
Acute Hepatitis C,2021,Area,Alabama,2.2,Case,110
Acute Hepatitis C,2022,Area,Alabama,1,Case,53
Acute Hepatitis C,2023,Area,Alabama,0.9,Case,46
Acute Hepatitis C,2011,Area,Alaska,NA,Case,NA
Acute Hepatitis C,2012,Area,Alaska,NA,Case,NA
Acute Hepatitis C,2013,Area,Alaska,NA,Case,NA
Acute Hepatitis C,2014,Area,Alaska,NA,Case,NA
Acute Hepatitis C,2015,Area,Alaska,NA,Case,NA
Acute Hepatitis C,2016,Area,Alaska,NA,Case,NA
Acute Hepatitis C,2017,Area,Alaska,NA,Case,NA
Acute Hepatitis C,2018,Area,Alaska,NA,Case,NA
Acute Hepatitis C,2019,Area,Alaska,NA,Case,NA
Acute Hepatitis C,2020,Area,Alaska,NA,Case,NA
Acute Hepatitis C,2021,Area,Alaska,NA,Case,NA
Acute Hepatitis C,2022,Area,Alaska,NA,Case,NA
Acute Hepatitis C,2023,Area,Alaska,NA,Case,NA
Acute Hepatitis C,2011,Area,Arizona,NA,Case,NA
Acute Hepatitis C,2012,Area,Arizona,NA,Case,NA
Acute Hepatitis C,2013,Area,Arizona,NA,Case,NA
Acute Hepatitis C,2014,Area,Arizona,NA,Case,NA
Acute Hepatitis C,2015,Area,Arizona,NA,Case,NA
Acute Hepatitis C,2016,Area,Arizona,NA,Case,NA
Acute Hepatitis C,2017,Area,Arizona,NA,Case,NA
Acute Hepatitis C,2018,Area,Arizona,NA,Case,NA
Acute Hepatitis C,2019,Area,Arizona,NA,Case,NA
Acute Hepatitis C,2020,Area,Arizona,NA,Case,NA
Acute Hepatitis C,2021,Area,Arizona,NA,Case,NA
Acute Hepatitis C,2022,Area,Arizona,NA,Case,NA
Acute Hepatitis C,2023,Area,Arizona,NA,Case,NA
Acute Hepatitis C,2011,Area,Arkansas,NA,Case,NA
Acute Hepatitis C,2012,Area,Arkansas,0.2,Case,5
Acute Hepatitis C,2013,Area,Arkansas,1,Case,30
Acute Hepatitis C,2014,Area,Arkansas,0.4,Case,13
Acute Hepatitis C,2015,Area,Arkansas,0.1,Case,2
Acute Hepatitis C,2016,Area,Arkansas,NA,Case,NA
Acute Hepatitis C,2017,Area,Arkansas,0,Case,1
Acute Hepatitis C,2018,Area,Arkansas,0.3,Case,10
Acute Hepatitis C,2019,Area,Arkansas,1.9,Case,58
Acute Hepatitis C,2020,Area,Arkansas,2.1,Case,65
Acute Hepatitis C,2021,Area,Arkansas,1.5,Case,44
Acute Hepatitis C,2022,Area,Arkansas,0.9,Case,27
Acute Hepatitis C,2023,Area,Arkansas,0.7,Case,20
Acute Hepatitis C,2011,Area,California,0.1,Case,48
Acute Hepatitis C,2012,Area,California,0.2,Case,63
Acute Hepatitis C,2013,Area,California,0.2,Case,72
Acute Hepatitis C,2014,Area,California,0.2,Case,73
Acute Hepatitis C,2015,Area,California,0.2,Case,59
Acute Hepatitis C,2016,Area,California,0.2,Case,60
Acute Hepatitis C,2017,Area,California,0.3,Case,103
Acute Hepatitis C,2018,Area,California,0.3,Case,114
Acute Hepatitis C,2019,Area,California,0.5,Case,200
Acute Hepatitis C,2020,Area,California,0.1,Case,59
Acute Hepatitis C,2021,Area,California,0.3,Case,100
Acute Hepatitis C,2022,Area,California,0.4,Case,159
Acute Hepatitis C,2023,Area,California,0.6,Case,231
Acute Hepatitis C,2011,Area,Colorado,0.5,Case,28
Acute Hepatitis C,2012,Area,Colorado,0.8,Case,42
Acute Hepatitis C,2013,Area,Colorado,0.4,Case,21
Acute Hepatitis C,2014,Area,Colorado,0.6,Case,33
Acute Hepatitis C,2015,Area,Colorado,0.7,Case,40
Acute Hepatitis C,2016,Area,Colorado,0.6,Case,35
Acute Hepatitis C,2017,Area,Colorado,0.7,Case,42
Acute Hepatitis C,2018,Area,Colorado,0.8,Case,46
Acute Hepatitis C,2019,Area,Colorado,0.8,Case,45
Acute Hepatitis C,2020,Area,Colorado,0.2,Case,10
Acute Hepatitis C,2021,Area,Colorado,0.1,Case,3
Acute Hepatitis C,2022,Area,Colorado,0.5,Case,27
Acute Hepatitis C,2023,Area,Colorado,0.4,Case,25
Acute Hepatitis C,2011,Area,Connecticut,1.3,Case,47
Acute Hepatitis C,2012,Area,Connecticut,0.9,Case,34
Acute Hepatitis C,2013,Area,Connecticut,NA,Case,NA
Acute Hepatitis C,2014,Area,Connecticut,NA,Case,NA
Acute Hepatitis C,2015,Area,Connecticut,NA,Case,NA
Acute Hepatitis C,2016,Area,Connecticut,0.5,Case,17
Acute Hepatitis C,2017,Area,Connecticut,0.3,Case,9
Acute Hepatitis C,2018,Area,Connecticut,0.3,Case,10
Acute Hepatitis C,2019,Area,Connecticut,0.2,Case,7
Acute Hepatitis C,2020,Area,Connecticut,0.3,Case,12
Acute Hepatitis C,2021,Area,Connecticut,1,Case,36
Acute Hepatitis C,2022,Area,Connecticut,0.4,Case,14
Acute Hepatitis C,2023,Area,Connecticut,0.1,Case,4
Acute Hepatitis C,2011,Area,Delaware,0.3,Case,3
Acute Hepatitis C,2012,Area,Delaware,NA,Case,NA
Acute Hepatitis C,2013,Area,Delaware,NA,Case,NA
Acute Hepatitis C,2014,Area,Delaware,NA,Case,NA
Acute Hepatitis C,2015,Area,Delaware,0.4,Case,4
Acute Hepatitis C,2016,Area,Delaware,2.6,Case,25
Acute Hepatitis C,2017,Area,Delaware,0.4,Case,4
Acute Hepatitis C,2018,Area,Delaware,NA,Case,NA
Acute Hepatitis C,2019,Area,Delaware,NA,Case,NA
Acute Hepatitis C,2020,Area,Delaware,5,Case,49
Acute Hepatitis C,2021,Area,Delaware,5.8,Case,58
Acute Hepatitis C,2022,Area,Delaware,1.7,Case,17
Acute Hepatitis C,2023,Area,Delaware,3,Case,31
Acute Hepatitis C,2011,Area,District of Columbia,NA,Case,NA
Acute Hepatitis C,2012,Area,District of Columbia,NA,Case,NA
Acute Hepatitis C,2013,Area,District of Columbia,NA,Case,NA
Acute Hepatitis C,2014,Area,District of Columbia,NA,Case,NA
Acute Hepatitis C,2015,Area,District of Columbia,NA,Case,NA
Acute Hepatitis C,2016,Area,District of Columbia,NA,Case,NA
Acute Hepatitis C,2017,Area,District of Columbia,NA,Case,NA
Acute Hepatitis C,2018,Area,District of Columbia,NA,Case,NA
Acute Hepatitis C,2019,Area,District of Columbia,NA,Case,NA
Acute Hepatitis C,2020,Area,District of Columbia,NA,Case,NA
Acute Hepatitis C,2021,Area,District of Columbia,NA,Case,NA
Acute Hepatitis C,2022,Area,District of Columbia,3.6,Case,24
Acute Hepatitis C,2023,Area,District of Columbia,5.2,Case,35
Acute Hepatitis C,2011,Area,Florida,0.3,Case,64
Acute Hepatitis C,2012,Area,Florida,0.6,Case,107
Acute Hepatitis C,2013,Area,Florida,0.7,Case,134
Acute Hepatitis C,2014,Area,Florida,0.5,Case,93
Acute Hepatitis C,2015,Area,Florida,0.6,Case,126
Acute Hepatitis C,2016,Area,Florida,1.1,Case,236
Acute Hepatitis C,2017,Area,Florida,1.7,Case,357
Acute Hepatitis C,2018,Area,Florida,2,Case,435
Acute Hepatitis C,2019,Area,Florida,2.9,Case,616
Acute Hepatitis C,2020,Area,Florida,6.1,Case,NA
Acute Hepatitis C,2021,Area,Florida,7.1,Case,NA
Acute Hepatitis C,2022,Area,Florida,6.6,Case,NA
Acute Hepatitis C,2023,Area,Florida,6.3,Case,NA
Acute Hepatitis C,2011,Area,Georgia,0.5,Case,53
Acute Hepatitis C,2012,Area,Georgia,0.8,Case,82
Acute Hepatitis C,2013,Area,Georgia,0.5,Case,48
Acute Hepatitis C,2014,Area,Georgia,0.6,Case,57
Acute Hepatitis C,2015,Area,Georgia,0.8,Case,84
Acute Hepatitis C,2016,Area,Georgia,0.9,Case,93
Acute Hepatitis C,2017,Area,Georgia,1,Case,100
Acute Hepatitis C,2018,Area,Georgia,0.8,Case,84
Acute Hepatitis C,2019,Area,Georgia,0.6,Case,61
Acute Hepatitis C,2020,Area,Georgia,1.3,Case,138
Acute Hepatitis C,2021,Area,Georgia,1.1,Case,114
Acute Hepatitis C,2022,Area,Georgia,1,Case,105
Acute Hepatitis C,2023,Area,Georgia,0.7,Case,77
Acute Hepatitis C,2011,Area,Hawaii,NA,Case,NA
Acute Hepatitis C,2012,Area,Hawaii,NA,Case,NA
Acute Hepatitis C,2013,Area,Hawaii,NA,Case,NA
Acute Hepatitis C,2014,Area,Hawaii,NA,Case,NA
Acute Hepatitis C,2015,Area,Hawaii,NA,Case,NA
Acute Hepatitis C,2016,Area,Hawaii,NA,Case,NA
Acute Hepatitis C,2017,Area,Hawaii,NA,Case,NA
Acute Hepatitis C,2018,Area,Hawaii,NA,Case,NA
Acute Hepatitis C,2019,Area,Hawaii,0.5,Case,7
Acute Hepatitis C,2020,Area,Hawaii,NA,Case,NA
Acute Hepatitis C,2021,Area,Hawaii,NA,Case,NA
Acute Hepatitis C,2022,Area,Hawaii,NA,Case,NA
Acute Hepatitis C,2023,Area,Hawaii,NA,Case,NA
Acute Hepatitis C,2011,Area,Idaho,0.8,Case,12
Acute Hepatitis C,2012,Area,Idaho,0.7,Case,11
Acute Hepatitis C,2013,Area,Idaho,0.9,Case,14
Acute Hepatitis C,2014,Area,Idaho,0.4,Case,6
Acute Hepatitis C,2015,Area,Idaho,0.2,Case,4
Acute Hepatitis C,2016,Area,Idaho,0.4,Case,7
Acute Hepatitis C,2017,Area,Idaho,0.5,Case,8
Acute Hepatitis C,2018,Area,Idaho,0.2,Case,4
Acute Hepatitis C,2019,Area,Idaho,1,Case,17
Acute Hepatitis C,2020,Area,Idaho,0.1,Case,2
Acute Hepatitis C,2021,Area,Idaho,NA,Case,NA
Acute Hepatitis C,2022,Area,Idaho,0.4,Case,7
Acute Hepatitis C,2023,Area,Idaho,0.6,Case,11
Acute Hepatitis C,2011,Area,Illinois,0,Case,6
Acute Hepatitis C,2012,Area,Illinois,0.2,Case,26
Acute Hepatitis C,2013,Area,Illinois,0.3,Case,37
Acute Hepatitis C,2014,Area,Illinois,0.2,Case,27
Acute Hepatitis C,2015,Area,Illinois,0.2,Case,31
Acute Hepatitis C,2016,Area,Illinois,0.2,Case,21
Acute Hepatitis C,2017,Area,Illinois,0.3,Case,39
Acute Hepatitis C,2018,Area,Illinois,0.7,Case,93
Acute Hepatitis C,2019,Area,Illinois,1.2,Case,156
Acute Hepatitis C,2020,Area,Illinois,1.6,Case,203
Acute Hepatitis C,2021,Area,Illinois,1.8,Case,230
Acute Hepatitis C,2022,Area,Illinois,1.7,Case,218
Acute Hepatitis C,2023,Area,Illinois,1.7,Case,208
Acute Hepatitis C,2011,Area,Indiana,1.3,Case,84
Acute Hepatitis C,2012,Area,Indiana,1.7,Case,110
Acute Hepatitis C,2013,Area,Indiana,2.7,Case,175
Acute Hepatitis C,2014,Area,Indiana,1.8,Case,122
Acute Hepatitis C,2015,Area,Indiana,2.1,Case,138
Acute Hepatitis C,2016,Area,Indiana,2.2,Case,146
Acute Hepatitis C,2017,Area,Indiana,2.9,Case,191
Acute Hepatitis C,2018,Area,Indiana,4,Case,266
Acute Hepatitis C,2019,Area,Indiana,4.8,Case,325
Acute Hepatitis C,2020,Area,Indiana,3.6,Case,243
Acute Hepatitis C,2021,Area,Indiana,2.6,Case,179
Acute Hepatitis C,2022,Area,Indiana,2.2,Case,151
Acute Hepatitis C,2023,Area,Indiana,2.2,Case,150
Acute Hepatitis C,2011,Area,Iowa,NA,Case,NA
Acute Hepatitis C,2012,Area,Iowa,0.1,Case,3
Acute Hepatitis C,2013,Area,Iowa,NA,Case,NA
Acute Hepatitis C,2014,Area,Iowa,NA,Case,NA
Acute Hepatitis C,2015,Area,Iowa,NA,Case,NA
Acute Hepatitis C,2016,Area,Iowa,NA,Case,NA
Acute Hepatitis C,2017,Area,Iowa,NA,Case,NA
Acute Hepatitis C,2018,Area,Iowa,NA,Case,NA
Acute Hepatitis C,2019,Area,Iowa,0.3,Case,10
Acute Hepatitis C,2020,Area,Iowa,0.5,Case,17
Acute Hepatitis C,2021,Area,Iowa,0.7,Case,21
Acute Hepatitis C,2022,Area,Iowa,0.4,Case,14
Acute Hepatitis C,2023,Area,Iowa,0.6,Case,20
Acute Hepatitis C,2011,Area,Kansas,0.3,Case,8
Acute Hepatitis C,2012,Area,Kansas,0.6,Case,16
Acute Hepatitis C,2013,Area,Kansas,0.6,Case,17
Acute Hepatitis C,2014,Area,Kansas,1,Case,28
Acute Hepatitis C,2015,Area,Kansas,0.8,Case,22
Acute Hepatitis C,2016,Area,Kansas,0.5,Case,15
Acute Hepatitis C,2017,Area,Kansas,0.7,Case,19
Acute Hepatitis C,2018,Area,Kansas,0.4,Case,13
Acute Hepatitis C,2019,Area,Kansas,0.7,Case,19
Acute Hepatitis C,2020,Area,Kansas,0.3,Case,9
Acute Hepatitis C,2021,Area,Kansas,0.1,Case,2
Acute Hepatitis C,2022,Area,Kansas,0.5,Case,16
Acute Hepatitis C,2023,Area,Kansas,0.4,Case,11
Acute Hepatitis C,2011,Area,Kentucky,3.2,Case,142
Acute Hepatitis C,2012,Area,Kentucky,4.1,Case,178
Acute Hepatitis C,2013,Area,Kentucky,5.1,Case,226
Acute Hepatitis C,2014,Area,Kentucky,4,Case,176
Acute Hepatitis C,2015,Area,Kentucky,2.7,Case,119
Acute Hepatitis C,2016,Area,Kentucky,2.3,Case,103
Acute Hepatitis C,2017,Area,Kentucky,1.9,Case,83
Acute Hepatitis C,2018,Area,Kentucky,3.7,Case,164
Acute Hepatitis C,2019,Area,Kentucky,2.9,Case,128
Acute Hepatitis C,2020,Area,Kentucky,3.2,Case,143
Acute Hepatitis C,2021,Area,Kentucky,4.4,Case,198
Acute Hepatitis C,2022,Area,Kentucky,5.2,Case,236
Acute Hepatitis C,2023,Area,Kentucky,5.9,Case,268
Acute Hepatitis C,2011,Area,Louisiana,0.2,Case,7
Acute Hepatitis C,2012,Area,Louisiana,0.2,Case,11
Acute Hepatitis C,2013,Area,Louisiana,0.4,Case,19
Acute Hepatitis C,2014,Area,Louisiana,0.5,Case,22
Acute Hepatitis C,2015,Area,Louisiana,0.5,Case,24
Acute Hepatitis C,2016,Area,Louisiana,0.1,Case,5
Acute Hepatitis C,2017,Area,Louisiana,0.1,Case,7
Acute Hepatitis C,2018,Area,Louisiana,0.2,Case,8
Acute Hepatitis C,2019,Area,Louisiana,0.2,Case,8
Acute Hepatitis C,2020,Area,Louisiana,6,Case,281
Acute Hepatitis C,2021,Area,Louisiana,6.7,Case,308
Acute Hepatitis C,2022,Area,Louisiana,3.6,Case,165
Acute Hepatitis C,2023,Area,Louisiana,2.3,Case,107
Acute Hepatitis C,2011,Area,Maine,0.9,Case,12
Acute Hepatitis C,2012,Area,Maine,0.6,Case,8
Acute Hepatitis C,2013,Area,Maine,0.6,Case,8
Acute Hepatitis C,2014,Area,Maine,2.3,Case,31
Acute Hepatitis C,2015,Area,Maine,2.3,Case,30
Acute Hepatitis C,2016,Area,Maine,1.9,Case,25
Acute Hepatitis C,2017,Area,Maine,1.6,Case,21
Acute Hepatitis C,2018,Area,Maine,1.7,Case,23
Acute Hepatitis C,2019,Area,Maine,3.2,Case,43
Acute Hepatitis C,2020,Area,Maine,11.9,Case,160
Acute Hepatitis C,2021,Area,Maine,9.8,Case,134
Acute Hepatitis C,2022,Area,Maine,6.8,Case,94
Acute Hepatitis C,2023,Area,Maine,4.8,Case,67
Acute Hepatitis C,2011,Area,Maryland,0.6,Case,35
Acute Hepatitis C,2012,Area,Maryland,0.7,Case,39
Acute Hepatitis C,2013,Area,Maryland,0.9,Case,53
Acute Hepatitis C,2014,Area,Maryland,0.7,Case,42
Acute Hepatitis C,2015,Area,Maryland,0.6,Case,38
Acute Hepatitis C,2016,Area,Maryland,0.6,Case,35
Acute Hepatitis C,2017,Area,Maryland,0.5,Case,32
Acute Hepatitis C,2018,Area,Maryland,0.6,Case,38
Acute Hepatitis C,2019,Area,Maryland,0.5,Case,33
Acute Hepatitis C,2020,Area,Maryland,0.8,Case,47
Acute Hepatitis C,2021,Area,Maryland,0.8,Case,51
Acute Hepatitis C,2022,Area,Maryland,0.7,Case,42
Acute Hepatitis C,2023,Area,Maryland,1,Case,64
Acute Hepatitis C,2011,Area,Massachusetts,0.3,Case,23
Acute Hepatitis C,2012,Area,Massachusetts,0.6,Case,37
Acute Hepatitis C,2013,Area,Massachusetts,2.6,Case,174
Acute Hepatitis C,2014,Area,Massachusetts,3.4,Case,228
Acute Hepatitis C,2015,Area,Massachusetts,3.7,Case,249
Acute Hepatitis C,2016,Area,Massachusetts,6.2,Case,424
Acute Hepatitis C,2017,Area,Massachusetts,4.8,Case,327
Acute Hepatitis C,2018,Area,Massachusetts,1.6,Case,110
Acute Hepatitis C,2019,Area,Massachusetts,2.3,Case,161
Acute Hepatitis C,2020,Area,Massachusetts,2.2,Case,150
Acute Hepatitis C,2021,Area,Massachusetts,2.3,Case,161
Acute Hepatitis C,2022,Area,Massachusetts,2,Case,137
Acute Hepatitis C,2023,Area,Massachusetts,1.8,Case,123
Acute Hepatitis C,2011,Area,Michigan,0.3,Case,32
Acute Hepatitis C,2012,Area,Michigan,0.8,Case,76
Acute Hepatitis C,2013,Area,Michigan,0.7,Case,74
Acute Hepatitis C,2014,Area,Michigan,0.8,Case,78
Acute Hepatitis C,2015,Area,Michigan,0.8,Case,83
Acute Hepatitis C,2016,Area,Michigan,1.1,Case,107
Acute Hepatitis C,2017,Area,Michigan,1.5,Case,152
Acute Hepatitis C,2018,Area,Michigan,1.4,Case,142
Acute Hepatitis C,2019,Area,Michigan,1.2,Case,117
Acute Hepatitis C,2020,Area,Michigan,1.2,Case,119
Acute Hepatitis C,2021,Area,Michigan,1,Case,103
Acute Hepatitis C,2022,Area,Michigan,1,Case,101
Acute Hepatitis C,2023,Area,Michigan,0.7,Case,75
Acute Hepatitis C,2011,Area,Minnesota,0.3,Case,17
Acute Hepatitis C,2012,Area,Minnesota,0.6,Case,32
Acute Hepatitis C,2013,Area,Minnesota,0.9,Case,47
Acute Hepatitis C,2014,Area,Minnesota,0.7,Case,40
Acute Hepatitis C,2015,Area,Minnesota,0.7,Case,37
Acute Hepatitis C,2016,Area,Minnesota,0.9,Case,51
Acute Hepatitis C,2017,Area,Minnesota,1,Case,57
Acute Hepatitis C,2018,Area,Minnesota,1.1,Case,60
Acute Hepatitis C,2019,Area,Minnesota,1.1,Case,62
Acute Hepatitis C,2020,Area,Minnesota,1,Case,58
Acute Hepatitis C,2021,Area,Minnesota,1.1,Case,64
Acute Hepatitis C,2022,Area,Minnesota,0.9,Case,50
Acute Hepatitis C,2023,Area,Minnesota,0.8,Case,47
Acute Hepatitis C,2011,Area,Mississippi,NA,Case,NA
Acute Hepatitis C,2012,Area,Mississippi,NA,Case,NA
Acute Hepatitis C,2013,Area,Mississippi,NA,Case,NA
Acute Hepatitis C,2014,Area,Mississippi,NA,Case,NA
Acute Hepatitis C,2015,Area,Mississippi,NA,Case,NA
Acute Hepatitis C,2016,Area,Mississippi,NA,Case,NA
Acute Hepatitis C,2017,Area,Mississippi,NA,Case,NA
Acute Hepatitis C,2018,Area,Mississippi,NA,Case,NA
Acute Hepatitis C,2019,Area,Mississippi,NA,Case,NA
Acute Hepatitis C,2020,Area,Mississippi,1.3,Case,40
Acute Hepatitis C,2021,Area,Mississippi,0.1,Case,3
Acute Hepatitis C,2022,Area,Mississippi,0.1,Case,3
Acute Hepatitis C,2023,Area,Mississippi,0.8,Case,23
Acute Hepatitis C,2011,Area,Missouri,0.1,Case,8
Acute Hepatitis C,2012,Area,Missouri,0.1,Case,4
Acute Hepatitis C,2013,Area,Missouri,0.1,Case,6
Acute Hepatitis C,2014,Area,Missouri,0.1,Case,6
Acute Hepatitis C,2015,Area,Missouri,0.1,Case,8
Acute Hepatitis C,2016,Area,Missouri,0.4,Case,24
Acute Hepatitis C,2017,Area,Missouri,0.8,Case,49
Acute Hepatitis C,2018,Area,Missouri,1.2,Case,74
Acute Hepatitis C,2019,Area,Missouri,0.7,Case,41
Acute Hepatitis C,2020,Area,Missouri,0.4,Case,25
Acute Hepatitis C,2021,Area,Missouri,0.2,Case,11
Acute Hepatitis C,2022,Area,Missouri,0.3,Case,16
Acute Hepatitis C,2023,Area,Missouri,0.2,Case,14
Acute Hepatitis C,2011,Area,Montana,0.9,Case,9
Acute Hepatitis C,2012,Area,Montana,0.9,Case,9
Acute Hepatitis C,2013,Area,Montana,1.6,Case,16
Acute Hepatitis C,2014,Area,Montana,1.3,Case,13
Acute Hepatitis C,2015,Area,Montana,1.5,Case,15
Acute Hepatitis C,2016,Area,Montana,1.9,Case,20
Acute Hepatitis C,2017,Area,Montana,1.3,Case,14
Acute Hepatitis C,2018,Area,Montana,0.8,Case,8
Acute Hepatitis C,2019,Area,Montana,1.6,Case,17
Acute Hepatitis C,2020,Area,Montana,1.6,Case,17
Acute Hepatitis C,2021,Area,Montana,2.4,Case,26
Acute Hepatitis C,2022,Area,Montana,2.8,Case,31
Acute Hepatitis C,2023,Area,Montana,1.9,Case,22
Acute Hepatitis C,2011,Area,Nebraska,0.1,Case,2
Acute Hepatitis C,2012,Area,Nebraska,0.2,Case,3
Acute Hepatitis C,2013,Area,Nebraska,0.1,Case,2
Acute Hepatitis C,2014,Area,Nebraska,0.1,Case,2
Acute Hepatitis C,2015,Area,Nebraska,0.4,Case,8
Acute Hepatitis C,2016,Area,Nebraska,0.1,Case,2
Acute Hepatitis C,2017,Area,Nebraska,0.1,Case,2
Acute Hepatitis C,2018,Area,Nebraska,0.1,Case,2
Acute Hepatitis C,2019,Area,Nebraska,0.2,Case,4
Acute Hepatitis C,2020,Area,Nebraska,0.5,Case,9
Acute Hepatitis C,2021,Area,Nebraska,0.5,Case,10
Acute Hepatitis C,2022,Area,Nebraska,0.3,Case,6
Acute Hepatitis C,2023,Area,Nebraska,0.9,Case,17
Acute Hepatitis C,2011,Area,Nevada,0.4,Case,10
Acute Hepatitis C,2012,Area,Nevada,0.4,Case,12
Acute Hepatitis C,2013,Area,Nevada,0.3,Case,9
Acute Hepatitis C,2014,Area,Nevada,0.2,Case,6
Acute Hepatitis C,2015,Area,Nevada,0.4,Case,12
Acute Hepatitis C,2016,Area,Nevada,0.5,Case,16
Acute Hepatitis C,2017,Area,Nevada,1.2,Case,35
Acute Hepatitis C,2018,Area,Nevada,0.6,Case,19
Acute Hepatitis C,2019,Area,Nevada,0.5,Case,15
Acute Hepatitis C,2020,Area,Nevada,0.4,Case,12
Acute Hepatitis C,2021,Area,Nevada,0.2,Case,7
Acute Hepatitis C,2022,Area,Nevada,0.4,Case,14
Acute Hepatitis C,2023,Area,Nevada,0.3,Case,9
Acute Hepatitis C,2011,Area,New Hampshire,NA,Case,NA
Acute Hepatitis C,2012,Area,New Hampshire,NA,Case,NA
Acute Hepatitis C,2013,Area,New Hampshire,NA,Case,NA
Acute Hepatitis C,2014,Area,New Hampshire,NA,Case,NA
Acute Hepatitis C,2015,Area,New Hampshire,NA,Case,NA
Acute Hepatitis C,2016,Area,New Hampshire,NA,Case,NA
Acute Hepatitis C,2017,Area,New Hampshire,1.9,Case,25
Acute Hepatitis C,2018,Area,New Hampshire,1.8,Case,25
Acute Hepatitis C,2019,Area,New Hampshire,1.5,Case,20
Acute Hepatitis C,2020,Area,New Hampshire,0.4,Case,6
Acute Hepatitis C,2021,Area,New Hampshire,0.2,Case,3
Acute Hepatitis C,2022,Area,New Hampshire,0.4,Case,6
Acute Hepatitis C,2023,Area,New Hampshire,1.7,Case,24
Acute Hepatitis C,2011,Area,New Jersey,0.6,Case,53
Acute Hepatitis C,2012,Area,New Jersey,0.8,Case,71
Acute Hepatitis C,2013,Area,New Jersey,1.2,Case,106
Acute Hepatitis C,2014,Area,New Jersey,1.3,Case,113
Acute Hepatitis C,2015,Area,New Jersey,1.5,Case,130
Acute Hepatitis C,2016,Area,New Jersey,1.4,Case,122
Acute Hepatitis C,2017,Area,New Jersey,1.4,Case,125
Acute Hepatitis C,2018,Area,New Jersey,1.1,Case,96
Acute Hepatitis C,2019,Area,New Jersey,1.1,Case,99
Acute Hepatitis C,2020,Area,New Jersey,1.3,Case,115
Acute Hepatitis C,2021,Area,New Jersey,0.9,Case,88
Acute Hepatitis C,2022,Area,New Jersey,0.7,Case,67
Acute Hepatitis C,2023,Area,New Jersey,0.9,Case,87
Acute Hepatitis C,2011,Area,New Mexico,0.7,Case,14
Acute Hepatitis C,2012,Area,New Mexico,1,Case,21
Acute Hepatitis C,2013,Area,New Mexico,0.6,Case,12
Acute Hepatitis C,2014,Area,New Mexico,0.8,Case,16
Acute Hepatitis C,2015,Area,New Mexico,1.9,Case,40
Acute Hepatitis C,2016,Area,New Mexico,0.9,Case,18
Acute Hepatitis C,2017,Area,New Mexico,0.8,Case,16
Acute Hepatitis C,2018,Area,New Mexico,1,Case,22
Acute Hepatitis C,2019,Area,New Mexico,0.5,Case,10
Acute Hepatitis C,2020,Area,New Mexico,0,Case,1
Acute Hepatitis C,2021,Area,New Mexico,NA,Case,NA
Acute Hepatitis C,2022,Area,New Mexico,0.9,Case,20
Acute Hepatitis C,2023,Area,New Mexico,0.3,Case,6
Acute Hepatitis C,2011,Area,New York,0.3,Case,52
Acute Hepatitis C,2012,Area,New York,0.5,Case,93
Acute Hepatitis C,2013,Area,New York,0.7,Case,131
Acute Hepatitis C,2014,Area,New York,0.6,Case,126
Acute Hepatitis C,2015,Area,New York,0.6,Case,121
Acute Hepatitis C,2016,Area,New York,0.9,Case,179
Acute Hepatitis C,2017,Area,New York,0.9,Case,188
Acute Hepatitis C,2018,Area,New York,1.2,Case,236
Acute Hepatitis C,2019,Area,New York,1.6,Case,306
Acute Hepatitis C,2020,Area,New York,1.8,Case,340
Acute Hepatitis C,2021,Area,New York,1.4,Case,283
Acute Hepatitis C,2022,Area,New York,1.9,Case,375
Acute Hepatitis C,2023,Area,New York,1.9,Case,371
Acute Hepatitis C,2011,Area,North Carolina,0.6,Case,60
Acute Hepatitis C,2012,Area,North Carolina,0.6,Case,63
Acute Hepatitis C,2013,Area,North Carolina,0.8,Case,79
Acute Hepatitis C,2014,Area,North Carolina,1.1,Case,111
Acute Hepatitis C,2015,Area,North Carolina,1.4,Case,144
Acute Hepatitis C,2016,Area,North Carolina,0.8,Case,82
Acute Hepatitis C,2017,Area,North Carolina,1.1,Case,114
Acute Hepatitis C,2018,Area,North Carolina,1.4,Case,149
Acute Hepatitis C,2019,Area,North Carolina,1.4,Case,150
Acute Hepatitis C,2020,Area,North Carolina,0.7,Case,75
Acute Hepatitis C,2021,Area,North Carolina,0.6,Case,67
Acute Hepatitis C,2022,Area,North Carolina,0.5,Case,57
Acute Hepatitis C,2023,Area,North Carolina,0.5,Case,57
Acute Hepatitis C,2011,Area,North Dakota,NA,Case,NA
Acute Hepatitis C,2012,Area,North Dakota,NA,Case,NA
Acute Hepatitis C,2013,Area,North Dakota,0.6,Case,4
Acute Hepatitis C,2014,Area,North Dakota,NA,Case,NA
Acute Hepatitis C,2015,Area,North Dakota,NA,Case,NA
Acute Hepatitis C,2016,Area,North Dakota,0.1,Case,1
Acute Hepatitis C,2017,Area,North Dakota,0.1,Case,1
Acute Hepatitis C,2018,Area,North Dakota,1.3,Case,10
Acute Hepatitis C,2019,Area,North Dakota,NA,Case,NA
Acute Hepatitis C,2020,Area,North Dakota,NA,Case,NA
Acute Hepatitis C,2021,Area,North Dakota,NA,Case,NA
Acute Hepatitis C,2022,Area,North Dakota,NA,Case,NA
Acute Hepatitis C,2023,Area,North Dakota,1.7,Case,13
Acute Hepatitis C,2011,Area,Ohio,0.1,Case,6
Acute Hepatitis C,2012,Area,Ohio,0.1,Case,7
Acute Hepatitis C,2013,Area,Ohio,1,Case,116
Acute Hepatitis C,2014,Area,Ohio,0.9,Case,105
Acute Hepatitis C,2015,Area,Ohio,1.1,Case,122
Acute Hepatitis C,2016,Area,Ohio,1.6,Case,187
Acute Hepatitis C,2017,Area,Ohio,1.4,Case,159
Acute Hepatitis C,2018,Area,Ohio,2.4,Case,282
Acute Hepatitis C,2019,Area,Ohio,2.4,Case,281
Acute Hepatitis C,2020,Area,Ohio,1.6,Case,186
Acute Hepatitis C,2021,Area,Ohio,1.1,Case,126
Acute Hepatitis C,2022,Area,Ohio,0.8,Case,90
Acute Hepatitis C,2023,Area,Ohio,0.7,Case,87
Acute Hepatitis C,2011,Area,Oklahoma,1.4,Case,53
Acute Hepatitis C,2012,Area,Oklahoma,2.1,Case,80
Acute Hepatitis C,2013,Area,Oklahoma,1,Case,40
Acute Hepatitis C,2014,Area,Oklahoma,1.2,Case,45
Acute Hepatitis C,2015,Area,Oklahoma,0.9,Case,35
Acute Hepatitis C,2016,Area,Oklahoma,0.8,Case,32
Acute Hepatitis C,2017,Area,Oklahoma,1.2,Case,46
Acute Hepatitis C,2018,Area,Oklahoma,0.7,Case,28
Acute Hepatitis C,2019,Area,Oklahoma,0.6,Case,23
Acute Hepatitis C,2020,Area,Oklahoma,0.5,Case,20
Acute Hepatitis C,2021,Area,Oklahoma,0.8,Case,30
Acute Hepatitis C,2022,Area,Oklahoma,0.5,Case,22
Acute Hepatitis C,2023,Area,Oklahoma,0.6,Case,23
Acute Hepatitis C,2011,Area,Oregon,0.5,Case,20
Acute Hepatitis C,2012,Area,Oregon,0.9,Case,37
Acute Hepatitis C,2013,Area,Oregon,0.4,Case,14
Acute Hepatitis C,2014,Area,Oregon,0.4,Case,15
Acute Hepatitis C,2015,Area,Oregon,0.3,Case,13
Acute Hepatitis C,2016,Area,Oregon,0.5,Case,19
Acute Hepatitis C,2017,Area,Oregon,0.8,Case,35
Acute Hepatitis C,2018,Area,Oregon,0.3,Case,14
Acute Hepatitis C,2019,Area,Oregon,0.5,Case,23
Acute Hepatitis C,2020,Area,Oregon,0.7,Case,30
Acute Hepatitis C,2021,Area,Oregon,0.5,Case,21
Acute Hepatitis C,2022,Area,Oregon,0.3,Case,12
Acute Hepatitis C,2023,Area,Oregon,0.3,Case,11
Acute Hepatitis C,2011,Area,Pennsylvania,0.3,Case,35
Acute Hepatitis C,2012,Area,Pennsylvania,0.5,Case,66
Acute Hepatitis C,2013,Area,Pennsylvania,0.6,Case,81
Acute Hepatitis C,2014,Area,Pennsylvania,0.5,Case,69
Acute Hepatitis C,2015,Area,Pennsylvania,1,Case,129
Acute Hepatitis C,2016,Area,Pennsylvania,1.8,Case,225
Acute Hepatitis C,2017,Area,Pennsylvania,1.7,Case,224
Acute Hepatitis C,2018,Area,Pennsylvania,1.9,Case,249
Acute Hepatitis C,2019,Area,Pennsylvania,1.6,Case,210
Acute Hepatitis C,2020,Area,Pennsylvania,1.1,Case,146
Acute Hepatitis C,2021,Area,Pennsylvania,1.2,Case,158
Acute Hepatitis C,2022,Area,Pennsylvania,1.6,Case,213
Acute Hepatitis C,2023,Area,Pennsylvania,1.3,Case,173
Acute Hepatitis C,2011,Area,Rhode Island,NA,Case,NA
Acute Hepatitis C,2012,Area,Rhode Island,NA,Case,NA
Acute Hepatitis C,2013,Area,Rhode Island,NA,Case,NA
Acute Hepatitis C,2014,Area,Rhode Island,NA,Case,NA
Acute Hepatitis C,2015,Area,Rhode Island,NA,Case,NA
Acute Hepatitis C,2016,Area,Rhode Island,NA,Case,NA
Acute Hepatitis C,2017,Area,Rhode Island,NA,Case,NA
Acute Hepatitis C,2018,Area,Rhode Island,NA,Case,NA
Acute Hepatitis C,2019,Area,Rhode Island,NA,Case,NA
Acute Hepatitis C,2020,Area,Rhode Island,NA,Case,NA
Acute Hepatitis C,2021,Area,Rhode Island,NA,Case,NA
Acute Hepatitis C,2022,Area,Rhode Island,1.3,Case,14
Acute Hepatitis C,2023,Area,Rhode Island,2.1,Case,23
Acute Hepatitis C,2011,Area,South Carolina,0,Case,1
Acute Hepatitis C,2012,Area,South Carolina,0,Case,1
Acute Hepatitis C,2013,Area,South Carolina,NA,Case,NA
Acute Hepatitis C,2014,Area,South Carolina,0.1,Case,4
Acute Hepatitis C,2015,Area,South Carolina,0.1,Case,5
Acute Hepatitis C,2016,Area,South Carolina,0.2,Case,10
Acute Hepatitis C,2017,Area,South Carolina,0.3,Case,13
Acute Hepatitis C,2018,Area,South Carolina,0.3,Case,15
Acute Hepatitis C,2019,Area,South Carolina,0.2,Case,9
Acute Hepatitis C,2020,Area,South Carolina,0.1,Case,6
Acute Hepatitis C,2021,Area,South Carolina,0,Case,2
Acute Hepatitis C,2022,Area,South Carolina,0,Case,2
Acute Hepatitis C,2023,Area,South Carolina,0.5,Case,25
Acute Hepatitis C,2011,Area,South Dakota,NA,Case,NA
Acute Hepatitis C,2012,Area,South Dakota,NA,Case,NA
Acute Hepatitis C,2013,Area,South Dakota,0.1,Case,1
Acute Hepatitis C,2014,Area,South Dakota,NA,Case,NA
Acute Hepatitis C,2015,Area,South Dakota,NA,Case,NA
Acute Hepatitis C,2016,Area,South Dakota,2.3,Case,20
Acute Hepatitis C,2017,Area,South Dakota,2.2,Case,19
Acute Hepatitis C,2018,Area,South Dakota,2.2,Case,19
Acute Hepatitis C,2019,Area,South Dakota,3.2,Case,28
Acute Hepatitis C,2020,Area,South Dakota,0.8,Case,7
Acute Hepatitis C,2021,Area,South Dakota,0.4,Case,4
Acute Hepatitis C,2022,Area,South Dakota,1.8,Case,16
Acute Hepatitis C,2023,Area,South Dakota,1.1,Case,10
Acute Hepatitis C,2011,Area,Tennessee,1.3,Case,83
Acute Hepatitis C,2012,Area,Tennessee,2,Case,129
Acute Hepatitis C,2013,Area,Tennessee,1.5,Case,98
Acute Hepatitis C,2014,Area,Tennessee,1.9,Case,123
Acute Hepatitis C,2015,Area,Tennessee,2.6,Case,173
Acute Hepatitis C,2016,Area,Tennessee,2.3,Case,150
Acute Hepatitis C,2017,Area,Tennessee,2.1,Case,142
Acute Hepatitis C,2018,Area,Tennessee,2.3,Case,157
Acute Hepatitis C,2019,Area,Tennessee,3,Case,202
Acute Hepatitis C,2020,Area,Tennessee,2.5,Case,170
Acute Hepatitis C,2021,Area,Tennessee,3,Case,208
Acute Hepatitis C,2022,Area,Tennessee,2.9,Case,206
Acute Hepatitis C,2023,Area,Tennessee,5.1,Case,365
Acute Hepatitis C,2011,Area,Texas,0.1,Case,37
Acute Hepatitis C,2012,Area,Texas,0.2,Case,44
Acute Hepatitis C,2013,Area,Texas,0.1,Case,28
Acute Hepatitis C,2014,Area,Texas,0.2,Case,47
Acute Hepatitis C,2015,Area,Texas,0.2,Case,48
Acute Hepatitis C,2016,Area,Texas,0.1,Case,40
Acute Hepatitis C,2017,Area,Texas,0.1,Case,35
Acute Hepatitis C,2018,Area,Texas,0.2,Case,46
Acute Hepatitis C,2019,Area,Texas,0.2,Case,58
Acute Hepatitis C,2020,Area,Texas,0.1,Case,17
Acute Hepatitis C,2021,Area,Texas,0.1,Case,23
Acute Hepatitis C,2022,Area,Texas,0.1,Case,42
Acute Hepatitis C,2023,Area,Texas,0.1,Case,45
Acute Hepatitis C,2011,Area,Utah,0.4,Case,10
Acute Hepatitis C,2012,Area,Utah,0.6,Case,17
Acute Hepatitis C,2013,Area,Utah,0.4,Case,11
Acute Hepatitis C,2014,Area,Utah,1.3,Case,38
Acute Hepatitis C,2015,Area,Utah,1,Case,30
Acute Hepatitis C,2016,Area,Utah,2.5,Case,76
Acute Hepatitis C,2017,Area,Utah,2.6,Case,81
Acute Hepatitis C,2018,Area,Utah,3.8,Case,120
Acute Hepatitis C,2019,Area,Utah,4,Case,127
Acute Hepatitis C,2020,Area,Utah,3.2,Case,104
Acute Hepatitis C,2021,Area,Utah,4.5,Case,149
Acute Hepatitis C,2022,Area,Utah,5.5,Case,185
Acute Hepatitis C,2023,Area,Utah,4.8,Case,164
Acute Hepatitis C,2011,Area,Vermont,1,Case,6
Acute Hepatitis C,2012,Area,Vermont,1,Case,6
Acute Hepatitis C,2013,Area,Vermont,0.5,Case,3
Acute Hepatitis C,2014,Area,Vermont,0.6,Case,4
Acute Hepatitis C,2015,Area,Vermont,0.2,Case,1
Acute Hepatitis C,2016,Area,Vermont,0.8,Case,5
Acute Hepatitis C,2017,Area,Vermont,1.4,Case,9
Acute Hepatitis C,2018,Area,Vermont,0.6,Case,4
Acute Hepatitis C,2019,Area,Vermont,1,Case,6
Acute Hepatitis C,2020,Area,Vermont,0.2,Case,1
Acute Hepatitis C,2021,Area,Vermont,NA,Case,NA
Acute Hepatitis C,2022,Area,Vermont,3.4,Case,22
Acute Hepatitis C,2023,Area,Vermont,3.6,Case,23
Acute Hepatitis C,2011,Area,Virginia,0.3,Case,25
Acute Hepatitis C,2012,Area,Virginia,0.9,Case,76
Acute Hepatitis C,2013,Area,Virginia,0.5,Case,41
Acute Hepatitis C,2014,Area,Virginia,0.6,Case,54
Acute Hepatitis C,2015,Area,Virginia,0.6,Case,52
Acute Hepatitis C,2016,Area,Virginia,0.5,Case,43
Acute Hepatitis C,2017,Area,Virginia,0.7,Case,62
Acute Hepatitis C,2018,Area,Virginia,0.6,Case,47
Acute Hepatitis C,2019,Area,Virginia,0.8,Case,70
Acute Hepatitis C,2020,Area,Virginia,0.3,Case,29
Acute Hepatitis C,2021,Area,Virginia,0.3,Case,27
Acute Hepatitis C,2022,Area,Virginia,0.3,Case,22
Acute Hepatitis C,2023,Area,Virginia,0.4,Case,32
Acute Hepatitis C,2011,Area,Washington,0.6,Case,41
Acute Hepatitis C,2012,Area,Washington,0.8,Case,54
Acute Hepatitis C,2013,Area,Washington,0.9,Case,63
Acute Hepatitis C,2014,Area,Washington,1.2,Case,82
Acute Hepatitis C,2015,Area,Washington,0.9,Case,63
Acute Hepatitis C,2016,Area,Washington,0.9,Case,62
Acute Hepatitis C,2017,Area,Washington,0.7,Case,52
Acute Hepatitis C,2018,Area,Washington,1.3,Case,101
Acute Hepatitis C,2019,Area,Washington,1.1,Case,81
Acute Hepatitis C,2020,Area,Washington,1.4,Case,105
Acute Hepatitis C,2021,Area,Washington,1.4,Case,110
Acute Hepatitis C,2022,Area,Washington,1.3,Case,101
Acute Hepatitis C,2023,Area,Washington,1.2,Case,93
Acute Hepatitis C,2011,Area,West Virginia,2.5,Case,46
Acute Hepatitis C,2012,Area,West Virginia,3,Case,55
Acute Hepatitis C,2013,Area,West Virginia,3.1,Case,58
Acute Hepatitis C,2014,Area,West Virginia,3.4,Case,62
Acute Hepatitis C,2015,Area,West Virginia,3.4,Case,63
Acute Hepatitis C,2016,Area,West Virginia,5.1,Case,94
Acute Hepatitis C,2017,Area,West Virginia,5.6,Case,102
Acute Hepatitis C,2018,Area,West Virginia,3.9,Case,70
Acute Hepatitis C,2019,Area,West Virginia,4.4,Case,79
Acute Hepatitis C,2020,Area,West Virginia,5.3,Case,94
Acute Hepatitis C,2021,Area,West Virginia,4,Case,71
Acute Hepatitis C,2022,Area,West Virginia,4.8,Case,85
Acute Hepatitis C,2023,Area,West Virginia,6.4,Case,114
Acute Hepatitis C,2011,Area,Wisconsin,0.3,Case,15
Acute Hepatitis C,2012,Area,Wisconsin,0.5,Case,26
Acute Hepatitis C,2013,Area,Wisconsin,0.7,Case,40
Acute Hepatitis C,2014,Area,Wisconsin,0.9,Case,49
Acute Hepatitis C,2015,Area,Wisconsin,1.1,Case,64
Acute Hepatitis C,2016,Area,Wisconsin,1.8,Case,103
Acute Hepatitis C,2017,Area,Wisconsin,1.6,Case,94
Acute Hepatitis C,2018,Area,Wisconsin,2.3,Case,134
Acute Hepatitis C,2019,Area,Wisconsin,1.9,Case,112
Acute Hepatitis C,2020,Area,Wisconsin,1.6,Case,93
Acute Hepatitis C,2021,Area,Wisconsin,2.3,Case,133
Acute Hepatitis C,2022,Area,Wisconsin,1.7,Case,99
Acute Hepatitis C,2023,Area,Wisconsin,1.3,Case,78
Acute Hepatitis C,2011,Area,Wyoming,0.4,Case,2
Acute Hepatitis C,2012,Area,Wyoming,NA,Case,NA
Acute Hepatitis C,2013,Area,Wyoming,NA,Case,NA
Acute Hepatitis C,2014,Area,Wyoming,NA,Case,NA
Acute Hepatitis C,2015,Area,Wyoming,NA,Case,NA
Acute Hepatitis C,2016,Area,Wyoming,NA,Case,NA
Acute Hepatitis C,2017,Area,Wyoming,0.9,Case,5
Acute Hepatitis C,2018,Area,Wyoming,3.8,Case,22
Acute Hepatitis C,2019,Area,Wyoming,0.9,Case,5
Acute Hepatitis C,2020,Area,Wyoming,NA,Case,NA
Acute Hepatitis C,2021,Area,Wyoming,0.3,Case,2
Acute Hepatitis C,2022,Area,Wyoming,0.3,Case,2
Acute Hepatitis C,2023,Area,Wyoming,0.3,Case,2
Chronic Hepatitis B,2011,Area,Total,6.6,Case,20458
Chronic Hepatitis B,2012,Area,Total,5.9,Case,18586
Chronic Hepatitis B,2013,Area,Total,7.1,Case,22533
Chronic Hepatitis B,2014,Area,Total,4.9,Case,12399
Chronic Hepatitis B,2015,Area,Total,5.4,Case,14416
Chronic Hepatitis B,2016,Area,Total,5.4,Case,14847
Chronic Hepatitis B,2017,Area,Total,6,Case,13391
Chronic Hepatitis B,2018,Area,Total,6.1,Case,14207
Chronic Hepatitis B,2019,Area,Total,5.9,Case,13859
Chronic Hepatitis B,2020,Area,Total,5,Case,11635
Chronic Hepatitis B,2021,Area,Total,5.9,Case,14229
Chronic Hepatitis B,2022,Area,Total,5.8,Case,16729
Chronic Hepatitis B,2023,Area,Total,6.1,Case,17650
Chronic Hepatitis B,2011,Area,Alabama,NA,Case,NA
Chronic Hepatitis B,2012,Area,Alabama,NA,Case,NA
Chronic Hepatitis B,2013,Area,Alabama,NA,Case,NA
Chronic Hepatitis B,2014,Area,Alabama,NA,Case,NA
Chronic Hepatitis B,2015,Area,Alabama,NA,Case,NA
Chronic Hepatitis B,2016,Area,Alabama,NA,Case,NA
Chronic Hepatitis B,2017,Area,Alabama,NA,Case,NA
Chronic Hepatitis B,2018,Area,Alabama,NA,Case,NA
Chronic Hepatitis B,2019,Area,Alabama,NA,Case,NA
Chronic Hepatitis B,2020,Area,Alabama,NA,Case,NA
Chronic Hepatitis B,2021,Area,Alabama,NA,Case,NA
Chronic Hepatitis B,2022,Area,Alabama,NA,Case,NA
Chronic Hepatitis B,2023,Area,Alabama,0.2,Case,8
Chronic Hepatitis B,2011,Area,Alaska,0.8,Case,6
Chronic Hepatitis B,2012,Area,Alaska,16.8,Case,123
Chronic Hepatitis B,2013,Area,Alaska,0.5,Case,4
Chronic Hepatitis B,2014,Area,Alaska,NA,Case,NA
Chronic Hepatitis B,2015,Area,Alaska,NA,Case,NA
Chronic Hepatitis B,2016,Area,Alaska,11.9,Case,88
Chronic Hepatitis B,2017,Area,Alaska,6.8,Case,50
Chronic Hepatitis B,2018,Area,Alaska,4.1,Case,30
Chronic Hepatitis B,2019,Area,Alaska,3,Case,22
Chronic Hepatitis B,2020,Area,Alaska,6.6,Case,48
Chronic Hepatitis B,2021,Area,Alaska,4.9,Case,36
Chronic Hepatitis B,2022,Area,Alaska,3.3,Case,24
Chronic Hepatitis B,2023,Area,Alaska,2.7,Case,20
Chronic Hepatitis B,2011,Area,Arizona,0.8,Case,55
Chronic Hepatitis B,2012,Area,Arizona,2.4,Case,156
Chronic Hepatitis B,2013,Area,Arizona,1.8,Case,119
Chronic Hepatitis B,2014,Area,Arizona,1.5,Case,98
Chronic Hepatitis B,2015,Area,Arizona,1.9,Case,133
Chronic Hepatitis B,2016,Area,Arizona,2.5,Case,175
Chronic Hepatitis B,2017,Area,Arizona,2.7,Case,192
Chronic Hepatitis B,2018,Area,Arizona,2.5,Case,180
Chronic Hepatitis B,2019,Area,Arizona,1.3,Case,98
Chronic Hepatitis B,2020,Area,Arizona,0.6,Case,41
Chronic Hepatitis B,2021,Area,Arizona,0.6,Case,42
Chronic Hepatitis B,2022,Area,Arizona,0.5,Case,35
Chronic Hepatitis B,2023,Area,Arizona,1.3,Case,95
Chronic Hepatitis B,2011,Area,Arkansas,NA,Case,NA
Chronic Hepatitis B,2012,Area,Arkansas,NA,Case,NA
Chronic Hepatitis B,2013,Area,Arkansas,NA,Case,NA
Chronic Hepatitis B,2014,Area,Arkansas,NA,Case,NA
Chronic Hepatitis B,2015,Area,Arkansas,NA,Case,NA
Chronic Hepatitis B,2016,Area,Arkansas,NA,Case,NA
Chronic Hepatitis B,2017,Area,Arkansas,NA,Case,NA
Chronic Hepatitis B,2018,Area,Arkansas,NA,Case,NA
Chronic Hepatitis B,2019,Area,Arkansas,NA,Case,NA
Chronic Hepatitis B,2020,Area,Arkansas,NA,Case,NA
Chronic Hepatitis B,2021,Area,Arkansas,NA,Case,NA
Chronic Hepatitis B,2022,Area,Arkansas,NA,Case,NA
Chronic Hepatitis B,2023,Area,Arkansas,NA,Case,NA
Chronic Hepatitis B,2011,Area,California,2.2,Case,811
Chronic Hepatitis B,2012,Area,California,2.6,Case,981
Chronic Hepatitis B,2013,Area,California,1.8,Case,678
Chronic Hepatitis B,2014,Area,California,2.9,Case,NA
Chronic Hepatitis B,2015,Area,California,2.6,Case,NA
Chronic Hepatitis B,2016,Area,California,2,Case,787
Chronic Hepatitis B,2017,Area,California,NA,Case,NA
Chronic Hepatitis B,2018,Area,California,NA,Case,NA
Chronic Hepatitis B,2019,Area,California,NA,Case,NA
Chronic Hepatitis B,2020,Area,California,NA,Case,NA
Chronic Hepatitis B,2021,Area,California,NA,Case,NA
Chronic Hepatitis B,2022,Area,California,5.7,Case,NA
Chronic Hepatitis B,2023,Area,California,3.7,Case,NA
Chronic Hepatitis B,2011,Area,Colorado,2.7,Case,137
Chronic Hepatitis B,2012,Area,Colorado,1.9,Case,100
Chronic Hepatitis B,2013,Area,Colorado,1.9,Case,100
Chronic Hepatitis B,2014,Area,Colorado,2.7,Case,144
Chronic Hepatitis B,2015,Area,Colorado,3,Case,163
Chronic Hepatitis B,2016,Area,Colorado,3,Case,165
Chronic Hepatitis B,2017,Area,Colorado,2.3,Case,129
Chronic Hepatitis B,2018,Area,Colorado,3.3,Case,186
Chronic Hepatitis B,2019,Area,Colorado,3.5,Case,203
Chronic Hepatitis B,2020,Area,Colorado,3.1,Case,180
Chronic Hepatitis B,2021,Area,Colorado,4,Case,235
Chronic Hepatitis B,2022,Area,Colorado,3.6,Case,208
Chronic Hepatitis B,2023,Area,Colorado,2.9,Case,170
Chronic Hepatitis B,2011,Area,Connecticut,9.8,Case,351
Chronic Hepatitis B,2012,Area,Connecticut,8.7,Case,311
Chronic Hepatitis B,2013,Area,Connecticut,1.4,Case,51
Chronic Hepatitis B,2014,Area,Connecticut,2,Case,72
Chronic Hepatitis B,2015,Area,Connecticut,1.1,Case,38
Chronic Hepatitis B,2016,Area,Connecticut,2,Case,70
Chronic Hepatitis B,2017,Area,Connecticut,NA,Case,NA
Chronic Hepatitis B,2018,Area,Connecticut,NA,Case,NA
Chronic Hepatitis B,2019,Area,Connecticut,NA,Case,NA
Chronic Hepatitis B,2020,Area,Connecticut,NA,Case,NA
Chronic Hepatitis B,2021,Area,Connecticut,NA,Case,NA
Chronic Hepatitis B,2022,Area,Connecticut,NA,Case,NA
Chronic Hepatitis B,2023,Area,Connecticut,NA,Case,NA
Chronic Hepatitis B,2011,Area,Delaware,16,Case,145
Chronic Hepatitis B,2012,Area,Delaware,12.8,Case,117
Chronic Hepatitis B,2013,Area,Delaware,7.2,Case,67
Chronic Hepatitis B,2014,Area,Delaware,9.4,Case,88
Chronic Hepatitis B,2015,Area,Delaware,12.9,Case,122
Chronic Hepatitis B,2016,Area,Delaware,18.7,Case,178
Chronic Hepatitis B,2017,Area,Delaware,12.3,Case,118
Chronic Hepatitis B,2018,Area,Delaware,14.5,Case,140
Chronic Hepatitis B,2019,Area,Delaware,9.8,Case,95
Chronic Hepatitis B,2020,Area,Delaware,5.3,Case,52
Chronic Hepatitis B,2021,Area,Delaware,5.9,Case,59
Chronic Hepatitis B,2022,Area,Delaware,4.8,Case,49
Chronic Hepatitis B,2023,Area,Delaware,10.6,Case,109
Chronic Hepatitis B,2011,Area,District of Columbia,NA,Case,NA
Chronic Hepatitis B,2012,Area,District of Columbia,NA,Case,NA
Chronic Hepatitis B,2013,Area,District of Columbia,NA,Case,NA
Chronic Hepatitis B,2014,Area,District of Columbia,NA,Case,NA
Chronic Hepatitis B,2015,Area,District of Columbia,NA,Case,NA
Chronic Hepatitis B,2016,Area,District of Columbia,NA,Case,NA
Chronic Hepatitis B,2017,Area,District of Columbia,NA,Case,NA
Chronic Hepatitis B,2018,Area,District of Columbia,NA,Case,NA
Chronic Hepatitis B,2019,Area,District of Columbia,NA,Case,NA
Chronic Hepatitis B,2020,Area,District of Columbia,NA,Case,NA
Chronic Hepatitis B,2021,Area,District of Columbia,NA,Case,NA
Chronic Hepatitis B,2022,Area,District of Columbia,6,Case,40
Chronic Hepatitis B,2023,Area,District of Columbia,3.7,Case,25
Chronic Hepatitis B,2011,Area,Florida,4.2,Case,803
Chronic Hepatitis B,2012,Area,Florida,3.4,Case,659
Chronic Hepatitis B,2013,Area,Florida,3.2,Case,631
Chronic Hepatitis B,2014,Area,Florida,5.7,Case,NA
Chronic Hepatitis B,2015,Area,Florida,7,Case,NA
Chronic Hepatitis B,2016,Area,Florida,8.2,Case,NA
Chronic Hepatitis B,2017,Area,Florida,10.1,Case,NA
Chronic Hepatitis B,2018,Area,Florida,9.8,Case,NA
Chronic Hepatitis B,2019,Area,Florida,10.6,Case,NA
Chronic Hepatitis B,2020,Area,Florida,9.5,Case,NA
Chronic Hepatitis B,2021,Area,Florida,10.7,Case,NA
Chronic Hepatitis B,2022,Area,Florida,8.4,Case,NA
Chronic Hepatitis B,2023,Area,Florida,10.1,Case,NA
Chronic Hepatitis B,2011,Area,Georgia,17.2,Case,NA
Chronic Hepatitis B,2012,Area,Georgia,16,Case,NA
Chronic Hepatitis B,2013,Area,Georgia,14.9,Case,NA
Chronic Hepatitis B,2014,Area,Georgia,NA,Case,NA
Chronic Hepatitis B,2015,Area,Georgia,18.3,Case,NA
Chronic Hepatitis B,2016,Area,Georgia,17.2,Case,NA
Chronic Hepatitis B,2017,Area,Georgia,8.2,Case,860
Chronic Hepatitis B,2018,Area,Georgia,13.5,Case,NA
Chronic Hepatitis B,2019,Area,Georgia,12,Case,NA
Chronic Hepatitis B,2020,Area,Georgia,9,Case,962
Chronic Hepatitis B,2021,Area,Georgia,10.4,Case,NA
Chronic Hepatitis B,2022,Area,Georgia,10.4,Case,NA
Chronic Hepatitis B,2023,Area,Georgia,18.4,Case,NA
Chronic Hepatitis B,2011,Area,Hawaii,28.6,Case,393
Chronic Hepatitis B,2012,Area,Hawaii,30.4,Case,423
Chronic Hepatitis B,2013,Area,Hawaii,19.5,Case,274
Chronic Hepatitis B,2014,Area,Hawaii,12.8,Case,182
Chronic Hepatitis B,2015,Area,Hawaii,NA,Case,NA
Chronic Hepatitis B,2016,Area,Hawaii,NA,Case,NA
Chronic Hepatitis B,2017,Area,Hawaii,NA,Case,NA
Chronic Hepatitis B,2018,Area,Hawaii,NA,Case,NA
Chronic Hepatitis B,2019,Area,Hawaii,NA,Case,NA
Chronic Hepatitis B,2020,Area,Hawaii,NA,Case,NA
Chronic Hepatitis B,2021,Area,Hawaii,NA,Case,NA
Chronic Hepatitis B,2022,Area,Hawaii,NA,Case,NA
Chronic Hepatitis B,2023,Area,Hawaii,NA,Case,NA
Chronic Hepatitis B,2011,Area,Idaho,3.6,Case,57
Chronic Hepatitis B,2012,Area,Idaho,3.1,Case,49
Chronic Hepatitis B,2013,Area,Idaho,4.5,Case,72
Chronic Hepatitis B,2014,Area,Idaho,3.1,Case,51
Chronic Hepatitis B,2015,Area,Idaho,3.1,Case,51
Chronic Hepatitis B,2016,Area,Idaho,3.7,Case,63
Chronic Hepatitis B,2017,Area,Idaho,3.1,Case,53
Chronic Hepatitis B,2018,Area,Idaho,4.1,Case,72
Chronic Hepatitis B,2019,Area,Idaho,3.4,Case,60
Chronic Hepatitis B,2020,Area,Idaho,3.2,Case,59
Chronic Hepatitis B,2021,Area,Idaho,3.7,Case,70
Chronic Hepatitis B,2022,Area,Idaho,3.6,Case,69
Chronic Hepatitis B,2023,Area,Idaho,3.5,Case,69
Chronic Hepatitis B,2011,Area,Illinois,7.6,Case,981
Chronic Hepatitis B,2012,Area,Illinois,6.4,Case,824
Chronic Hepatitis B,2013,Area,Illinois,6.2,Case,802
Chronic Hepatitis B,2014,Area,Illinois,7.5,Case,972
Chronic Hepatitis B,2015,Area,Illinois,3.4,Case,440
Chronic Hepatitis B,2016,Area,Illinois,1.1,Case,145
Chronic Hepatitis B,2017,Area,Illinois,4.6,Case,593
Chronic Hepatitis B,2018,Area,Illinois,4.3,Case,545
Chronic Hepatitis B,2019,Area,Illinois,4.3,Case,543
Chronic Hepatitis B,2020,Area,Illinois,3.1,Case,388
Chronic Hepatitis B,2021,Area,Illinois,4,Case,504
Chronic Hepatitis B,2022,Area,Illinois,3.1,Case,395
Chronic Hepatitis B,2023,Area,Illinois,3.9,Case,486
Chronic Hepatitis B,2011,Area,Indiana,NA,Case,NA
Chronic Hepatitis B,2012,Area,Indiana,NA,Case,NA
Chronic Hepatitis B,2013,Area,Indiana,NA,Case,NA
Chronic Hepatitis B,2014,Area,Indiana,NA,Case,NA
Chronic Hepatitis B,2015,Area,Indiana,1,Case,68
Chronic Hepatitis B,2016,Area,Indiana,3.3,Case,219
Chronic Hepatitis B,2017,Area,Indiana,4.3,Case,285
Chronic Hepatitis B,2018,Area,Indiana,5.1,Case,342
Chronic Hepatitis B,2019,Area,Indiana,4.1,Case,275
Chronic Hepatitis B,2020,Area,Indiana,3.7,Case,251
Chronic Hepatitis B,2021,Area,Indiana,4.6,Case,316
Chronic Hepatitis B,2022,Area,Indiana,5.1,Case,348
Chronic Hepatitis B,2023,Area,Indiana,6.1,Case,421
Chronic Hepatitis B,2011,Area,Iowa,1.8,Case,55
Chronic Hepatitis B,2012,Area,Iowa,2.8,Case,86
Chronic Hepatitis B,2013,Area,Iowa,3.7,Case,114
Chronic Hepatitis B,2014,Area,Iowa,2.1,Case,66
Chronic Hepatitis B,2015,Area,Iowa,1.2,Case,39
Chronic Hepatitis B,2016,Area,Iowa,2.7,Case,86
Chronic Hepatitis B,2017,Area,Iowa,1.7,Case,53
Chronic Hepatitis B,2018,Area,Iowa,1.7,Case,54
Chronic Hepatitis B,2019,Area,Iowa,1.5,Case,47
Chronic Hepatitis B,2020,Area,Iowa,0.7,Case,22
Chronic Hepatitis B,2021,Area,Iowa,2.8,Case,89
Chronic Hepatitis B,2022,Area,Iowa,3.1,Case,99
Chronic Hepatitis B,2023,Area,Iowa,3.2,Case,104
Chronic Hepatitis B,2011,Area,Kansas,1.1,Case,33
Chronic Hepatitis B,2012,Area,Kansas,0.9,Case,25
Chronic Hepatitis B,2013,Area,Kansas,3.4,Case,99
Chronic Hepatitis B,2014,Area,Kansas,4,Case,116
Chronic Hepatitis B,2015,Area,Kansas,4.5,Case,130
Chronic Hepatitis B,2016,Area,Kansas,2.6,Case,76
Chronic Hepatitis B,2017,Area,Kansas,2.1,Case,60
Chronic Hepatitis B,2018,Area,Kansas,1.4,Case,41
Chronic Hepatitis B,2019,Area,Kansas,0.9,Case,25
Chronic Hepatitis B,2020,Area,Kansas,0.7,Case,20
Chronic Hepatitis B,2021,Area,Kansas,0.4,Case,12
Chronic Hepatitis B,2022,Area,Kansas,0.6,Case,17
Chronic Hepatitis B,2023,Area,Kansas,2.1,Case,62
Chronic Hepatitis B,2011,Area,Kentucky,NA,Case,NA
Chronic Hepatitis B,2012,Area,Kentucky,1.1,Case,48
Chronic Hepatitis B,2013,Area,Kentucky,0.5,Case,20
Chronic Hepatitis B,2014,Area,Kentucky,NA,Case,NA
Chronic Hepatitis B,2015,Area,Kentucky,0.4,Case,16
Chronic Hepatitis B,2016,Area,Kentucky,0.4,Case,17
Chronic Hepatitis B,2017,Area,Kentucky,NA,Case,NA
Chronic Hepatitis B,2018,Area,Kentucky,NA,Case,NA
Chronic Hepatitis B,2019,Area,Kentucky,NA,Case,NA
Chronic Hepatitis B,2020,Area,Kentucky,NA,Case,NA
Chronic Hepatitis B,2021,Area,Kentucky,NA,Case,NA
Chronic Hepatitis B,2022,Area,Kentucky,NA,Case,NA
Chronic Hepatitis B,2023,Area,Kentucky,NA,Case,NA
Chronic Hepatitis B,2011,Area,Louisiana,3.1,Case,144
Chronic Hepatitis B,2012,Area,Louisiana,1.3,Case,62
Chronic Hepatitis B,2013,Area,Louisiana,NA,Case,NA
Chronic Hepatitis B,2014,Area,Louisiana,2.7,Case,125
Chronic Hepatitis B,2015,Area,Louisiana,4.3,Case,201
Chronic Hepatitis B,2016,Area,Louisiana,3.6,Case,170
Chronic Hepatitis B,2017,Area,Louisiana,3.9,Case,184
Chronic Hepatitis B,2018,Area,Louisiana,5.9,Case,274
Chronic Hepatitis B,2019,Area,Louisiana,6.6,Case,305
Chronic Hepatitis B,2020,Area,Louisiana,5.4,Case,250
Chronic Hepatitis B,2021,Area,Louisiana,7.4,Case,344
Chronic Hepatitis B,2022,Area,Louisiana,5.3,Case,244
Chronic Hepatitis B,2023,Area,Louisiana,4.3,Case,197
Chronic Hepatitis B,2011,Area,Maine,4.4,Case,58
Chronic Hepatitis B,2012,Area,Maine,3.8,Case,51
Chronic Hepatitis B,2013,Area,Maine,3.5,Case,47
Chronic Hepatitis B,2014,Area,Maine,3.3,Case,44
Chronic Hepatitis B,2015,Area,Maine,3.8,Case,51
Chronic Hepatitis B,2016,Area,Maine,3.8,Case,51
Chronic Hepatitis B,2017,Area,Maine,4.5,Case,60
Chronic Hepatitis B,2018,Area,Maine,5.2,Case,70
Chronic Hepatitis B,2019,Area,Maine,4.2,Case,57
Chronic Hepatitis B,2020,Area,Maine,3.9,Case,53
Chronic Hepatitis B,2021,Area,Maine,3.7,Case,51
Chronic Hepatitis B,2022,Area,Maine,3.5,Case,49
Chronic Hepatitis B,2023,Area,Maine,5.4,Case,76
Chronic Hepatitis B,2011,Area,Maryland,8.1,Case,473
Chronic Hepatitis B,2012,Area,Maryland,7.3,Case,429
Chronic Hepatitis B,2013,Area,Maryland,6.1,Case,362
Chronic Hepatitis B,2014,Area,Maryland,8.3,Case,498
Chronic Hepatitis B,2015,Area,Maryland,9.4,Case,566
Chronic Hepatitis B,2016,Area,Maryland,12.4,Case,747
Chronic Hepatitis B,2017,Area,Maryland,11.4,Case,689
Chronic Hepatitis B,2018,Area,Maryland,11.4,Case,690
Chronic Hepatitis B,2019,Area,Maryland,10.3,Case,623
Chronic Hepatitis B,2020,Area,Maryland,6.8,Case,410
Chronic Hepatitis B,2021,Area,Maryland,7.4,Case,454
Chronic Hepatitis B,2022,Area,Maryland,8.7,Case,537
Chronic Hepatitis B,2023,Area,Maryland,8.8,Case,543
Chronic Hepatitis B,2011,Area,Massachusetts,5.9,Case,387
Chronic Hepatitis B,2012,Area,Massachusetts,9.7,Case,647
Chronic Hepatitis B,2013,Area,Massachusetts,2.6,Case,173
Chronic Hepatitis B,2014,Area,Massachusetts,3.5,Case,233
Chronic Hepatitis B,2015,Area,Massachusetts,4.2,Case,284
Chronic Hepatitis B,2016,Area,Massachusetts,4.9,Case,334
Chronic Hepatitis B,2017,Area,Massachusetts,5.9,Case,406
Chronic Hepatitis B,2018,Area,Massachusetts,4.5,Case,308
Chronic Hepatitis B,2019,Area,Massachusetts,3.5,Case,244
Chronic Hepatitis B,2020,Area,Massachusetts,3.9,Case,271
Chronic Hepatitis B,2021,Area,Massachusetts,4.5,Case,311
Chronic Hepatitis B,2022,Area,Massachusetts,4.5,Case,313
Chronic Hepatitis B,2023,Area,Massachusetts,9.5,Case,667
Chronic Hepatitis B,2011,Area,Michigan,8.8,Case,867
Chronic Hepatitis B,2012,Area,Michigan,8.4,Case,829
Chronic Hepatitis B,2013,Area,Michigan,4.7,Case,470
Chronic Hepatitis B,2014,Area,Michigan,4.8,Case,475
Chronic Hepatitis B,2015,Area,Michigan,3.5,Case,350
Chronic Hepatitis B,2016,Area,Michigan,4.8,Case,475
Chronic Hepatitis B,2017,Area,Michigan,4.6,Case,456
Chronic Hepatitis B,2018,Area,Michigan,3.3,Case,329
Chronic Hepatitis B,2019,Area,Michigan,2.8,Case,280
Chronic Hepatitis B,2020,Area,Michigan,1.7,Case,169
Chronic Hepatitis B,2021,Area,Michigan,2,Case,203
Chronic Hepatitis B,2022,Area,Michigan,2.2,Case,224
Chronic Hepatitis B,2023,Area,Michigan,2.5,Case,246
Chronic Hepatitis B,2011,Area,Minnesota,12.9,Case,689
Chronic Hepatitis B,2012,Area,Minnesota,9.9,Case,532
Chronic Hepatitis B,2013,Area,Minnesota,3.4,Case,187
Chronic Hepatitis B,2014,Area,Minnesota,3.6,Case,197
Chronic Hepatitis B,2015,Area,Minnesota,3.4,Case,186
Chronic Hepatitis B,2016,Area,Minnesota,5.1,Case,284
Chronic Hepatitis B,2017,Area,Minnesota,6.2,Case,344
Chronic Hepatitis B,2018,Area,Minnesota,5.4,Case,305
Chronic Hepatitis B,2019,Area,Minnesota,4.9,Case,274
Chronic Hepatitis B,2020,Area,Minnesota,3.4,Case,194
Chronic Hepatitis B,2021,Area,Minnesota,4.2,Case,240
Chronic Hepatitis B,2022,Area,Minnesota,3.5,Case,199
Chronic Hepatitis B,2023,Area,Minnesota,4.7,Case,272
Chronic Hepatitis B,2011,Area,Mississippi,NA,Case,NA
Chronic Hepatitis B,2012,Area,Mississippi,NA,Case,NA
Chronic Hepatitis B,2013,Area,Mississippi,NA,Case,NA
Chronic Hepatitis B,2014,Area,Mississippi,NA,Case,NA
Chronic Hepatitis B,2015,Area,Mississippi,NA,Case,NA
Chronic Hepatitis B,2016,Area,Mississippi,NA,Case,NA
Chronic Hepatitis B,2017,Area,Mississippi,NA,Case,NA
Chronic Hepatitis B,2018,Area,Mississippi,NA,Case,NA
Chronic Hepatitis B,2019,Area,Mississippi,NA,Case,NA
Chronic Hepatitis B,2020,Area,Mississippi,NA,Case,NA
Chronic Hepatitis B,2021,Area,Mississippi,NA,Case,NA
Chronic Hepatitis B,2022,Area,Mississippi,NA,Case,NA
Chronic Hepatitis B,2023,Area,Mississippi,NA,Case,NA
Chronic Hepatitis B,2011,Area,Missouri,4.6,Case,278
Chronic Hepatitis B,2012,Area,Missouri,5.8,Case,350
Chronic Hepatitis B,2013,Area,Missouri,6.5,Case,390
Chronic Hepatitis B,2014,Area,Missouri,7.1,Case,431
Chronic Hepatitis B,2015,Area,Missouri,8.6,Case,521
Chronic Hepatitis B,2016,Area,Missouri,6.9,Case,420
Chronic Hepatitis B,2017,Area,Missouri,6.7,Case,411
Chronic Hepatitis B,2018,Area,Missouri,7.3,Case,450
Chronic Hepatitis B,2019,Area,Missouri,7.6,Case,467
Chronic Hepatitis B,2020,Area,Missouri,5.4,Case,333
Chronic Hepatitis B,2021,Area,Missouri,6,Case,368
Chronic Hepatitis B,2022,Area,Missouri,6.5,Case,401
Chronic Hepatitis B,2023,Area,Missouri,6,Case,372
Chronic Hepatitis B,2011,Area,Montana,2.2,Case,22
Chronic Hepatitis B,2012,Area,Montana,2.4,Case,24
Chronic Hepatitis B,2013,Area,Montana,1.9,Case,19
Chronic Hepatitis B,2014,Area,Montana,2.5,Case,26
Chronic Hepatitis B,2015,Area,Montana,3,Case,31
Chronic Hepatitis B,2016,Area,Montana,1.7,Case,18
Chronic Hepatitis B,2017,Area,Montana,2.2,Case,23
Chronic Hepatitis B,2018,Area,Montana,1.4,Case,15
Chronic Hepatitis B,2019,Area,Montana,2,Case,21
Chronic Hepatitis B,2020,Area,Montana,1.3,Case,14
Chronic Hepatitis B,2021,Area,Montana,1.4,Case,15
Chronic Hepatitis B,2022,Area,Montana,1.1,Case,12
Chronic Hepatitis B,2023,Area,Montana,0.6,Case,7
Chronic Hepatitis B,2011,Area,Nebraska,5.2,Case,95
Chronic Hepatitis B,2012,Area,Nebraska,3.7,Case,69
Chronic Hepatitis B,2013,Area,Nebraska,4.2,Case,79
Chronic Hepatitis B,2014,Area,Nebraska,5.8,Case,110
Chronic Hepatitis B,2015,Area,Nebraska,4.9,Case,93
Chronic Hepatitis B,2016,Area,Nebraska,6.4,Case,122
Chronic Hepatitis B,2017,Area,Nebraska,3.1,Case,59
Chronic Hepatitis B,2018,Area,Nebraska,2.6,Case,51
Chronic Hepatitis B,2019,Area,Nebraska,3.4,Case,65
Chronic Hepatitis B,2020,Area,Nebraska,2.5,Case,49
Chronic Hepatitis B,2021,Area,Nebraska,2.5,Case,50
Chronic Hepatitis B,2022,Area,Nebraska,3.5,Case,68
Chronic Hepatitis B,2023,Area,Nebraska,3.4,Case,67
Chronic Hepatitis B,2011,Area,Nevada,NA,Case,NA
Chronic Hepatitis B,2012,Area,Nevada,0.1,Case,4
Chronic Hepatitis B,2013,Area,Nevada,NA,Case,NA
Chronic Hepatitis B,2014,Area,Nevada,NA,Case,NA
Chronic Hepatitis B,2015,Area,Nevada,NA,Case,NA
Chronic Hepatitis B,2016,Area,Nevada,0.1,Case,2
Chronic Hepatitis B,2017,Area,Nevada,0.9,Case,26
Chronic Hepatitis B,2018,Area,Nevada,NA,Case,NA
Chronic Hepatitis B,2019,Area,Nevada,NA,Case,NA
Chronic Hepatitis B,2020,Area,Nevada,NA,Case,NA
Chronic Hepatitis B,2021,Area,Nevada,7.8,Case,246
Chronic Hepatitis B,2022,Area,Nevada,5.1,Case,161
Chronic Hepatitis B,2023,Area,Nevada,12.5,Case,399
Chronic Hepatitis B,2011,Area,New Hampshire,17.4,Case,229
Chronic Hepatitis B,2012,Area,New Hampshire,7.7,Case,102
Chronic Hepatitis B,2013,Area,New Hampshire,2.8,Case,37
Chronic Hepatitis B,2014,Area,New Hampshire,2.1,Case,28
Chronic Hepatitis B,2015,Area,New Hampshire,NA,Case,NA
Chronic Hepatitis B,2016,Area,New Hampshire,0.8,Case,11
Chronic Hepatitis B,2017,Area,New Hampshire,NA,Case,NA
Chronic Hepatitis B,2018,Area,New Hampshire,NA,Case,NA
Chronic Hepatitis B,2019,Area,New Hampshire,NA,Case,NA
Chronic Hepatitis B,2020,Area,New Hampshire,NA,Case,NA
Chronic Hepatitis B,2021,Area,New Hampshire,NA,Case,NA
Chronic Hepatitis B,2022,Area,New Hampshire,0.1,Case,2
Chronic Hepatitis B,2023,Area,New Hampshire,1,Case,14
Chronic Hepatitis B,2011,Area,New Jersey,4.8,Case,426
Chronic Hepatitis B,2012,Area,New Jersey,3.7,Case,325
Chronic Hepatitis B,2013,Area,New Jersey,3.4,Case,303
Chronic Hepatitis B,2014,Area,New Jersey,5.4,Case,487
Chronic Hepatitis B,2015,Area,New Jersey,3,Case,273
Chronic Hepatitis B,2016,Area,New Jersey,2.5,Case,227
Chronic Hepatitis B,2017,Area,New Jersey,2.7,Case,244
Chronic Hepatitis B,2018,Area,New Jersey,4.6,Case,407
Chronic Hepatitis B,2019,Area,New Jersey,3.7,Case,332
Chronic Hepatitis B,2020,Area,New Jersey,2.9,Case,261
Chronic Hepatitis B,2021,Area,New Jersey,3.2,Case,293
Chronic Hepatitis B,2022,Area,New Jersey,3.6,Case,329
Chronic Hepatitis B,2023,Area,New Jersey,2.5,Case,228
Chronic Hepatitis B,2011,Area,New Mexico,2.7,Case,57
Chronic Hepatitis B,2012,Area,New Mexico,2.2,Case,46
Chronic Hepatitis B,2013,Area,New Mexico,2,Case,41
Chronic Hepatitis B,2014,Area,New Mexico,2.4,Case,50
Chronic Hepatitis B,2015,Area,New Mexico,2,Case,41
Chronic Hepatitis B,2016,Area,New Mexico,1,Case,20
Chronic Hepatitis B,2017,Area,New Mexico,1.9,Case,39
Chronic Hepatitis B,2018,Area,New Mexico,1.3,Case,28
Chronic Hepatitis B,2019,Area,New Mexico,1.5,Case,31
Chronic Hepatitis B,2020,Area,New Mexico,0.9,Case,19
Chronic Hepatitis B,2021,Area,New Mexico,1.7,Case,37
Chronic Hepatitis B,2022,Area,New Mexico,2,Case,42
Chronic Hepatitis B,2023,Area,New Mexico,2,Case,42
Chronic Hepatitis B,2011,Area,New York,38.3,Case,NA
Chronic Hepatitis B,2012,Area,New York,32.4,Case,NA
Chronic Hepatitis B,2013,Area,New York,65,Case,NA
Chronic Hepatitis B,2014,Area,New York,11.4,Case,NA
Chronic Hepatitis B,2015,Area,New York,11.7,Case,NA
Chronic Hepatitis B,2016,Area,New York,9.8,Case,NA
Chronic Hepatitis B,2017,Area,New York,10.3,Case,NA
Chronic Hepatitis B,2018,Area,New York,9.2,Case,NA
Chronic Hepatitis B,2019,Area,New York,7,Case,NA
Chronic Hepatitis B,2020,Area,New York,8.2,Case,NA
Chronic Hepatitis B,2021,Area,New York,11.6,Case,NA
Chronic Hepatitis B,2022,Area,New York,10.7,Case,NA
Chronic Hepatitis B,2023,Area,New York,13,Case,NA
Chronic Hepatitis B,2011,Area,North Carolina,6.4,Case,621
Chronic Hepatitis B,2012,Area,North Carolina,4.3,Case,418
Chronic Hepatitis B,2013,Area,North Carolina,4.5,Case,444
Chronic Hepatitis B,2014,Area,North Carolina,4.5,Case,447
Chronic Hepatitis B,2015,Area,North Carolina,5,Case,507
Chronic Hepatitis B,2016,Area,North Carolina,6.5,Case,660
Chronic Hepatitis B,2017,Area,North Carolina,5.4,Case,551
Chronic Hepatitis B,2018,Area,North Carolina,4.9,Case,509
Chronic Hepatitis B,2019,Area,North Carolina,5,Case,522
Chronic Hepatitis B,2020,Area,North Carolina,3.6,Case,384
Chronic Hepatitis B,2021,Area,North Carolina,4.4,Case,462
Chronic Hepatitis B,2022,Area,North Carolina,5.1,Case,549
Chronic Hepatitis B,2023,Area,North Carolina,3,Case,329
Chronic Hepatitis B,2011,Area,North Dakota,NA,Case,NA
Chronic Hepatitis B,2012,Area,North Dakota,9.6,Case,67
Chronic Hepatitis B,2013,Area,North Dakota,8.2,Case,59
Chronic Hepatitis B,2014,Area,North Dakota,11.2,Case,83
Chronic Hepatitis B,2015,Area,North Dakota,7,Case,53
Chronic Hepatitis B,2016,Area,North Dakota,11.7,Case,89
Chronic Hepatitis B,2017,Area,North Dakota,4,Case,30
Chronic Hepatitis B,2018,Area,North Dakota,5.4,Case,41
Chronic Hepatitis B,2019,Area,North Dakota,5.8,Case,44
Chronic Hepatitis B,2020,Area,North Dakota,7.3,Case,56
Chronic Hepatitis B,2021,Area,North Dakota,4.1,Case,32
Chronic Hepatitis B,2022,Area,North Dakota,8,Case,62
Chronic Hepatitis B,2023,Area,North Dakota,9.6,Case,75
Chronic Hepatitis B,2011,Area,Ohio,2,Case,230
Chronic Hepatitis B,2012,Area,Ohio,2,Case,234
Chronic Hepatitis B,2013,Area,Ohio,2.1,Case,243
Chronic Hepatitis B,2014,Area,Ohio,1.8,Case,214
Chronic Hepatitis B,2015,Area,Ohio,7.7,Case,890
Chronic Hepatitis B,2016,Area,Ohio,6.2,Case,717
Chronic Hepatitis B,2017,Area,Ohio,6.3,Case,733
Chronic Hepatitis B,2018,Area,Ohio,5.8,Case,683
Chronic Hepatitis B,2019,Area,Ohio,6.6,Case,777
Chronic Hepatitis B,2020,Area,Ohio,4.6,Case,543
Chronic Hepatitis B,2021,Area,Ohio,5.3,Case,619
Chronic Hepatitis B,2022,Area,Ohio,4.1,Case,481
Chronic Hepatitis B,2023,Area,Ohio,3.7,Case,437
Chronic Hepatitis B,2011,Area,Oklahoma,NA,Case,NA
Chronic Hepatitis B,2012,Area,Oklahoma,NA,Case,NA
Chronic Hepatitis B,2013,Area,Oklahoma,NA,Case,NA
Chronic Hepatitis B,2014,Area,Oklahoma,2.2,Case,86
Chronic Hepatitis B,2015,Area,Oklahoma,2.1,Case,84
Chronic Hepatitis B,2016,Area,Oklahoma,1.4,Case,56
Chronic Hepatitis B,2017,Area,Oklahoma,1.8,Case,69
Chronic Hepatitis B,2018,Area,Oklahoma,1.3,Case,53
Chronic Hepatitis B,2019,Area,Oklahoma,4.8,Case,191
Chronic Hepatitis B,2020,Area,Oklahoma,9.7,Case,385
Chronic Hepatitis B,2021,Area,Oklahoma,12,Case,478
Chronic Hepatitis B,2022,Area,Oklahoma,25.3,Case,NA
Chronic Hepatitis B,2023,Area,Oklahoma,11.7,Case,476
Chronic Hepatitis B,2011,Area,Oregon,3.2,Case,123
Chronic Hepatitis B,2012,Area,Oregon,3.1,Case,122
Chronic Hepatitis B,2013,Area,Oregon,3.4,Case,134
Chronic Hepatitis B,2014,Area,Oregon,2.4,Case,97
Chronic Hepatitis B,2015,Area,Oregon,3.4,Case,138
Chronic Hepatitis B,2016,Area,Oregon,3.5,Case,143
Chronic Hepatitis B,2017,Area,Oregon,2.9,Case,122
Chronic Hepatitis B,2018,Area,Oregon,2.3,Case,96
Chronic Hepatitis B,2019,Area,Oregon,2.2,Case,93
Chronic Hepatitis B,2020,Area,Oregon,2.2,Case,93
Chronic Hepatitis B,2021,Area,Oregon,2.7,Case,115
Chronic Hepatitis B,2022,Area,Oregon,1.6,Case,67
Chronic Hepatitis B,2023,Area,Oregon,1.6,Case,69
Chronic Hepatitis B,2011,Area,Pennsylvania,10.5,Case,NA
Chronic Hepatitis B,2012,Area,Pennsylvania,9.3,Case,NA
Chronic Hepatitis B,2013,Area,Pennsylvania,5.8,Case,737
Chronic Hepatitis B,2014,Area,Pennsylvania,7.2,Case,927
Chronic Hepatitis B,2015,Area,Pennsylvania,6.7,Case,857
Chronic Hepatitis B,2016,Area,Pennsylvania,9.1,Case,NA
Chronic Hepatitis B,2017,Area,Pennsylvania,6.8,Case,870
Chronic Hepatitis B,2018,Area,Pennsylvania,6.5,Case,834
Chronic Hepatitis B,2019,Area,Pennsylvania,7.2,Case,926
Chronic Hepatitis B,2020,Area,Pennsylvania,4.9,Case,631
Chronic Hepatitis B,2021,Area,Pennsylvania,6.1,Case,786
Chronic Hepatitis B,2022,Area,Pennsylvania,7.5,Case,976
Chronic Hepatitis B,2023,Area,Pennsylvania,6.8,Case,883
Chronic Hepatitis B,2011,Area,Rhode Island,NA,Case,NA
Chronic Hepatitis B,2012,Area,Rhode Island,0.5,Case,5
Chronic Hepatitis B,2013,Area,Rhode Island,NA,Case,NA
Chronic Hepatitis B,2014,Area,Rhode Island,NA,Case,NA
Chronic Hepatitis B,2015,Area,Rhode Island,NA,Case,NA
Chronic Hepatitis B,2016,Area,Rhode Island,NA,Case,NA
Chronic Hepatitis B,2017,Area,Rhode Island,NA,Case,NA
Chronic Hepatitis B,2018,Area,Rhode Island,NA,Case,NA
Chronic Hepatitis B,2019,Area,Rhode Island,NA,Case,NA
Chronic Hepatitis B,2020,Area,Rhode Island,NA,Case,NA
Chronic Hepatitis B,2021,Area,Rhode Island,NA,Case,NA
Chronic Hepatitis B,2022,Area,Rhode Island,33.3,Case,364
Chronic Hepatitis B,2023,Area,Rhode Island,19.7,Case,216
Chronic Hepatitis B,2011,Area,South Carolina,2.6,Case,122
Chronic Hepatitis B,2012,Area,South Carolina,1.2,Case,59
Chronic Hepatitis B,2013,Area,South Carolina,2,Case,97
Chronic Hepatitis B,2014,Area,South Carolina,3,Case,145
Chronic Hepatitis B,2015,Area,South Carolina,3.2,Case,156
Chronic Hepatitis B,2016,Area,South Carolina,2.9,Case,145
Chronic Hepatitis B,2017,Area,South Carolina,3.9,Case,195
Chronic Hepatitis B,2018,Area,South Carolina,3.6,Case,184
Chronic Hepatitis B,2019,Area,South Carolina,3.4,Case,173
Chronic Hepatitis B,2020,Area,South Carolina,4.1,Case,214
Chronic Hepatitis B,2021,Area,South Carolina,4.2,Case,218
Chronic Hepatitis B,2022,Area,South Carolina,4.5,Case,236
Chronic Hepatitis B,2023,Area,South Carolina,4.4,Case,239
Chronic Hepatitis B,2011,Area,South Dakota,6.2,Case,51
Chronic Hepatitis B,2012,Area,South Dakota,4.8,Case,40
Chronic Hepatitis B,2013,Area,South Dakota,4.6,Case,39
Chronic Hepatitis B,2014,Area,South Dakota,1.2,Case,10
Chronic Hepatitis B,2015,Area,South Dakota,2.7,Case,23
Chronic Hepatitis B,2016,Area,South Dakota,3.4,Case,29
Chronic Hepatitis B,2017,Area,South Dakota,3.7,Case,32
Chronic Hepatitis B,2018,Area,South Dakota,2.4,Case,21
Chronic Hepatitis B,2019,Area,South Dakota,1.7,Case,15
Chronic Hepatitis B,2020,Area,South Dakota,3.1,Case,28
Chronic Hepatitis B,2021,Area,South Dakota,2.1,Case,19
Chronic Hepatitis B,2022,Area,South Dakota,2,Case,18
Chronic Hepatitis B,2023,Area,South Dakota,1.3,Case,12
Chronic Hepatitis B,2011,Area,Tennessee,8.1,Case,521
Chronic Hepatitis B,2012,Area,Tennessee,9.1,Case,590
Chronic Hepatitis B,2013,Area,Tennessee,11.8,Case,765
Chronic Hepatitis B,2014,Area,Tennessee,9.5,Case,625
Chronic Hepatitis B,2015,Area,Tennessee,3.8,Case,253
Chronic Hepatitis B,2016,Area,Tennessee,9.4,Case,624
Chronic Hepatitis B,2017,Area,Tennessee,NA,Case,NA
Chronic Hepatitis B,2018,Area,Tennessee,9.5,Case,644
Chronic Hepatitis B,2019,Area,Tennessee,10.8,Case,735
Chronic Hepatitis B,2020,Area,Tennessee,6.8,Case,466
Chronic Hepatitis B,2021,Area,Tennessee,7.8,Case,546
Chronic Hepatitis B,2022,Area,Tennessee,7.9,Case,557
Chronic Hepatitis B,2023,Area,Tennessee,6.7,Case,475
Chronic Hepatitis B,2011,Area,Texas,1.1,Case,276
Chronic Hepatitis B,2012,Area,Texas,0.5,Case,127
Chronic Hepatitis B,2013,Area,Texas,0.1,Case,27
Chronic Hepatitis B,2014,Area,Texas,NA,Case,NA
Chronic Hepatitis B,2015,Area,Texas,NA,Case,NA
Chronic Hepatitis B,2016,Area,Texas,NA,Case,NA
Chronic Hepatitis B,2017,Area,Texas,NA,Case,NA
Chronic Hepatitis B,2018,Area,Texas,NA,Case,NA
Chronic Hepatitis B,2019,Area,Texas,NA,Case,NA
Chronic Hepatitis B,2020,Area,Texas,NA,Case,NA
Chronic Hepatitis B,2021,Area,Texas,NA,Case,NA
Chronic Hepatitis B,2022,Area,Texas,NA,Case,NA
Chronic Hepatitis B,2023,Area,Texas,NA,Case,NA
Chronic Hepatitis B,2011,Area,Utah,0.4,Case,10
Chronic Hepatitis B,2012,Area,Utah,0.4,Case,10
Chronic Hepatitis B,2013,Area,Utah,0.9,Case,27
Chronic Hepatitis B,2014,Area,Utah,1.2,Case,34
Chronic Hepatitis B,2015,Area,Utah,2.1,Case,64
Chronic Hepatitis B,2016,Area,Utah,2.3,Case,69
Chronic Hepatitis B,2017,Area,Utah,2.4,Case,73
Chronic Hepatitis B,2018,Area,Utah,3,Case,95
Chronic Hepatitis B,2019,Area,Utah,2.5,Case,79
Chronic Hepatitis B,2020,Area,Utah,1.8,Case,57
Chronic Hepatitis B,2021,Area,Utah,2.2,Case,74
Chronic Hepatitis B,2022,Area,Utah,1.8,Case,60
Chronic Hepatitis B,2023,Area,Utah,2.2,Case,76
Chronic Hepatitis B,2011,Area,Vermont,5.4,Case,34
Chronic Hepatitis B,2012,Area,Vermont,4.5,Case,28
Chronic Hepatitis B,2013,Area,Vermont,5.7,Case,36
Chronic Hepatitis B,2014,Area,Vermont,5.4,Case,34
Chronic Hepatitis B,2015,Area,Vermont,6.2,Case,39
Chronic Hepatitis B,2016,Area,Vermont,5.9,Case,37
Chronic Hepatitis B,2017,Area,Vermont,7.1,Case,44
Chronic Hepatitis B,2018,Area,Vermont,2.1,Case,13
Chronic Hepatitis B,2019,Area,Vermont,3.4,Case,21
Chronic Hepatitis B,2020,Area,Vermont,1,Case,6
Chronic Hepatitis B,2021,Area,Vermont,3.3,Case,21
Chronic Hepatitis B,2022,Area,Vermont,2.5,Case,16
Chronic Hepatitis B,2023,Area,Vermont,3.7,Case,24
Chronic Hepatitis B,2011,Area,Virginia,3.9,Case,318
Chronic Hepatitis B,2012,Area,Virginia,3.4,Case,280
Chronic Hepatitis B,2013,Area,Virginia,4.8,Case,394
Chronic Hepatitis B,2014,Area,Virginia,4.1,Case,341
Chronic Hepatitis B,2015,Area,Virginia,6.6,Case,556
Chronic Hepatitis B,2016,Area,Virginia,3.9,Case,328
Chronic Hepatitis B,2017,Area,Virginia,6.2,Case,526
Chronic Hepatitis B,2018,Area,Virginia,5.2,Case,446
Chronic Hepatitis B,2019,Area,Virginia,6.4,Case,548
Chronic Hepatitis B,2020,Area,Virginia,5.3,Case,452
Chronic Hepatitis B,2021,Area,Virginia,6.1,Case,530
Chronic Hepatitis B,2022,Area,Virginia,4.9,Case,423
Chronic Hepatitis B,2023,Area,Virginia,6.3,Case,551
Chronic Hepatitis B,2011,Area,Washington,NA,Case,NA
Chronic Hepatitis B,2012,Area,Washington,NA,Case,NA
Chronic Hepatitis B,2013,Area,Washington,NA,Case,NA
Chronic Hepatitis B,2014,Area,Washington,1.3,Case,93
Chronic Hepatitis B,2015,Area,Washington,1.7,Case,119
Chronic Hepatitis B,2016,Area,Washington,2.1,Case,154
Chronic Hepatitis B,2017,Area,Washington,4.5,Case,335
Chronic Hepatitis B,2018,Area,Washington,5.2,Case,391
Chronic Hepatitis B,2019,Area,Washington,6.3,Case,482
Chronic Hepatitis B,2020,Area,Washington,6,Case,461
Chronic Hepatitis B,2021,Area,Washington,4.6,Case,354
Chronic Hepatitis B,2022,Area,Washington,5.2,Case,408
Chronic Hepatitis B,2023,Area,Washington,6.5,Case,505
Chronic Hepatitis B,2011,Area,West Virginia,5,Case,92
Chronic Hepatitis B,2012,Area,West Virginia,6.5,Case,121
Chronic Hepatitis B,2013,Area,West Virginia,6.8,Case,127
Chronic Hepatitis B,2014,Area,West Virginia,11.8,Case,218
Chronic Hepatitis B,2015,Area,West Virginia,12.2,Case,225
Chronic Hepatitis B,2016,Area,West Virginia,13.3,Case,244
Chronic Hepatitis B,2017,Area,West Virginia,16.2,Case,295
Chronic Hepatitis B,2018,Area,West Virginia,16.8,Case,304
Chronic Hepatitis B,2019,Area,West Virginia,11.2,Case,200
Chronic Hepatitis B,2020,Area,West Virginia,6.9,Case,124
Chronic Hepatitis B,2021,Area,West Virginia,9,Case,160
Chronic Hepatitis B,2022,Area,West Virginia,10,Case,177
Chronic Hepatitis B,2023,Area,West Virginia,8.6,Case,153
Chronic Hepatitis B,2011,Area,Wisconsin,NA,Case,NA
Chronic Hepatitis B,2012,Area,Wisconsin,NA,Case,NA
Chronic Hepatitis B,2013,Area,Wisconsin,NA,Case,NA
Chronic Hepatitis B,2014,Area,Wisconsin,NA,Case,NA
Chronic Hepatitis B,2015,Area,Wisconsin,NA,Case,NA
Chronic Hepatitis B,2016,Area,Wisconsin,NA,Case,NA
Chronic Hepatitis B,2017,Area,Wisconsin,NA,Case,NA
Chronic Hepatitis B,2018,Area,Wisconsin,0.7,Case,42
Chronic Hepatitis B,2019,Area,Wisconsin,0.9,Case,54
Chronic Hepatitis B,2020,Area,Wisconsin,0.6,Case,34
Chronic Hepatitis B,2021,Area,Wisconsin,1.2,Case,73
Chronic Hepatitis B,2022,Area,Wisconsin,1.7,Case,99
Chronic Hepatitis B,2023,Area,Wisconsin,2,Case,119
Chronic Hepatitis B,2011,Area,Wyoming,5.3,Case,30
Chronic Hepatitis B,2012,Area,Wyoming,0.2,Case,1
Chronic Hepatitis B,2013,Area,Wyoming,NA,Case,NA
Chronic Hepatitis B,2014,Area,Wyoming,7.9,Case,46
Chronic Hepatitis B,2015,Area,Wyoming,7.2,Case,42
Chronic Hepatitis B,2016,Area,Wyoming,6,Case,35
Chronic Hepatitis B,2017,Area,Wyoming,2.1,Case,12
Chronic Hepatitis B,2018,Area,Wyoming,2.9,Case,17
Chronic Hepatitis B,2019,Area,Wyoming,4,Case,23
Chronic Hepatitis B,2020,Area,Wyoming,2.1,Case,12
Chronic Hepatitis B,2021,Area,Wyoming,2.1,Case,12
Chronic Hepatitis B,2022,Area,Wyoming,0.5,Case,3
Chronic Hepatitis B,2023,Area,Wyoming,1.5,Case,9
Chronic Hepatitis C,2011,Area,Total,39,Case,121556
Chronic Hepatitis C,2012,Area,Total,40.5,Case,127170
Chronic Hepatitis C,2013,Area,Total,41.3,Case,130455
Chronic Hepatitis C,2014,Area,Total,70.7,Case,162863
Chronic Hepatitis C,2015,Area,Total,71.3,Case,181871
Chronic Hepatitis C,2016,Area,Total,57.2,Case,148932
Chronic Hepatitis C,2017,Area,Total,66.8,Case,143286
Chronic Hepatitis C,2018,Area,Total,64.9,Case,137713
Chronic Hepatitis C,2019,Area,Total,56.7,Case,123307
Chronic Hepatitis C,2020,Area,Total,40.7,Case,107300
Chronic Hepatitis C,2021,Area,Total,39.8,Case,107540
Chronic Hepatitis C,2022,Area,Total,40.2,Case,93805
Chronic Hepatitis C,2023,Area,Total,36.2,Case,101525
Chronic Hepatitis C,2011,Area,Alabama,NA,Case,NA
Chronic Hepatitis C,2012,Area,Alabama,NA,Case,NA
Chronic Hepatitis C,2013,Area,Alabama,0,Case,1
Chronic Hepatitis C,2014,Area,Alabama,NA,Case,NA
Chronic Hepatitis C,2015,Area,Alabama,NA,Case,NA
Chronic Hepatitis C,2016,Area,Alabama,NA,Case,NA
Chronic Hepatitis C,2017,Area,Alabama,NA,Case,NA
Chronic Hepatitis C,2018,Area,Alabama,NA,Case,NA
Chronic Hepatitis C,2019,Area,Alabama,36.2,Case,NA
Chronic Hepatitis C,2020,Area,Alabama,115.8,Case,NA
Chronic Hepatitis C,2021,Area,Alabama,84.8,Case,NA
Chronic Hepatitis C,2022,Area,Alabama,92.6,Case,NA
Chronic Hepatitis C,2023,Area,Alabama,70,Case,NA
Chronic Hepatitis C,2011,Area,Alaska,133.1,Case,962
Chronic Hepatitis C,2012,Area,Alaska,140.7,Case,NA
Chronic Hepatitis C,2013,Area,Alaska,25.3,Case,186
Chronic Hepatitis C,2014,Area,Alaska,NA,Case,NA
Chronic Hepatitis C,2015,Area,Alaska,217.2,Case,NA
Chronic Hepatitis C,2016,Area,Alaska,101.6,Case,754
Chronic Hepatitis C,2017,Area,Alaska,103.5,Case,766
Chronic Hepatitis C,2018,Area,Alaska,118.2,Case,872
Chronic Hepatitis C,2019,Area,Alaska,130.8,Case,957
Chronic Hepatitis C,2020,Area,Alaska,72.4,Case,529
Chronic Hepatitis C,2021,Area,Alaska,68,Case,498
Chronic Hepatitis C,2022,Area,Alaska,70.2,Case,515
Chronic Hepatitis C,2023,Area,Alaska,71.4,Case,524
Chronic Hepatitis C,2011,Area,Arizona,NA,Case,NA
Chronic Hepatitis C,2012,Area,Arizona,NA,Case,NA
Chronic Hepatitis C,2013,Area,Arizona,NA,Case,NA
Chronic Hepatitis C,2014,Area,Arizona,NA,Case,NA
Chronic Hepatitis C,2015,Area,Arizona,NA,Case,NA
Chronic Hepatitis C,2016,Area,Arizona,NA,Case,NA
Chronic Hepatitis C,2017,Area,Arizona,NA,Case,NA
Chronic Hepatitis C,2018,Area,Arizona,NA,Case,NA
Chronic Hepatitis C,2019,Area,Arizona,NA,Case,NA
Chronic Hepatitis C,2020,Area,Arizona,NA,Case,NA
Chronic Hepatitis C,2021,Area,Arizona,NA,Case,NA
Chronic Hepatitis C,2022,Area,Arizona,NA,Case,NA
Chronic Hepatitis C,2023,Area,Arizona,NA,Case,NA
Chronic Hepatitis C,2011,Area,Arkansas,NA,Case,NA
Chronic Hepatitis C,2012,Area,Arkansas,NA,Case,NA
Chronic Hepatitis C,2013,Area,Arkansas,0,Case,1
Chronic Hepatitis C,2014,Area,Arkansas,NA,Case,NA
Chronic Hepatitis C,2015,Area,Arkansas,NA,Case,NA
Chronic Hepatitis C,2016,Area,Arkansas,NA,Case,NA
Chronic Hepatitis C,2017,Area,Arkansas,NA,Case,NA
Chronic Hepatitis C,2018,Area,Arkansas,NA,Case,NA
Chronic Hepatitis C,2019,Area,Arkansas,NA,Case,NA
Chronic Hepatitis C,2020,Area,Arkansas,82.9,Case,NA
Chronic Hepatitis C,2021,Area,Arkansas,72.3,Case,NA
Chronic Hepatitis C,2022,Area,Arkansas,64.6,Case,NA
Chronic Hepatitis C,2023,Area,Arkansas,58,Case,NA
Chronic Hepatitis C,2011,Area,California,0,Case,6
Chronic Hepatitis C,2012,Area,California,NA,Case,NA
Chronic Hepatitis C,2013,Area,California,2.9,Case,NA
Chronic Hepatitis C,2014,Area,California,3.4,Case,NA
Chronic Hepatitis C,2015,Area,California,3,Case,NA
Chronic Hepatitis C,2016,Area,California,1.8,Case,697
Chronic Hepatitis C,2017,Area,California,NA,Case,NA
Chronic Hepatitis C,2018,Area,California,NA,Case,NA
Chronic Hepatitis C,2019,Area,California,NA,Case,NA
Chronic Hepatitis C,2020,Area,California,22.1,Case,NA
Chronic Hepatitis C,2021,Area,California,24.8,Case,NA
Chronic Hepatitis C,2022,Area,California,NA,Case,NA
Chronic Hepatitis C,2023,Area,California,24.5,Case,NA
Chronic Hepatitis C,2011,Area,Colorado,57,Case,NA
Chronic Hepatitis C,2012,Area,Colorado,56.7,Case,NA
Chronic Hepatitis C,2013,Area,Colorado,55.7,Case,NA
Chronic Hepatitis C,2014,Area,Colorado,68,Case,NA
Chronic Hepatitis C,2015,Area,Colorado,65.3,Case,NA
Chronic Hepatitis C,2016,Area,Colorado,52.6,Case,NA
Chronic Hepatitis C,2017,Area,Colorado,48.8,Case,NA
Chronic Hepatitis C,2018,Area,Colorado,50.4,Case,NA
Chronic Hepatitis C,2019,Area,Colorado,44.4,Case,NA
Chronic Hepatitis C,2020,Area,Colorado,32.4,Case,NA
Chronic Hepatitis C,2021,Area,Colorado,29.9,Case,NA
Chronic Hepatitis C,2022,Area,Colorado,33.4,Case,NA
Chronic Hepatitis C,2023,Area,Colorado,31.6,Case,NA
Chronic Hepatitis C,2011,Area,Connecticut,81,Case,NA
Chronic Hepatitis C,2012,Area,Connecticut,79.1,Case,NA
Chronic Hepatitis C,2013,Area,Connecticut,76.3,Case,NA
Chronic Hepatitis C,2014,Area,Connecticut,90.7,Case,NA
Chronic Hepatitis C,2015,Area,Connecticut,91.6,Case,NA
Chronic Hepatitis C,2016,Area,Connecticut,45.6,Case,NA
Chronic Hepatitis C,2017,Area,Connecticut,49,Case,NA
Chronic Hepatitis C,2018,Area,Connecticut,53.1,Case,NA
Chronic Hepatitis C,2019,Area,Connecticut,37.1,Case,NA
Chronic Hepatitis C,2020,Area,Connecticut,24.7,Case,880
Chronic Hepatitis C,2021,Area,Connecticut,22.4,Case,809
Chronic Hepatitis C,2022,Area,Connecticut,21.1,Case,766
Chronic Hepatitis C,2023,Area,Connecticut,17.2,Case,622
Chronic Hepatitis C,2011,Area,Delaware,110,Case,998
Chronic Hepatitis C,2012,Area,Delaware,118.7,Case,NA
Chronic Hepatitis C,2013,Area,Delaware,116.9,Case,NA
Chronic Hepatitis C,2014,Area,Delaware,NA,Case,NA
Chronic Hepatitis C,2015,Area,Delaware,3.3,Case,31
Chronic Hepatitis C,2016,Area,Delaware,139.5,Case,NA
Chronic Hepatitis C,2017,Area,Delaware,NA,Case,NA
Chronic Hepatitis C,2018,Area,Delaware,NA,Case,NA
Chronic Hepatitis C,2019,Area,Delaware,NA,Case,NA
Chronic Hepatitis C,2020,Area,Delaware,NA,Case,NA
Chronic Hepatitis C,2021,Area,Delaware,70.8,Case,710
Chronic Hepatitis C,2022,Area,Delaware,55.3,Case,563
Chronic Hepatitis C,2023,Area,Delaware,43.5,Case,449
Chronic Hepatitis C,2011,Area,District of Columbia,NA,Case,NA
Chronic Hepatitis C,2012,Area,District of Columbia,NA,Case,NA
Chronic Hepatitis C,2013,Area,District of Columbia,NA,Case,NA
Chronic Hepatitis C,2014,Area,District of Columbia,NA,Case,NA
Chronic Hepatitis C,2015,Area,District of Columbia,NA,Case,NA
Chronic Hepatitis C,2016,Area,District of Columbia,NA,Case,NA
Chronic Hepatitis C,2017,Area,District of Columbia,NA,Case,NA
Chronic Hepatitis C,2018,Area,District of Columbia,NA,Case,NA
Chronic Hepatitis C,2019,Area,District of Columbia,NA,Case,NA
Chronic Hepatitis C,2020,Area,District of Columbia,NA,Case,NA
Chronic Hepatitis C,2021,Area,District of Columbia,NA,Case,NA
Chronic Hepatitis C,2022,Area,District of Columbia,25.5,Case,171
Chronic Hepatitis C,2023,Area,District of Columbia,16.6,Case,113
Chronic Hepatitis C,2011,Area,Florida,96.5,Case,NA
Chronic Hepatitis C,2012,Area,Florida,97.1,Case,NA
Chronic Hepatitis C,2013,Area,Florida,99.9,Case,NA
Chronic Hepatitis C,2014,Area,Florida,111.9,Case,NA
Chronic Hepatitis C,2015,Area,Florida,112.4,Case,NA
Chronic Hepatitis C,2016,Area,Florida,86,Case,NA
Chronic Hepatitis C,2017,Area,Florida,86.6,Case,NA
Chronic Hepatitis C,2018,Area,Florida,76,Case,NA
Chronic Hepatitis C,2019,Area,Florida,66.7,Case,NA
Chronic Hepatitis C,2020,Area,Florida,43.1,Case,NA
Chronic Hepatitis C,2021,Area,Florida,41.9,Case,NA
Chronic Hepatitis C,2022,Area,Florida,38.4,Case,NA
Chronic Hepatitis C,2023,Area,Florida,37.1,Case,NA
Chronic Hepatitis C,2011,Area,Georgia,26.3,Case,NA
Chronic Hepatitis C,2012,Area,Georgia,19,Case,NA
Chronic Hepatitis C,2013,Area,Georgia,8,Case,798
Chronic Hepatitis C,2014,Area,Georgia,42,Case,NA
Chronic Hepatitis C,2015,Area,Georgia,70.2,Case,NA
Chronic Hepatitis C,2016,Area,Georgia,68.7,Case,NA
Chronic Hepatitis C,2017,Area,Georgia,70.7,Case,NA
Chronic Hepatitis C,2018,Area,Georgia,51.8,Case,NA
Chronic Hepatitis C,2019,Area,Georgia,46.2,Case,NA
Chronic Hepatitis C,2020,Area,Georgia,36.2,Case,NA
Chronic Hepatitis C,2021,Area,Georgia,40.8,Case,NA
Chronic Hepatitis C,2022,Area,Georgia,39.5,Case,NA
Chronic Hepatitis C,2023,Area,Georgia,40.4,Case,NA
Chronic Hepatitis C,2011,Area,Hawaii,NA,Case,NA
Chronic Hepatitis C,2012,Area,Hawaii,0.2,Case,3
Chronic Hepatitis C,2013,Area,Hawaii,0.1,Case,1
Chronic Hepatitis C,2014,Area,Hawaii,0.8,Case,11
Chronic Hepatitis C,2015,Area,Hawaii,NA,Case,NA
Chronic Hepatitis C,2016,Area,Hawaii,NA,Case,NA
Chronic Hepatitis C,2017,Area,Hawaii,NA,Case,NA
Chronic Hepatitis C,2018,Area,Hawaii,NA,Case,NA
Chronic Hepatitis C,2019,Area,Hawaii,NA,Case,NA
Chronic Hepatitis C,2020,Area,Hawaii,NA,Case,NA
Chronic Hepatitis C,2021,Area,Hawaii,NA,Case,NA
Chronic Hepatitis C,2022,Area,Hawaii,NA,Case,NA
Chronic Hepatitis C,2023,Area,Hawaii,NA,Case,NA
Chronic Hepatitis C,2011,Area,Idaho,51,Case,809
Chronic Hepatitis C,2012,Area,Idaho,48.5,Case,774
Chronic Hepatitis C,2013,Area,Idaho,47.9,Case,772
Chronic Hepatitis C,2014,Area,Idaho,57,Case,932
Chronic Hepatitis C,2015,Area,Idaho,61.5,Case,NA
Chronic Hepatitis C,2016,Area,Idaho,53.2,Case,895
Chronic Hepatitis C,2017,Area,Idaho,48.6,Case,834
Chronic Hepatitis C,2018,Area,Idaho,49.7,Case,872
Chronic Hepatitis C,2019,Area,Idaho,43.6,Case,779
Chronic Hepatitis C,2020,Area,Idaho,38.4,Case,702
Chronic Hepatitis C,2021,Area,Idaho,35.2,Case,669
Chronic Hepatitis C,2022,Area,Idaho,29.3,Case,568
Chronic Hepatitis C,2023,Area,Idaho,26.4,Case,519
Chronic Hepatitis C,2011,Area,Illinois,65.4,Case,NA
Chronic Hepatitis C,2012,Area,Illinois,59.6,Case,NA
Chronic Hepatitis C,2013,Area,Illinois,48.8,Case,NA
Chronic Hepatitis C,2014,Area,Illinois,68.1,Case,NA
Chronic Hepatitis C,2015,Area,Illinois,67.6,Case,NA
Chronic Hepatitis C,2016,Area,Illinois,43.5,Case,NA
Chronic Hepatitis C,2017,Area,Illinois,44.5,Case,NA
Chronic Hepatitis C,2018,Area,Illinois,39,Case,NA
Chronic Hepatitis C,2019,Area,Illinois,33.3,Case,NA
Chronic Hepatitis C,2020,Area,Illinois,22.8,Case,NA
Chronic Hepatitis C,2021,Area,Illinois,21.8,Case,NA
Chronic Hepatitis C,2022,Area,Illinois,19.5,Case,NA
Chronic Hepatitis C,2023,Area,Illinois,16.8,Case,NA
Chronic Hepatitis C,2011,Area,Indiana,NA,Case,NA
Chronic Hepatitis C,2012,Area,Indiana,NA,Case,NA
Chronic Hepatitis C,2013,Area,Indiana,NA,Case,NA
Chronic Hepatitis C,2014,Area,Indiana,NA,Case,NA
Chronic Hepatitis C,2015,Area,Indiana,NA,Case,NA
Chronic Hepatitis C,2016,Area,Indiana,NA,Case,NA
Chronic Hepatitis C,2017,Area,Indiana,NA,Case,NA
Chronic Hepatitis C,2018,Area,Indiana,NA,Case,NA
Chronic Hepatitis C,2019,Area,Indiana,NA,Case,NA
Chronic Hepatitis C,2020,Area,Indiana,NA,Case,NA
Chronic Hepatitis C,2021,Area,Indiana,NA,Case,NA
Chronic Hepatitis C,2022,Area,Indiana,NA,Case,NA
Chronic Hepatitis C,2023,Area,Indiana,38.5,Case,NA
Chronic Hepatitis C,2011,Area,Iowa,1.5,Case,46
Chronic Hepatitis C,2012,Area,Iowa,9.5,Case,292
Chronic Hepatitis C,2013,Area,Iowa,0.1,Case,3
Chronic Hepatitis C,2014,Area,Iowa,NA,Case,NA
Chronic Hepatitis C,2015,Area,Iowa,0.6,Case,20
Chronic Hepatitis C,2016,Area,Iowa,23.4,Case,734
Chronic Hepatitis C,2017,Area,Iowa,46.8,Case,NA
Chronic Hepatitis C,2018,Area,Iowa,47.5,Case,NA
Chronic Hepatitis C,2019,Area,Iowa,37.2,Case,NA
Chronic Hepatitis C,2020,Area,Iowa,26.2,Case,830
Chronic Hepatitis C,2021,Area,Iowa,22.8,Case,729
Chronic Hepatitis C,2022,Area,Iowa,20.6,Case,658
Chronic Hepatitis C,2023,Area,Iowa,18.3,Case,587
Chronic Hepatitis C,2011,Area,Kansas,55.9,Case,NA
Chronic Hepatitis C,2012,Area,Kansas,62.5,Case,NA
Chronic Hepatitis C,2013,Area,Kansas,52.7,Case,NA
Chronic Hepatitis C,2014,Area,Kansas,53.7,Case,NA
Chronic Hepatitis C,2015,Area,Kansas,58.3,Case,NA
Chronic Hepatitis C,2016,Area,Kansas,41.4,Case,NA
Chronic Hepatitis C,2017,Area,Kansas,41.1,Case,NA
Chronic Hepatitis C,2018,Area,Kansas,43.7,Case,NA
Chronic Hepatitis C,2019,Area,Kansas,41,Case,NA
Chronic Hepatitis C,2020,Area,Kansas,20.1,Case,587
Chronic Hepatitis C,2021,Area,Kansas,22,Case,647
Chronic Hepatitis C,2022,Area,Kansas,25.5,Case,750
Chronic Hepatitis C,2023,Area,Kansas,27.4,Case,807
Chronic Hepatitis C,2011,Area,Kentucky,0.1,Case,5
Chronic Hepatitis C,2012,Area,Kentucky,3.8,Case,166
Chronic Hepatitis C,2013,Area,Kentucky,0.1,Case,4
Chronic Hepatitis C,2014,Area,Kentucky,NA,Case,NA
Chronic Hepatitis C,2015,Area,Kentucky,0.1,Case,4
Chronic Hepatitis C,2016,Area,Kentucky,1,Case,44
Chronic Hepatitis C,2017,Area,Kentucky,NA,Case,NA
Chronic Hepatitis C,2018,Area,Kentucky,NA,Case,NA
Chronic Hepatitis C,2019,Area,Kentucky,NA,Case,NA
Chronic Hepatitis C,2020,Area,Kentucky,NA,Case,NA
Chronic Hepatitis C,2021,Area,Kentucky,NA,Case,NA
Chronic Hepatitis C,2022,Area,Kentucky,NA,Case,NA
Chronic Hepatitis C,2023,Area,Kentucky,NA,Case,NA
Chronic Hepatitis C,2011,Area,Louisiana,45.8,Case,NA
Chronic Hepatitis C,2012,Area,Louisiana,28.2,Case,NA
Chronic Hepatitis C,2013,Area,Louisiana,NA,Case,NA
Chronic Hepatitis C,2014,Area,Louisiana,45.5,Case,NA
Chronic Hepatitis C,2015,Area,Louisiana,53.1,Case,NA
Chronic Hepatitis C,2016,Area,Louisiana,75.5,Case,NA
Chronic Hepatitis C,2017,Area,Louisiana,71.3,Case,NA
Chronic Hepatitis C,2018,Area,Louisiana,142.5,Case,NA
Chronic Hepatitis C,2019,Area,Louisiana,82.6,Case,NA
Chronic Hepatitis C,2020,Area,Louisiana,90.6,Case,NA
Chronic Hepatitis C,2021,Area,Louisiana,78.6,Case,NA
Chronic Hepatitis C,2022,Area,Louisiana,67.6,Case,NA
Chronic Hepatitis C,2023,Area,Louisiana,61.1,Case,NA
Chronic Hepatitis C,2011,Area,Maine,NA,Case,NA
Chronic Hepatitis C,2012,Area,Maine,90.6,Case,NA
Chronic Hepatitis C,2013,Area,Maine,95.2,Case,NA
Chronic Hepatitis C,2014,Area,Maine,107,Case,NA
Chronic Hepatitis C,2015,Area,Maine,111.8,Case,NA
Chronic Hepatitis C,2016,Area,Maine,37.1,Case,494
Chronic Hepatitis C,2017,Area,Maine,32.9,Case,439
Chronic Hepatitis C,2018,Area,Maine,66.3,Case,888
Chronic Hepatitis C,2019,Area,Maine,69.6,Case,936
Chronic Hepatitis C,2020,Area,Maine,54.8,Case,740
Chronic Hepatitis C,2021,Area,Maine,51.3,Case,704
Chronic Hepatitis C,2022,Area,Maine,43.7,Case,606
Chronic Hepatitis C,2023,Area,Maine,35.8,Case,500
Chronic Hepatitis C,2011,Area,Maryland,99.4,Case,NA
Chronic Hepatitis C,2012,Area,Maryland,133.8,Case,NA
Chronic Hepatitis C,2013,Area,Maryland,112.2,Case,NA
Chronic Hepatitis C,2014,Area,Maryland,117.8,Case,NA
Chronic Hepatitis C,2015,Area,Maryland,123.6,Case,NA
Chronic Hepatitis C,2016,Area,Maryland,72.6,Case,NA
Chronic Hepatitis C,2017,Area,Maryland,71.5,Case,NA
Chronic Hepatitis C,2018,Area,Maryland,64.2,Case,NA
Chronic Hepatitis C,2019,Area,Maryland,52.3,Case,NA
Chronic Hepatitis C,2020,Area,Maryland,36.4,Case,NA
Chronic Hepatitis C,2021,Area,Maryland,34.7,Case,NA
Chronic Hepatitis C,2022,Area,Maryland,28.7,Case,NA
Chronic Hepatitis C,2023,Area,Maryland,27.2,Case,NA
Chronic Hepatitis C,2011,Area,Massachusetts,75.7,Case,NA
Chronic Hepatitis C,2012,Area,Massachusetts,74.1,Case,NA
Chronic Hepatitis C,2013,Area,Massachusetts,70.1,Case,NA
Chronic Hepatitis C,2014,Area,Massachusetts,83.6,Case,NA
Chronic Hepatitis C,2015,Area,Massachusetts,80.7,Case,NA
Chronic Hepatitis C,2016,Area,Massachusetts,67.7,Case,NA
Chronic Hepatitis C,2017,Area,Massachusetts,60.8,Case,NA
Chronic Hepatitis C,2018,Area,Massachusetts,69.1,Case,NA
Chronic Hepatitis C,2019,Area,Massachusetts,44.9,Case,NA
Chronic Hepatitis C,2020,Area,Massachusetts,31.4,Case,NA
Chronic Hepatitis C,2021,Area,Massachusetts,33.6,Case,NA
Chronic Hepatitis C,2022,Area,Massachusetts,24.4,Case,NA
Chronic Hepatitis C,2023,Area,Massachusetts,62.4,Case,NA
Chronic Hepatitis C,2011,Area,Michigan,71.3,Case,NA
Chronic Hepatitis C,2012,Area,Michigan,61.7,Case,NA
Chronic Hepatitis C,2013,Area,Michigan,62.1,Case,NA
Chronic Hepatitis C,2014,Area,Michigan,76.4,Case,NA
Chronic Hepatitis C,2015,Area,Michigan,68.6,Case,NA
Chronic Hepatitis C,2016,Area,Michigan,52.2,Case,NA
Chronic Hepatitis C,2017,Area,Michigan,47.7,Case,NA
Chronic Hepatitis C,2018,Area,Michigan,40.6,Case,NA
Chronic Hepatitis C,2019,Area,Michigan,38.9,Case,NA
Chronic Hepatitis C,2020,Area,Michigan,24.8,Case,NA
Chronic Hepatitis C,2021,Area,Michigan,23.8,Case,NA
Chronic Hepatitis C,2022,Area,Michigan,21.8,Case,NA
Chronic Hepatitis C,2023,Area,Michigan,17.8,Case,NA
Chronic Hepatitis C,2011,Area,Minnesota,33.5,Case,NA
Chronic Hepatitis C,2012,Area,Minnesota,34.7,Case,NA
Chronic Hepatitis C,2013,Area,Minnesota,29.5,Case,NA
Chronic Hepatitis C,2014,Area,Minnesota,34.8,Case,NA
Chronic Hepatitis C,2015,Area,Minnesota,36.7,Case,NA
Chronic Hepatitis C,2016,Area,Minnesota,25.7,Case,NA
Chronic Hepatitis C,2017,Area,Minnesota,26.4,Case,NA
Chronic Hepatitis C,2018,Area,Minnesota,21.8,Case,NA
Chronic Hepatitis C,2019,Area,Minnesota,18.1,Case,NA
Chronic Hepatitis C,2020,Area,Minnesota,14.4,Case,816
Chronic Hepatitis C,2021,Area,Minnesota,14.8,Case,843
Chronic Hepatitis C,2022,Area,Minnesota,19.4,Case,NA
Chronic Hepatitis C,2023,Area,Minnesota,16.5,Case,945
Chronic Hepatitis C,2011,Area,Mississippi,NA,Case,NA
Chronic Hepatitis C,2012,Area,Mississippi,NA,Case,NA
Chronic Hepatitis C,2013,Area,Mississippi,NA,Case,NA
Chronic Hepatitis C,2014,Area,Mississippi,NA,Case,NA
Chronic Hepatitis C,2015,Area,Mississippi,NA,Case,NA
Chronic Hepatitis C,2016,Area,Mississippi,NA,Case,NA
Chronic Hepatitis C,2017,Area,Mississippi,NA,Case,NA
Chronic Hepatitis C,2018,Area,Mississippi,NA,Case,NA
Chronic Hepatitis C,2019,Area,Mississippi,0,Case,9
Chronic Hepatitis C,2020,Area,Mississippi,88.1,Case,NA
Chronic Hepatitis C,2021,Area,Mississippi,66.1,Case,NA
Chronic Hepatitis C,2022,Area,Mississippi,38.1,Case,NA
Chronic Hepatitis C,2023,Area,Mississippi,48.5,Case,NA
Chronic Hepatitis C,2011,Area,Missouri,83.9,Case,NA
Chronic Hepatitis C,2012,Area,Missouri,78.4,Case,NA
Chronic Hepatitis C,2013,Area,Missouri,80.7,Case,NA
Chronic Hepatitis C,2014,Area,Missouri,103.5,Case,NA
Chronic Hepatitis C,2015,Area,Missouri,128.2,Case,NA
Chronic Hepatitis C,2016,Area,Missouri,83.2,Case,NA
Chronic Hepatitis C,2017,Area,Missouri,80.1,Case,NA
Chronic Hepatitis C,2018,Area,Missouri,76,Case,NA
Chronic Hepatitis C,2019,Area,Missouri,77.5,Case,NA
Chronic Hepatitis C,2020,Area,Missouri,79.1,Case,NA
Chronic Hepatitis C,2021,Area,Missouri,69.2,Case,NA
Chronic Hepatitis C,2022,Area,Missouri,64,Case,NA
Chronic Hepatitis C,2023,Area,Missouri,55.6,Case,NA
Chronic Hepatitis C,2011,Area,Montana,78.5,Case,784
Chronic Hepatitis C,2012,Area,Montana,120.5,Case,NA
Chronic Hepatitis C,2013,Area,Montana,109.9,Case,NA
Chronic Hepatitis C,2014,Area,Montana,138,Case,NA
Chronic Hepatitis C,2015,Area,Montana,131.1,Case,NA
Chronic Hepatitis C,2016,Area,Montana,98.4,Case,NA
Chronic Hepatitis C,2017,Area,Montana,99.2,Case,NA
Chronic Hepatitis C,2018,Area,Montana,91,Case,967
Chronic Hepatitis C,2019,Area,Montana,84.2,Case,900
Chronic Hepatitis C,2020,Area,Montana,62.2,Case,672
Chronic Hepatitis C,2021,Area,Montana,61.9,Case,684
Chronic Hepatitis C,2022,Area,Montana,56.5,Case,634
Chronic Hepatitis C,2023,Area,Montana,65.1,Case,737
Chronic Hepatitis C,2011,Area,Nebraska,40.3,Case,743
Chronic Hepatitis C,2012,Area,Nebraska,40.4,Case,750
Chronic Hepatitis C,2013,Area,Nebraska,45.4,Case,848
Chronic Hepatitis C,2014,Area,Nebraska,49.2,Case,926
Chronic Hepatitis C,2015,Area,Nebraska,47.1,Case,893
Chronic Hepatitis C,2016,Area,Nebraska,42,Case,801
Chronic Hepatitis C,2017,Area,Nebraska,40.2,Case,772
Chronic Hepatitis C,2018,Area,Nebraska,36.1,Case,696
Chronic Hepatitis C,2019,Area,Nebraska,31.8,Case,615
Chronic Hepatitis C,2020,Area,Nebraska,18.3,Case,355
Chronic Hepatitis C,2021,Area,Nebraska,21.1,Case,414
Chronic Hepatitis C,2022,Area,Nebraska,17.8,Case,351
Chronic Hepatitis C,2023,Area,Nebraska,17.3,Case,342
Chronic Hepatitis C,2011,Area,Nevada,NA,Case,NA
Chronic Hepatitis C,2012,Area,Nevada,NA,Case,NA
Chronic Hepatitis C,2013,Area,Nevada,NA,Case,NA
Chronic Hepatitis C,2014,Area,Nevada,NA,Case,NA
Chronic Hepatitis C,2015,Area,Nevada,NA,Case,NA
Chronic Hepatitis C,2016,Area,Nevada,0.1,Case,4
Chronic Hepatitis C,2017,Area,Nevada,3.5,Case,106
Chronic Hepatitis C,2018,Area,Nevada,NA,Case,NA
Chronic Hepatitis C,2019,Area,Nevada,NA,Case,NA
Chronic Hepatitis C,2020,Area,Nevada,NA,Case,NA
Chronic Hepatitis C,2021,Area,Nevada,60.6,Case,NA
Chronic Hepatitis C,2022,Area,Nevada,58.1,Case,NA
Chronic Hepatitis C,2023,Area,Nevada,45.3,Case,NA
Chronic Hepatitis C,2011,Area,New Hampshire,NA,Case,NA
Chronic Hepatitis C,2012,Area,New Hampshire,NA,Case,NA
Chronic Hepatitis C,2013,Area,New Hampshire,NA,Case,NA
Chronic Hepatitis C,2014,Area,New Hampshire,NA,Case,NA
Chronic Hepatitis C,2015,Area,New Hampshire,NA,Case,NA
Chronic Hepatitis C,2016,Area,New Hampshire,0.7,Case,10
Chronic Hepatitis C,2017,Area,New Hampshire,11.8,Case,158
Chronic Hepatitis C,2018,Area,New Hampshire,16.5,Case,224
Chronic Hepatitis C,2019,Area,New Hampshire,9.9,Case,135
Chronic Hepatitis C,2020,Area,New Hampshire,3.5,Case,48
Chronic Hepatitis C,2021,Area,New Hampshire,3.4,Case,47
Chronic Hepatitis C,2022,Area,New Hampshire,5.2,Case,73
Chronic Hepatitis C,2023,Area,New Hampshire,11.6,Case,163
Chronic Hepatitis C,2011,Area,New Jersey,87.5,Case,NA
Chronic Hepatitis C,2012,Area,New Jersey,77.1,Case,NA
Chronic Hepatitis C,2013,Area,New Jersey,73.9,Case,NA
Chronic Hepatitis C,2014,Area,New Jersey,86.9,Case,NA
Chronic Hepatitis C,2015,Area,New Jersey,88.5,Case,NA
Chronic Hepatitis C,2016,Area,New Jersey,89.5,Case,NA
Chronic Hepatitis C,2017,Area,New Jersey,51.1,Case,NA
Chronic Hepatitis C,2018,Area,New Jersey,43.6,Case,NA
Chronic Hepatitis C,2019,Area,New Jersey,37.8,Case,NA
Chronic Hepatitis C,2020,Area,New Jersey,28,Case,NA
Chronic Hepatitis C,2021,Area,New Jersey,25.5,Case,NA
Chronic Hepatitis C,2022,Area,New Jersey,25.6,Case,NA
Chronic Hepatitis C,2023,Area,New Jersey,23.5,Case,NA
Chronic Hepatitis C,2011,Area,New Mexico,98.5,Case,NA
Chronic Hepatitis C,2012,Area,New Mexico,138.2,Case,NA
Chronic Hepatitis C,2013,Area,New Mexico,41.5,Case,865
Chronic Hepatitis C,2014,Area,New Mexico,111,Case,NA
Chronic Hepatitis C,2015,Area,New Mexico,176.5,Case,NA
Chronic Hepatitis C,2016,Area,New Mexico,57.9,Case,NA
Chronic Hepatitis C,2017,Area,New Mexico,37.5,Case,783
Chronic Hepatitis C,2018,Area,New Mexico,45.6,Case,956
Chronic Hepatitis C,2019,Area,New Mexico,109.1,Case,NA
Chronic Hepatitis C,2020,Area,New Mexico,0.1,Case,2
Chronic Hepatitis C,2021,Area,New Mexico,13.6,Case,288
Chronic Hepatitis C,2022,Area,New Mexico,54.9,Case,NA
Chronic Hepatitis C,2023,Area,New Mexico,63.8,Case,NA
Chronic Hepatitis C,2011,Area,New York,83.4,Case,NA
Chronic Hepatitis C,2012,Area,New York,73,Case,NA
Chronic Hepatitis C,2013,Area,New York,106.4,Case,NA
Chronic Hepatitis C,2014,Area,New York,79.9,Case,NA
Chronic Hepatitis C,2015,Area,New York,76.1,Case,NA
Chronic Hepatitis C,2016,Area,New York,45.5,Case,NA
Chronic Hepatitis C,2017,Area,New York,45.2,Case,NA
Chronic Hepatitis C,2018,Area,New York,41.2,Case,NA
Chronic Hepatitis C,2019,Area,New York,35.5,Case,NA
Chronic Hepatitis C,2020,Area,New York,25.1,Case,NA
Chronic Hepatitis C,2021,Area,New York,23.7,Case,NA
Chronic Hepatitis C,2022,Area,New York,21.7,Case,NA
Chronic Hepatitis C,2023,Area,New York,20.5,Case,NA
Chronic Hepatitis C,2011,Area,North Carolina,NA,Case,NA
Chronic Hepatitis C,2012,Area,North Carolina,NA,Case,NA
Chronic Hepatitis C,2013,Area,North Carolina,NA,Case,NA
Chronic Hepatitis C,2014,Area,North Carolina,NA,Case,NA
Chronic Hepatitis C,2015,Area,North Carolina,NA,Case,NA
Chronic Hepatitis C,2016,Area,North Carolina,NA,Case,NA
Chronic Hepatitis C,2017,Area,North Carolina,NA,Case,NA
Chronic Hepatitis C,2018,Area,North Carolina,NA,Case,NA
Chronic Hepatitis C,2019,Area,North Carolina,NA,Case,NA
Chronic Hepatitis C,2020,Area,North Carolina,NA,Case,NA
Chronic Hepatitis C,2021,Area,North Carolina,NA,Case,NA
Chronic Hepatitis C,2022,Area,North Carolina,NA,Case,NA
Chronic Hepatitis C,2023,Area,North Carolina,NA,Case,NA
Chronic Hepatitis C,2011,Area,North Dakota,NA,Case,NA
Chronic Hepatitis C,2012,Area,North Dakota,96.5,Case,675
Chronic Hepatitis C,2013,Area,North Dakota,103.3,Case,747
Chronic Hepatitis C,2014,Area,North Dakota,114.7,Case,848
Chronic Hepatitis C,2015,Area,North Dakota,104.9,Case,794
Chronic Hepatitis C,2016,Area,North Dakota,92.5,Case,701
Chronic Hepatitis C,2017,Area,North Dakota,76.9,Case,581
Chronic Hepatitis C,2018,Area,North Dakota,94.3,Case,717
Chronic Hepatitis C,2019,Area,North Dakota,65.7,Case,501
Chronic Hepatitis C,2020,Area,North Dakota,59.6,Case,456
Chronic Hepatitis C,2021,Area,North Dakota,59.5,Case,461
Chronic Hepatitis C,2022,Area,North Dakota,48.4,Case,377
Chronic Hepatitis C,2023,Area,North Dakota,44.9,Case,352
Chronic Hepatitis C,2011,Area,Ohio,46.1,Case,NA
Chronic Hepatitis C,2012,Area,Ohio,32.8,Case,NA
Chronic Hepatitis C,2013,Area,Ohio,85.6,Case,NA
Chronic Hepatitis C,2014,Area,Ohio,135.9,Case,NA
Chronic Hepatitis C,2015,Area,Ohio,165,Case,NA
Chronic Hepatitis C,2016,Area,Ohio,122.9,Case,NA
Chronic Hepatitis C,2017,Area,Ohio,106.9,Case,NA
Chronic Hepatitis C,2018,Area,Ohio,90.5,Case,NA
Chronic Hepatitis C,2019,Area,Ohio,81.4,Case,NA
Chronic Hepatitis C,2020,Area,Ohio,60.1,Case,NA
Chronic Hepatitis C,2021,Area,Ohio,56.5,Case,NA
Chronic Hepatitis C,2022,Area,Ohio,49,Case,NA
Chronic Hepatitis C,2023,Area,Ohio,44.3,Case,NA
Chronic Hepatitis C,2011,Area,Oklahoma,NA,Case,NA
Chronic Hepatitis C,2012,Area,Oklahoma,NA,Case,NA
Chronic Hepatitis C,2013,Area,Oklahoma,NA,Case,NA
Chronic Hepatitis C,2014,Area,Oklahoma,14,Case,541
Chronic Hepatitis C,2015,Area,Oklahoma,15.1,Case,590
Chronic Hepatitis C,2016,Area,Oklahoma,13.8,Case,543
Chronic Hepatitis C,2017,Area,Oklahoma,15.8,Case,622
Chronic Hepatitis C,2018,Area,Oklahoma,39.8,Case,NA
Chronic Hepatitis C,2019,Area,Oklahoma,49.1,Case,NA
Chronic Hepatitis C,2020,Area,Oklahoma,77.1,Case,NA
Chronic Hepatitis C,2021,Area,Oklahoma,55.1,Case,NA
Chronic Hepatitis C,2022,Area,Oklahoma,151.2,Case,NA
Chronic Hepatitis C,2023,Area,Oklahoma,145.5,Case,NA
Chronic Hepatitis C,2011,Area,Oregon,114.8,Case,NA
Chronic Hepatitis C,2012,Area,Oregon,116.5,Case,NA
Chronic Hepatitis C,2013,Area,Oregon,94.9,Case,NA
Chronic Hepatitis C,2014,Area,Oregon,126,Case,NA
Chronic Hepatitis C,2015,Area,Oregon,135.8,Case,NA
Chronic Hepatitis C,2016,Area,Oregon,86.5,Case,NA
Chronic Hepatitis C,2017,Area,Oregon,81.8,Case,NA
Chronic Hepatitis C,2018,Area,Oregon,71.6,Case,NA
Chronic Hepatitis C,2019,Area,Oregon,60.9,Case,NA
Chronic Hepatitis C,2020,Area,Oregon,43.6,Case,NA
Chronic Hepatitis C,2021,Area,Oregon,39,Case,NA
Chronic Hepatitis C,2022,Area,Oregon,35.9,Case,NA
Chronic Hepatitis C,2023,Area,Oregon,31.7,Case,NA
Chronic Hepatitis C,2011,Area,Pennsylvania,60.7,Case,NA
Chronic Hepatitis C,2012,Area,Pennsylvania,73.2,Case,NA
Chronic Hepatitis C,2013,Area,Pennsylvania,65.8,Case,NA
Chronic Hepatitis C,2014,Area,Pennsylvania,81.3,Case,NA
Chronic Hepatitis C,2015,Area,Pennsylvania,93.6,Case,NA
Chronic Hepatitis C,2016,Area,Pennsylvania,101.9,Case,NA
Chronic Hepatitis C,2017,Area,Pennsylvania,105.8,Case,NA
Chronic Hepatitis C,2018,Area,Pennsylvania,100.5,Case,NA
Chronic Hepatitis C,2019,Area,Pennsylvania,84.7,Case,NA
Chronic Hepatitis C,2020,Area,Pennsylvania,59.6,Case,NA
Chronic Hepatitis C,2021,Area,Pennsylvania,53.2,Case,NA
Chronic Hepatitis C,2022,Area,Pennsylvania,40.3,Case,NA
Chronic Hepatitis C,2023,Area,Pennsylvania,38.4,Case,NA
Chronic Hepatitis C,2011,Area,Rhode Island,NA,Case,NA
Chronic Hepatitis C,2012,Area,Rhode Island,6.2,Case,65
Chronic Hepatitis C,2013,Area,Rhode Island,NA,Case,NA
Chronic Hepatitis C,2014,Area,Rhode Island,NA,Case,NA
Chronic Hepatitis C,2015,Area,Rhode Island,NA,Case,NA
Chronic Hepatitis C,2016,Area,Rhode Island,NA,Case,NA
Chronic Hepatitis C,2017,Area,Rhode Island,NA,Case,NA
Chronic Hepatitis C,2018,Area,Rhode Island,NA,Case,NA
Chronic Hepatitis C,2019,Area,Rhode Island,NA,Case,NA
Chronic Hepatitis C,2020,Area,Rhode Island,NA,Case,NA
Chronic Hepatitis C,2021,Area,Rhode Island,NA,Case,NA
Chronic Hepatitis C,2022,Area,Rhode Island,58.6,Case,641
Chronic Hepatitis C,2023,Area,Rhode Island,59,Case,647
Chronic Hepatitis C,2011,Area,South Carolina,75.9,Case,NA
Chronic Hepatitis C,2012,Area,South Carolina,77.2,Case,NA
Chronic Hepatitis C,2013,Area,South Carolina,67.7,Case,NA
Chronic Hepatitis C,2014,Area,South Carolina,74.2,Case,NA
Chronic Hepatitis C,2015,Area,South Carolina,92.2,Case,NA
Chronic Hepatitis C,2016,Area,South Carolina,62.9,Case,NA
Chronic Hepatitis C,2017,Area,South Carolina,66.5,Case,NA
Chronic Hepatitis C,2018,Area,South Carolina,60.4,Case,NA
Chronic Hepatitis C,2019,Area,South Carolina,74.1,Case,NA
Chronic Hepatitis C,2020,Area,South Carolina,58.2,Case,NA
Chronic Hepatitis C,2021,Area,South Carolina,66.4,Case,NA
Chronic Hepatitis C,2022,Area,South Carolina,61.3,Case,NA
Chronic Hepatitis C,2023,Area,South Carolina,48.5,Case,NA
Chronic Hepatitis C,2011,Area,South Dakota,43,Case,354
Chronic Hepatitis C,2012,Area,South Dakota,46.8,Case,390
Chronic Hepatitis C,2013,Area,South Dakota,47.9,Case,405
Chronic Hepatitis C,2014,Area,South Dakota,61.2,Case,522
Chronic Hepatitis C,2015,Area,South Dakota,66,Case,567
Chronic Hepatitis C,2016,Area,South Dakota,55.8,Case,483
Chronic Hepatitis C,2017,Area,South Dakota,50.6,Case,440
Chronic Hepatitis C,2018,Area,South Dakota,47.8,Case,422
Chronic Hepatitis C,2019,Area,South Dakota,51.4,Case,455
Chronic Hepatitis C,2020,Area,South Dakota,40.8,Case,364
Chronic Hepatitis C,2021,Area,South Dakota,47.5,Case,425
Chronic Hepatitis C,2022,Area,South Dakota,42.3,Case,385
Chronic Hepatitis C,2023,Area,South Dakota,51.2,Case,471
Chronic Hepatitis C,2011,Area,Tennessee,9.9,Case,633
Chronic Hepatitis C,2012,Area,Tennessee,29.4,Case,NA
Chronic Hepatitis C,2013,Area,Tennessee,25.2,Case,NA
Chronic Hepatitis C,2014,Area,Tennessee,NA,Case,NA
Chronic Hepatitis C,2015,Area,Tennessee,34.1,Case,NA
Chronic Hepatitis C,2016,Area,Tennessee,159.9,Case,NA
Chronic Hepatitis C,2017,Area,Tennessee,165.1,Case,NA
Chronic Hepatitis C,2018,Area,Tennessee,147,Case,NA
Chronic Hepatitis C,2019,Area,Tennessee,127,Case,NA
Chronic Hepatitis C,2020,Area,Tennessee,77.1,Case,NA
Chronic Hepatitis C,2021,Area,Tennessee,99.6,Case,NA
Chronic Hepatitis C,2022,Area,Tennessee,81.7,Case,NA
Chronic Hepatitis C,2023,Area,Tennessee,71.5,Case,NA
Chronic Hepatitis C,2011,Area,Texas,0,Case,234
Chronic Hepatitis C,2012,Area,Texas,0,Case,151
Chronic Hepatitis C,2013,Area,Texas,0,Case,23
Chronic Hepatitis C,2014,Area,Texas,NA,Case,NA
Chronic Hepatitis C,2015,Area,Texas,NA,Case,NA
Chronic Hepatitis C,2016,Area,Texas,NA,Case,NA
Chronic Hepatitis C,2017,Area,Texas,NA,Case,NA
Chronic Hepatitis C,2018,Area,Texas,NA,Case,NA
Chronic Hepatitis C,2019,Area,Texas,NA,Case,NA
Chronic Hepatitis C,2020,Area,Texas,NA,Case,NA
Chronic Hepatitis C,2021,Area,Texas,NA,Case,NA
Chronic Hepatitis C,2022,Area,Texas,NA,Case,NA
Chronic Hepatitis C,2023,Area,Texas,NA,Case,NA
Chronic Hepatitis C,2011,Area,Utah,33.5,Case,945
Chronic Hepatitis C,2012,Area,Utah,33.6,Case,959
Chronic Hepatitis C,2013,Area,Utah,33.2,Case,964
Chronic Hepatitis C,2014,Area,Utah,50.7,Case,NA
Chronic Hepatitis C,2015,Area,Utah,52.7,Case,NA
Chronic Hepatitis C,2016,Area,Utah,40,Case,NA
Chronic Hepatitis C,2017,Area,Utah,35.9,Case,NA
Chronic Hepatitis C,2018,Area,Utah,32,Case,NA
Chronic Hepatitis C,2019,Area,Utah,29,Case,929
Chronic Hepatitis C,2020,Area,Utah,19.9,Case,647
Chronic Hepatitis C,2021,Area,Utah,25,Case,835
Chronic Hepatitis C,2022,Area,Utah,21.7,Case,734
Chronic Hepatitis C,2023,Area,Utah,19.4,Case,662
Chronic Hepatitis C,2011,Area,Vermont,98.7,Case,618
Chronic Hepatitis C,2012,Area,Vermont,107,Case,670
Chronic Hepatitis C,2013,Area,Vermont,101.8,Case,638
Chronic Hepatitis C,2014,Area,Vermont,144,Case,902
Chronic Hepatitis C,2015,Area,Vermont,129.1,Case,808
Chronic Hepatitis C,2016,Area,Vermont,115.8,Case,723
Chronic Hepatitis C,2017,Area,Vermont,91.1,Case,568
Chronic Hepatitis C,2018,Area,Vermont,73.9,Case,463
Chronic Hepatitis C,2019,Area,Vermont,60.6,Case,378
Chronic Hepatitis C,2020,Area,Vermont,40.3,Case,251
Chronic Hepatitis C,2021,Area,Vermont,47.6,Case,307
Chronic Hepatitis C,2022,Area,Vermont,33.7,Case,218
Chronic Hepatitis C,2023,Area,Vermont,36.3,Case,235
Chronic Hepatitis C,2011,Area,Virginia,42.8,Case,NA
Chronic Hepatitis C,2012,Area,Virginia,46.7,Case,NA
Chronic Hepatitis C,2013,Area,Virginia,49.4,Case,NA
Chronic Hepatitis C,2014,Area,Virginia,67.1,Case,NA
Chronic Hepatitis C,2015,Area,Virginia,97.1,Case,NA
Chronic Hepatitis C,2016,Area,Virginia,61.2,Case,NA
Chronic Hepatitis C,2017,Area,Virginia,61.7,Case,NA
Chronic Hepatitis C,2018,Area,Virginia,56,Case,NA
Chronic Hepatitis C,2019,Area,Virginia,62.4,Case,NA
Chronic Hepatitis C,2020,Area,Virginia,45.2,Case,NA
Chronic Hepatitis C,2021,Area,Virginia,43.9,Case,NA
Chronic Hepatitis C,2022,Area,Virginia,43.5,Case,NA
Chronic Hepatitis C,2023,Area,Virginia,38.7,Case,NA
Chronic Hepatitis C,2011,Area,Washington,NA,Case,NA
Chronic Hepatitis C,2012,Area,Washington,NA,Case,NA
Chronic Hepatitis C,2013,Area,Washington,NA,Case,NA
Chronic Hepatitis C,2014,Area,Washington,69.8,Case,NA
Chronic Hepatitis C,2015,Area,Washington,79.7,Case,NA
Chronic Hepatitis C,2016,Area,Washington,58.9,Case,NA
Chronic Hepatitis C,2017,Area,Washington,69.2,Case,NA
Chronic Hepatitis C,2018,Area,Washington,69.3,Case,NA
Chronic Hepatitis C,2019,Area,Washington,56.7,Case,NA
Chronic Hepatitis C,2020,Area,Washington,38.6,Case,NA
Chronic Hepatitis C,2021,Area,Washington,33.2,Case,NA
Chronic Hepatitis C,2022,Area,Washington,29.1,Case,NA
Chronic Hepatitis C,2023,Area,Washington,28.3,Case,NA
Chronic Hepatitis C,2011,Area,West Virginia,NA,Case,NA
Chronic Hepatitis C,2012,Area,West Virginia,215.4,Case,NA
Chronic Hepatitis C,2013,Area,West Virginia,222.4,Case,NA
Chronic Hepatitis C,2014,Area,West Virginia,358.4,Case,NA
Chronic Hepatitis C,2015,Area,West Virginia,343.7,Case,NA
Chronic Hepatitis C,2016,Area,West Virginia,169.6,Case,NA
Chronic Hepatitis C,2017,Area,West Virginia,178,Case,NA
Chronic Hepatitis C,2018,Area,West Virginia,267.6,Case,NA
Chronic Hepatitis C,2019,Area,West Virginia,201,Case,NA
Chronic Hepatitis C,2020,Area,West Virginia,122.1,Case,NA
Chronic Hepatitis C,2021,Area,West Virginia,151.4,Case,NA
Chronic Hepatitis C,2022,Area,West Virginia,131.6,Case,NA
Chronic Hepatitis C,2023,Area,West Virginia,112.3,Case,NA
Chronic Hepatitis C,2011,Area,Wisconsin,NA,Case,NA
Chronic Hepatitis C,2012,Area,Wisconsin,NA,Case,NA
Chronic Hepatitis C,2013,Area,Wisconsin,NA,Case,NA
Chronic Hepatitis C,2014,Area,Wisconsin,NA,Case,NA
Chronic Hepatitis C,2015,Area,Wisconsin,0.1,Case,3
Chronic Hepatitis C,2016,Area,Wisconsin,40.6,Case,NA
Chronic Hepatitis C,2017,Area,Wisconsin,40.4,Case,NA
Chronic Hepatitis C,2018,Area,Wisconsin,36,Case,NA
Chronic Hepatitis C,2019,Area,Wisconsin,33.7,Case,NA
Chronic Hepatitis C,2020,Area,Wisconsin,24,Case,NA
Chronic Hepatitis C,2021,Area,Wisconsin,23.5,Case,NA
Chronic Hepatitis C,2022,Area,Wisconsin,18.3,Case,NA
Chronic Hepatitis C,2023,Area,Wisconsin,18.3,Case,NA
Chronic Hepatitis C,2011,Area,Wyoming,59.1,Case,336
Chronic Hepatitis C,2012,Area,Wyoming,3.3,Case,19
Chronic Hepatitis C,2013,Area,Wyoming,NA,Case,NA
Chronic Hepatitis C,2014,Area,Wyoming,85.9,Case,502
Chronic Hepatitis C,2015,Area,Wyoming,80.5,Case,472
Chronic Hepatitis C,2016,Area,Wyoming,81.8,Case,479
Chronic Hepatitis C,2017,Area,Wyoming,66.3,Case,384
Chronic Hepatitis C,2018,Area,Wyoming,61.4,Case,355
Chronic Hepatitis C,2019,Area,Wyoming,57.5,Case,333
Chronic Hepatitis C,2020,Area,Wyoming,52.5,Case,306
Chronic Hepatitis C,2021,Area,Wyoming,55.1,Case,319
Chronic Hepatitis C,2022,Area,Wyoming,41.1,Case,239
Chronic Hepatitis C,2023,Area,Wyoming,35.8,Case,209
Perinatal Hepatitis B,2011,Area,Alabama,NA,Case,NA
Perinatal Hepatitis B,2012,Area,Alabama,NA,Case,NA
Perinatal Hepatitis B,2013,Area,Alabama,NA,Case,NA
Perinatal Hepatitis B,2014,Area,Alabama,NA,Case,NA
Perinatal Hepatitis B,2015,Area,Alabama,NA,Case,NA
Perinatal Hepatitis B,2016,Area,Alabama,NA,Case,NA
Perinatal Hepatitis B,2017,Area,Alabama,NA,Case,1
Perinatal Hepatitis B,2018,Area,Alabama,NA,Case,NA
Perinatal Hepatitis B,2019,Area,Alabama,NA,Case,2
Perinatal Hepatitis B,2020,Area,Alabama,NA,Case,1
Perinatal Hepatitis B,2021,Area,Alabama,NA,Case,NA
Perinatal Hepatitis B,2022,Area,Alabama,NA,Case,NA
Perinatal Hepatitis B,2023,Area,Alabama,NA,Case,NA
Perinatal Hepatitis B,2011,Area,Alaska,NA,Case,NA
Perinatal Hepatitis B,2012,Area,Alaska,NA,Case,NA
Perinatal Hepatitis B,2013,Area,Alaska,NA,Case,NA
Perinatal Hepatitis B,2014,Area,Alaska,NA,Case,NA
Perinatal Hepatitis B,2015,Area,Alaska,NA,Case,NA
Perinatal Hepatitis B,2016,Area,Alaska,NA,Case,NA
Perinatal Hepatitis B,2017,Area,Alaska,NA,Case,NA
Perinatal Hepatitis B,2018,Area,Alaska,NA,Case,1
Perinatal Hepatitis B,2019,Area,Alaska,NA,Case,NA
Perinatal Hepatitis B,2020,Area,Alaska,NA,Case,NA
Perinatal Hepatitis B,2021,Area,Alaska,NA,Case,NA
Perinatal Hepatitis B,2022,Area,Alaska,NA,Case,NA
Perinatal Hepatitis B,2023,Area,Alaska,NA,Case,NA
Perinatal Hepatitis B,2011,Area,Arizona,NA,Case,NA
Perinatal Hepatitis B,2012,Area,Arizona,NA,Case,NA
Perinatal Hepatitis B,2013,Area,Arizona,NA,Case,1
Perinatal Hepatitis B,2014,Area,Arizona,NA,Case,NA
Perinatal Hepatitis B,2015,Area,Arizona,NA,Case,NA
Perinatal Hepatitis B,2016,Area,Arizona,NA,Case,NA
Perinatal Hepatitis B,2017,Area,Arizona,NA,Case,1
Perinatal Hepatitis B,2018,Area,Arizona,NA,Case,1
Perinatal Hepatitis B,2019,Area,Arizona,NA,Case,NA
Perinatal Hepatitis B,2020,Area,Arizona,NA,Case,NA
Perinatal Hepatitis B,2021,Area,Arizona,NA,Case,NA
Perinatal Hepatitis B,2022,Area,Arizona,NA,Case,NA
Perinatal Hepatitis B,2023,Area,Arizona,NA,Case,NA
Perinatal Hepatitis B,2011,Area,Arkansas,NA,Case,NA
Perinatal Hepatitis B,2012,Area,Arkansas,NA,Case,1
Perinatal Hepatitis B,2013,Area,Arkansas,NA,Case,NA
Perinatal Hepatitis B,2014,Area,Arkansas,NA,Case,NA
Perinatal Hepatitis B,2015,Area,Arkansas,NA,Case,NA
Perinatal Hepatitis B,2016,Area,Arkansas,NA,Case,NA
Perinatal Hepatitis B,2017,Area,Arkansas,NA,Case,NA
Perinatal Hepatitis B,2018,Area,Arkansas,NA,Case,NA
Perinatal Hepatitis B,2019,Area,Arkansas,NA,Case,NA
Perinatal Hepatitis B,2020,Area,Arkansas,NA,Case,NA
Perinatal Hepatitis B,2021,Area,Arkansas,NA,Case,NA
Perinatal Hepatitis B,2022,Area,Arkansas,NA,Case,NA
Perinatal Hepatitis B,2023,Area,Arkansas,NA,Case,NA
Perinatal Hepatitis B,2011,Area,California,NA,Case,13
Perinatal Hepatitis B,2012,Area,California,NA,Case,7
Perinatal Hepatitis B,2013,Area,California,NA,Case,18
Perinatal Hepatitis B,2014,Area,California,NA,Case,14
Perinatal Hepatitis B,2015,Area,California,NA,Case,11
Perinatal Hepatitis B,2016,Area,California,NA,Case,15
Perinatal Hepatitis B,2017,Area,California,NA,Case,5
Perinatal Hepatitis B,2018,Area,California,NA,Case,4
Perinatal Hepatitis B,2019,Area,California,NA,Case,4
Perinatal Hepatitis B,2020,Area,California,NA,Case,1
Perinatal Hepatitis B,2021,Area,California,NA,Case,2
Perinatal Hepatitis B,2022,Area,California,NA,Case,2
Perinatal Hepatitis B,2023,Area,California,NA,Case,2
Perinatal Hepatitis B,2011,Area,Colorado,NA,Case,NA
Perinatal Hepatitis B,2012,Area,Colorado,NA,Case,NA
Perinatal Hepatitis B,2013,Area,Colorado,NA,Case,1
Perinatal Hepatitis B,2014,Area,Colorado,NA,Case,NA
Perinatal Hepatitis B,2015,Area,Colorado,NA,Case,1
Perinatal Hepatitis B,2016,Area,Colorado,NA,Case,NA
Perinatal Hepatitis B,2017,Area,Colorado,NA,Case,NA
Perinatal Hepatitis B,2018,Area,Colorado,NA,Case,NA
Perinatal Hepatitis B,2019,Area,Colorado,NA,Case,NA
Perinatal Hepatitis B,2020,Area,Colorado,NA,Case,NA
Perinatal Hepatitis B,2021,Area,Colorado,NA,Case,NA
Perinatal Hepatitis B,2022,Area,Colorado,NA,Case,NA
Perinatal Hepatitis B,2023,Area,Colorado,NA,Case,NA
Perinatal Hepatitis B,2011,Area,Connecticut,NA,Case,1
Perinatal Hepatitis B,2012,Area,Connecticut,NA,Case,NA
Perinatal Hepatitis B,2013,Area,Connecticut,NA,Case,NA
Perinatal Hepatitis B,2014,Area,Connecticut,NA,Case,NA
Perinatal Hepatitis B,2015,Area,Connecticut,NA,Case,1
Perinatal Hepatitis B,2016,Area,Connecticut,NA,Case,NA
Perinatal Hepatitis B,2017,Area,Connecticut,NA,Case,NA
Perinatal Hepatitis B,2018,Area,Connecticut,NA,Case,NA
Perinatal Hepatitis B,2019,Area,Connecticut,NA,Case,NA
Perinatal Hepatitis B,2020,Area,Connecticut,NA,Case,NA
Perinatal Hepatitis B,2021,Area,Connecticut,NA,Case,NA
Perinatal Hepatitis B,2022,Area,Connecticut,NA,Case,NA
Perinatal Hepatitis B,2023,Area,Connecticut,NA,Case,NA
Perinatal Hepatitis B,2011,Area,Delaware,NA,Case,NA
Perinatal Hepatitis B,2012,Area,Delaware,NA,Case,1
Perinatal Hepatitis B,2013,Area,Delaware,NA,Case,NA
Perinatal Hepatitis B,2014,Area,Delaware,NA,Case,NA
Perinatal Hepatitis B,2015,Area,Delaware,NA,Case,NA
Perinatal Hepatitis B,2016,Area,Delaware,NA,Case,NA
Perinatal Hepatitis B,2017,Area,Delaware,NA,Case,NA
Perinatal Hepatitis B,2018,Area,Delaware,NA,Case,NA
Perinatal Hepatitis B,2019,Area,Delaware,NA,Case,NA
Perinatal Hepatitis B,2020,Area,Delaware,NA,Case,NA
Perinatal Hepatitis B,2021,Area,Delaware,NA,Case,NA
Perinatal Hepatitis B,2022,Area,Delaware,NA,Case,NA
Perinatal Hepatitis B,2023,Area,Delaware,NA,Case,NA
Perinatal Hepatitis B,2011,Area,District of Columbia,NA,Case,NA
Perinatal Hepatitis B,2012,Area,District of Columbia,NA,Case,NA
Perinatal Hepatitis B,2013,Area,District of Columbia,NA,Case,NA
Perinatal Hepatitis B,2014,Area,District of Columbia,NA,Case,NA
Perinatal Hepatitis B,2015,Area,District of Columbia,NA,Case,NA
Perinatal Hepatitis B,2016,Area,District of Columbia,NA,Case,NA
Perinatal Hepatitis B,2017,Area,District of Columbia,NA,Case,NA
Perinatal Hepatitis B,2018,Area,District of Columbia,NA,Case,NA
Perinatal Hepatitis B,2019,Area,District of Columbia,NA,Case,NA
Perinatal Hepatitis B,2020,Area,District of Columbia,NA,Case,NA
Perinatal Hepatitis B,2021,Area,District of Columbia,NA,Case,NA
Perinatal Hepatitis B,2022,Area,District of Columbia,NA,Case,NA
Perinatal Hepatitis B,2023,Area,District of Columbia,NA,Case,NA
Perinatal Hepatitis B,2011,Area,Florida,NA,Case,NA
Perinatal Hepatitis B,2012,Area,Florida,NA,Case,1
Perinatal Hepatitis B,2013,Area,Florida,NA,Case,2
Perinatal Hepatitis B,2014,Area,Florida,NA,Case,1
Perinatal Hepatitis B,2015,Area,Florida,NA,Case,NA
Perinatal Hepatitis B,2016,Area,Florida,NA,Case,NA
Perinatal Hepatitis B,2017,Area,Florida,NA,Case,NA
Perinatal Hepatitis B,2018,Area,Florida,NA,Case,2
Perinatal Hepatitis B,2019,Area,Florida,NA,Case,1
Perinatal Hepatitis B,2020,Area,Florida,NA,Case,NA
Perinatal Hepatitis B,2021,Area,Florida,NA,Case,NA
Perinatal Hepatitis B,2022,Area,Florida,NA,Case,NA
Perinatal Hepatitis B,2023,Area,Florida,NA,Case,1
Perinatal Hepatitis B,2011,Area,Georgia,NA,Case,2
Perinatal Hepatitis B,2012,Area,Georgia,NA,Case,1
Perinatal Hepatitis B,2013,Area,Georgia,NA,Case,NA
Perinatal Hepatitis B,2014,Area,Georgia,NA,Case,NA
Perinatal Hepatitis B,2015,Area,Georgia,NA,Case,2
Perinatal Hepatitis B,2016,Area,Georgia,NA,Case,1
Perinatal Hepatitis B,2017,Area,Georgia,NA,Case,1
Perinatal Hepatitis B,2018,Area,Georgia,NA,Case,1
Perinatal Hepatitis B,2019,Area,Georgia,NA,Case,NA
Perinatal Hepatitis B,2020,Area,Georgia,NA,Case,1
Perinatal Hepatitis B,2021,Area,Georgia,NA,Case,NA
Perinatal Hepatitis B,2022,Area,Georgia,NA,Case,NA
Perinatal Hepatitis B,2023,Area,Georgia,NA,Case,1
Perinatal Hepatitis B,2011,Area,Hawaii,NA,Case,1
Perinatal Hepatitis B,2012,Area,Hawaii,NA,Case,1
Perinatal Hepatitis B,2013,Area,Hawaii,NA,Case,NA
Perinatal Hepatitis B,2014,Area,Hawaii,NA,Case,1
Perinatal Hepatitis B,2015,Area,Hawaii,NA,Case,1
Perinatal Hepatitis B,2016,Area,Hawaii,NA,Case,NA
Perinatal Hepatitis B,2017,Area,Hawaii,NA,Case,2
Perinatal Hepatitis B,2018,Area,Hawaii,NA,Case,NA
Perinatal Hepatitis B,2019,Area,Hawaii,NA,Case,NA
Perinatal Hepatitis B,2020,Area,Hawaii,NA,Case,NA
Perinatal Hepatitis B,2021,Area,Hawaii,NA,Case,NA
Perinatal Hepatitis B,2022,Area,Hawaii,NA,Case,NA
Perinatal Hepatitis B,2023,Area,Hawaii,NA,Case,NA
Perinatal Hepatitis B,2011,Area,Idaho,NA,Case,NA
Perinatal Hepatitis B,2012,Area,Idaho,NA,Case,NA
Perinatal Hepatitis B,2013,Area,Idaho,NA,Case,NA
Perinatal Hepatitis B,2014,Area,Idaho,NA,Case,NA
Perinatal Hepatitis B,2015,Area,Idaho,NA,Case,NA
Perinatal Hepatitis B,2016,Area,Idaho,NA,Case,NA
Perinatal Hepatitis B,2017,Area,Idaho,NA,Case,NA
Perinatal Hepatitis B,2018,Area,Idaho,NA,Case,NA
Perinatal Hepatitis B,2019,Area,Idaho,NA,Case,NA
Perinatal Hepatitis B,2020,Area,Idaho,NA,Case,NA
Perinatal Hepatitis B,2021,Area,Idaho,NA,Case,NA
Perinatal Hepatitis B,2022,Area,Idaho,NA,Case,NA
Perinatal Hepatitis B,2023,Area,Idaho,NA,Case,NA
Perinatal Hepatitis B,2011,Area,Illinois,NA,Case,NA
Perinatal Hepatitis B,2012,Area,Illinois,NA,Case,1
Perinatal Hepatitis B,2013,Area,Illinois,NA,Case,NA
Perinatal Hepatitis B,2014,Area,Illinois,NA,Case,NA
Perinatal Hepatitis B,2015,Area,Illinois,NA,Case,NA
Perinatal Hepatitis B,2016,Area,Illinois,NA,Case,NA
Perinatal Hepatitis B,2017,Area,Illinois,NA,Case,NA
Perinatal Hepatitis B,2018,Area,Illinois,NA,Case,NA
Perinatal Hepatitis B,2019,Area,Illinois,NA,Case,NA
Perinatal Hepatitis B,2020,Area,Illinois,NA,Case,NA
Perinatal Hepatitis B,2021,Area,Illinois,NA,Case,NA
Perinatal Hepatitis B,2022,Area,Illinois,NA,Case,1
Perinatal Hepatitis B,2023,Area,Illinois,NA,Case,NA
Perinatal Hepatitis B,2011,Area,Indiana,NA,Case,NA
Perinatal Hepatitis B,2012,Area,Indiana,NA,Case,NA
Perinatal Hepatitis B,2013,Area,Indiana,NA,Case,2
Perinatal Hepatitis B,2014,Area,Indiana,NA,Case,NA
Perinatal Hepatitis B,2015,Area,Indiana,NA,Case,NA
Perinatal Hepatitis B,2016,Area,Indiana,NA,Case,NA
Perinatal Hepatitis B,2017,Area,Indiana,NA,Case,1
Perinatal Hepatitis B,2018,Area,Indiana,NA,Case,NA
Perinatal Hepatitis B,2019,Area,Indiana,NA,Case,NA
Perinatal Hepatitis B,2020,Area,Indiana,NA,Case,1
Perinatal Hepatitis B,2021,Area,Indiana,NA,Case,NA
Perinatal Hepatitis B,2022,Area,Indiana,NA,Case,NA
Perinatal Hepatitis B,2023,Area,Indiana,NA,Case,NA
Perinatal Hepatitis B,2011,Area,Iowa,NA,Case,NA
Perinatal Hepatitis B,2012,Area,Iowa,NA,Case,NA
Perinatal Hepatitis B,2013,Area,Iowa,NA,Case,NA
Perinatal Hepatitis B,2014,Area,Iowa,NA,Case,NA
Perinatal Hepatitis B,2015,Area,Iowa,NA,Case,NA
Perinatal Hepatitis B,2016,Area,Iowa,NA,Case,NA
Perinatal Hepatitis B,2017,Area,Iowa,NA,Case,NA
Perinatal Hepatitis B,2018,Area,Iowa,NA,Case,NA
Perinatal Hepatitis B,2019,Area,Iowa,NA,Case,NA
Perinatal Hepatitis B,2020,Area,Iowa,NA,Case,NA
Perinatal Hepatitis B,2021,Area,Iowa,NA,Case,NA
Perinatal Hepatitis B,2022,Area,Iowa,NA,Case,NA
Perinatal Hepatitis B,2023,Area,Iowa,NA,Case,NA
Perinatal Hepatitis B,2011,Area,Kansas,NA,Case,NA
Perinatal Hepatitis B,2012,Area,Kansas,NA,Case,NA
Perinatal Hepatitis B,2013,Area,Kansas,NA,Case,1
Perinatal Hepatitis B,2014,Area,Kansas,NA,Case,NA
Perinatal Hepatitis B,2015,Area,Kansas,NA,Case,NA
Perinatal Hepatitis B,2016,Area,Kansas,NA,Case,NA
Perinatal Hepatitis B,2017,Area,Kansas,NA,Case,NA
Perinatal Hepatitis B,2018,Area,Kansas,NA,Case,NA
Perinatal Hepatitis B,2019,Area,Kansas,NA,Case,NA
Perinatal Hepatitis B,2020,Area,Kansas,NA,Case,NA
Perinatal Hepatitis B,2021,Area,Kansas,NA,Case,NA
Perinatal Hepatitis B,2022,Area,Kansas,NA,Case,NA
Perinatal Hepatitis B,2023,Area,Kansas,NA,Case,NA
Perinatal Hepatitis B,2011,Area,Kentucky,NA,Case,NA
Perinatal Hepatitis B,2012,Area,Kentucky,NA,Case,1
Perinatal Hepatitis B,2013,Area,Kentucky,NA,Case,NA
Perinatal Hepatitis B,2014,Area,Kentucky,NA,Case,NA
Perinatal Hepatitis B,2015,Area,Kentucky,NA,Case,NA
Perinatal Hepatitis B,2016,Area,Kentucky,NA,Case,2
Perinatal Hepatitis B,2017,Area,Kentucky,NA,Case,1
Perinatal Hepatitis B,2018,Area,Kentucky,NA,Case,1
Perinatal Hepatitis B,2019,Area,Kentucky,NA,Case,NA
Perinatal Hepatitis B,2020,Area,Kentucky,NA,Case,NA
Perinatal Hepatitis B,2021,Area,Kentucky,NA,Case,NA
Perinatal Hepatitis B,2022,Area,Kentucky,NA,Case,1
Perinatal Hepatitis B,2023,Area,Kentucky,NA,Case,NA
Perinatal Hepatitis B,2011,Area,Louisiana,NA,Case,NA
Perinatal Hepatitis B,2012,Area,Louisiana,NA,Case,NA
Perinatal Hepatitis B,2013,Area,Louisiana,NA,Case,NA
Perinatal Hepatitis B,2014,Area,Louisiana,NA,Case,1
Perinatal Hepatitis B,2015,Area,Louisiana,NA,Case,NA
Perinatal Hepatitis B,2016,Area,Louisiana,NA,Case,1
Perinatal Hepatitis B,2017,Area,Louisiana,NA,Case,1
Perinatal Hepatitis B,2018,Area,Louisiana,NA,Case,NA
Perinatal Hepatitis B,2019,Area,Louisiana,NA,Case,NA
Perinatal Hepatitis B,2020,Area,Louisiana,NA,Case,2
Perinatal Hepatitis B,2021,Area,Louisiana,NA,Case,NA
Perinatal Hepatitis B,2022,Area,Louisiana,NA,Case,NA
Perinatal Hepatitis B,2023,Area,Louisiana,NA,Case,NA
Perinatal Hepatitis B,2011,Area,Maine,NA,Case,NA
Perinatal Hepatitis B,2012,Area,Maine,NA,Case,NA
Perinatal Hepatitis B,2013,Area,Maine,NA,Case,NA
Perinatal Hepatitis B,2014,Area,Maine,NA,Case,NA
Perinatal Hepatitis B,2015,Area,Maine,NA,Case,NA
Perinatal Hepatitis B,2016,Area,Maine,NA,Case,NA
Perinatal Hepatitis B,2017,Area,Maine,NA,Case,NA
Perinatal Hepatitis B,2018,Area,Maine,NA,Case,NA
Perinatal Hepatitis B,2019,Area,Maine,NA,Case,1
Perinatal Hepatitis B,2020,Area,Maine,NA,Case,NA
Perinatal Hepatitis B,2021,Area,Maine,NA,Case,1
Perinatal Hepatitis B,2022,Area,Maine,NA,Case,NA
Perinatal Hepatitis B,2023,Area,Maine,NA,Case,NA
Perinatal Hepatitis B,2011,Area,Maryland,NA,Case,NA
Perinatal Hepatitis B,2012,Area,Maryland,NA,Case,NA
Perinatal Hepatitis B,2013,Area,Maryland,NA,Case,NA
Perinatal Hepatitis B,2014,Area,Maryland,NA,Case,NA
Perinatal Hepatitis B,2015,Area,Maryland,NA,Case,NA
Perinatal Hepatitis B,2016,Area,Maryland,NA,Case,NA
Perinatal Hepatitis B,2017,Area,Maryland,NA,Case,NA
Perinatal Hepatitis B,2018,Area,Maryland,NA,Case,NA
Perinatal Hepatitis B,2019,Area,Maryland,NA,Case,NA
Perinatal Hepatitis B,2020,Area,Maryland,NA,Case,1
Perinatal Hepatitis B,2021,Area,Maryland,NA,Case,NA
Perinatal Hepatitis B,2022,Area,Maryland,NA,Case,NA
Perinatal Hepatitis B,2023,Area,Maryland,NA,Case,NA
Perinatal Hepatitis B,2011,Area,Massachusetts,NA,Case,NA
Perinatal Hepatitis B,2012,Area,Massachusetts,NA,Case,NA
Perinatal Hepatitis B,2013,Area,Massachusetts,NA,Case,NA
Perinatal Hepatitis B,2014,Area,Massachusetts,NA,Case,1
Perinatal Hepatitis B,2015,Area,Massachusetts,NA,Case,1
Perinatal Hepatitis B,2016,Area,Massachusetts,NA,Case,NA
Perinatal Hepatitis B,2017,Area,Massachusetts,NA,Case,NA
Perinatal Hepatitis B,2018,Area,Massachusetts,NA,Case,NA
Perinatal Hepatitis B,2019,Area,Massachusetts,NA,Case,NA
Perinatal Hepatitis B,2020,Area,Massachusetts,NA,Case,NA
Perinatal Hepatitis B,2021,Area,Massachusetts,NA,Case,NA
Perinatal Hepatitis B,2022,Area,Massachusetts,NA,Case,NA
Perinatal Hepatitis B,2023,Area,Massachusetts,NA,Case,NA
Perinatal Hepatitis B,2011,Area,Michigan,NA,Case,1
Perinatal Hepatitis B,2012,Area,Michigan,NA,Case,2
Perinatal Hepatitis B,2013,Area,Michigan,NA,Case,1
Perinatal Hepatitis B,2014,Area,Michigan,NA,Case,2
Perinatal Hepatitis B,2015,Area,Michigan,NA,Case,NA
Perinatal Hepatitis B,2016,Area,Michigan,NA,Case,NA
Perinatal Hepatitis B,2017,Area,Michigan,NA,Case,1
Perinatal Hepatitis B,2018,Area,Michigan,NA,Case,1
Perinatal Hepatitis B,2019,Area,Michigan,NA,Case,NA
Perinatal Hepatitis B,2020,Area,Michigan,NA,Case,NA
Perinatal Hepatitis B,2021,Area,Michigan,NA,Case,NA
Perinatal Hepatitis B,2022,Area,Michigan,NA,Case,NA
Perinatal Hepatitis B,2023,Area,Michigan,NA,Case,NA
Perinatal Hepatitis B,2011,Area,Minnesota,NA,Case,1
Perinatal Hepatitis B,2012,Area,Minnesota,NA,Case,1
Perinatal Hepatitis B,2013,Area,Minnesota,NA,Case,1
Perinatal Hepatitis B,2014,Area,Minnesota,NA,Case,NA
Perinatal Hepatitis B,2015,Area,Minnesota,NA,Case,3
Perinatal Hepatitis B,2016,Area,Minnesota,NA,Case,1
Perinatal Hepatitis B,2017,Area,Minnesota,NA,Case,NA
Perinatal Hepatitis B,2018,Area,Minnesota,NA,Case,NA
Perinatal Hepatitis B,2019,Area,Minnesota,NA,Case,NA
Perinatal Hepatitis B,2020,Area,Minnesota,NA,Case,NA
Perinatal Hepatitis B,2021,Area,Minnesota,NA,Case,NA
Perinatal Hepatitis B,2022,Area,Minnesota,NA,Case,2
Perinatal Hepatitis B,2023,Area,Minnesota,NA,Case,NA
Perinatal Hepatitis B,2011,Area,Mississippi,NA,Case,1
Perinatal Hepatitis B,2012,Area,Mississippi,NA,Case,NA
Perinatal Hepatitis B,2013,Area,Mississippi,NA,Case,NA
Perinatal Hepatitis B,2014,Area,Mississippi,NA,Case,NA
Perinatal Hepatitis B,2015,Area,Mississippi,NA,Case,NA
Perinatal Hepatitis B,2016,Area,Mississippi,NA,Case,NA
Perinatal Hepatitis B,2017,Area,Mississippi,NA,Case,1
Perinatal Hepatitis B,2018,Area,Mississippi,NA,Case,NA
Perinatal Hepatitis B,2019,Area,Mississippi,NA,Case,1
Perinatal Hepatitis B,2020,Area,Mississippi,NA,Case,NA
Perinatal Hepatitis B,2021,Area,Mississippi,NA,Case,NA
Perinatal Hepatitis B,2022,Area,Mississippi,NA,Case,NA
Perinatal Hepatitis B,2023,Area,Mississippi,NA,Case,NA
Perinatal Hepatitis B,2011,Area,Missouri,NA,Case,2
Perinatal Hepatitis B,2012,Area,Missouri,NA,Case,1
Perinatal Hepatitis B,2013,Area,Missouri,NA,Case,NA
Perinatal Hepatitis B,2014,Area,Missouri,NA,Case,2
Perinatal Hepatitis B,2015,Area,Missouri,NA,Case,NA
Perinatal Hepatitis B,2016,Area,Missouri,NA,Case,NA
Perinatal Hepatitis B,2017,Area,Missouri,NA,Case,NA
Perinatal Hepatitis B,2018,Area,Missouri,NA,Case,NA
Perinatal Hepatitis B,2019,Area,Missouri,NA,Case,NA
Perinatal Hepatitis B,2020,Area,Missouri,NA,Case,NA
Perinatal Hepatitis B,2021,Area,Missouri,NA,Case,NA
Perinatal Hepatitis B,2022,Area,Missouri,NA,Case,NA
Perinatal Hepatitis B,2023,Area,Missouri,NA,Case,1
Perinatal Hepatitis B,2011,Area,Montana,NA,Case,NA
Perinatal Hepatitis B,2012,Area,Montana,NA,Case,NA
Perinatal Hepatitis B,2013,Area,Montana,NA,Case,NA
Perinatal Hepatitis B,2014,Area,Montana,NA,Case,NA
Perinatal Hepatitis B,2015,Area,Montana,NA,Case,NA
Perinatal Hepatitis B,2016,Area,Montana,NA,Case,NA
Perinatal Hepatitis B,2017,Area,Montana,NA,Case,NA
Perinatal Hepatitis B,2018,Area,Montana,NA,Case,NA
Perinatal Hepatitis B,2019,Area,Montana,NA,Case,NA
Perinatal Hepatitis B,2020,Area,Montana,NA,Case,NA
Perinatal Hepatitis B,2021,Area,Montana,NA,Case,NA
Perinatal Hepatitis B,2022,Area,Montana,NA,Case,1
Perinatal Hepatitis B,2023,Area,Montana,NA,Case,NA
Perinatal Hepatitis B,2011,Area,Nebraska,NA,Case,NA
Perinatal Hepatitis B,2012,Area,Nebraska,NA,Case,NA
Perinatal Hepatitis B,2013,Area,Nebraska,NA,Case,NA
Perinatal Hepatitis B,2014,Area,Nebraska,NA,Case,NA
Perinatal Hepatitis B,2015,Area,Nebraska,NA,Case,1
Perinatal Hepatitis B,2016,Area,Nebraska,NA,Case,NA
Perinatal Hepatitis B,2017,Area,Nebraska,NA,Case,NA
Perinatal Hepatitis B,2018,Area,Nebraska,NA,Case,NA
Perinatal Hepatitis B,2019,Area,Nebraska,NA,Case,NA
Perinatal Hepatitis B,2020,Area,Nebraska,NA,Case,NA
Perinatal Hepatitis B,2021,Area,Nebraska,NA,Case,NA
Perinatal Hepatitis B,2022,Area,Nebraska,NA,Case,NA
Perinatal Hepatitis B,2023,Area,Nebraska,NA,Case,NA
Perinatal Hepatitis B,2011,Area,Nevada,NA,Case,NA
Perinatal Hepatitis B,2012,Area,Nevada,NA,Case,NA
Perinatal Hepatitis B,2013,Area,Nevada,NA,Case,NA
Perinatal Hepatitis B,2014,Area,Nevada,NA,Case,NA
Perinatal Hepatitis B,2015,Area,Nevada,NA,Case,1
Perinatal Hepatitis B,2016,Area,Nevada,NA,Case,NA
Perinatal Hepatitis B,2017,Area,Nevada,NA,Case,1
Perinatal Hepatitis B,2018,Area,Nevada,NA,Case,NA
Perinatal Hepatitis B,2019,Area,Nevada,NA,Case,NA
Perinatal Hepatitis B,2020,Area,Nevada,NA,Case,NA
Perinatal Hepatitis B,2021,Area,Nevada,NA,Case,NA
Perinatal Hepatitis B,2022,Area,Nevada,NA,Case,NA
Perinatal Hepatitis B,2023,Area,Nevada,NA,Case,NA
Perinatal Hepatitis B,2011,Area,New Hampshire,NA,Case,NA
Perinatal Hepatitis B,2012,Area,New Hampshire,NA,Case,NA
Perinatal Hepatitis B,2013,Area,New Hampshire,NA,Case,NA
Perinatal Hepatitis B,2014,Area,New Hampshire,NA,Case,NA
Perinatal Hepatitis B,2015,Area,New Hampshire,NA,Case,NA
Perinatal Hepatitis B,2016,Area,New Hampshire,NA,Case,NA
Perinatal Hepatitis B,2017,Area,New Hampshire,NA,Case,NA
Perinatal Hepatitis B,2018,Area,New Hampshire,NA,Case,NA
Perinatal Hepatitis B,2019,Area,New Hampshire,NA,Case,NA
Perinatal Hepatitis B,2020,Area,New Hampshire,NA,Case,NA
Perinatal Hepatitis B,2021,Area,New Hampshire,NA,Case,NA
Perinatal Hepatitis B,2022,Area,New Hampshire,NA,Case,NA
Perinatal Hepatitis B,2023,Area,New Hampshire,NA,Case,NA
Perinatal Hepatitis B,2011,Area,New Jersey,NA,Case,NA
Perinatal Hepatitis B,2012,Area,New Jersey,NA,Case,2
Perinatal Hepatitis B,2013,Area,New Jersey,NA,Case,1
Perinatal Hepatitis B,2014,Area,New Jersey,NA,Case,NA
Perinatal Hepatitis B,2015,Area,New Jersey,NA,Case,NA
Perinatal Hepatitis B,2016,Area,New Jersey,NA,Case,NA
Perinatal Hepatitis B,2017,Area,New Jersey,NA,Case,NA
Perinatal Hepatitis B,2018,Area,New Jersey,NA,Case,NA
Perinatal Hepatitis B,2019,Area,New Jersey,NA,Case,NA
Perinatal Hepatitis B,2020,Area,New Jersey,NA,Case,NA
Perinatal Hepatitis B,2021,Area,New Jersey,NA,Case,NA
Perinatal Hepatitis B,2022,Area,New Jersey,NA,Case,NA
Perinatal Hepatitis B,2023,Area,New Jersey,NA,Case,NA
Perinatal Hepatitis B,2011,Area,New Mexico,NA,Case,NA
Perinatal Hepatitis B,2012,Area,New Mexico,NA,Case,NA
Perinatal Hepatitis B,2013,Area,New Mexico,NA,Case,NA
Perinatal Hepatitis B,2014,Area,New Mexico,NA,Case,NA
Perinatal Hepatitis B,2015,Area,New Mexico,NA,Case,NA
Perinatal Hepatitis B,2016,Area,New Mexico,NA,Case,NA
Perinatal Hepatitis B,2017,Area,New Mexico,NA,Case,NA
Perinatal Hepatitis B,2018,Area,New Mexico,NA,Case,NA
Perinatal Hepatitis B,2019,Area,New Mexico,NA,Case,NA
Perinatal Hepatitis B,2020,Area,New Mexico,NA,Case,NA
Perinatal Hepatitis B,2021,Area,New Mexico,NA,Case,NA
Perinatal Hepatitis B,2022,Area,New Mexico,NA,Case,NA
Perinatal Hepatitis B,2023,Area,New Mexico,NA,Case,NA
Perinatal Hepatitis B,2011,Area,New York,NA,Case,3
Perinatal Hepatitis B,2012,Area,New York,NA,Case,7
Perinatal Hepatitis B,2013,Area,New York,NA,Case,NA
Perinatal Hepatitis B,2014,Area,New York,NA,Case,7
Perinatal Hepatitis B,2015,Area,New York,NA,Case,4
Perinatal Hepatitis B,2016,Area,New York,NA,Case,2
Perinatal Hepatitis B,2017,Area,New York,NA,Case,5
Perinatal Hepatitis B,2018,Area,New York,NA,Case,4
Perinatal Hepatitis B,2019,Area,New York,NA,Case,2
Perinatal Hepatitis B,2020,Area,New York,NA,Case,NA
Perinatal Hepatitis B,2021,Area,New York,NA,Case,2
Perinatal Hepatitis B,2022,Area,New York,NA,Case,2
Perinatal Hepatitis B,2023,Area,New York,NA,Case,NA
Perinatal Hepatitis B,2011,Area,North Carolina,NA,Case,1
Perinatal Hepatitis B,2012,Area,North Carolina,NA,Case,NA
Perinatal Hepatitis B,2013,Area,North Carolina,NA,Case,1
Perinatal Hepatitis B,2014,Area,North Carolina,NA,Case,2
Perinatal Hepatitis B,2015,Area,North Carolina,NA,Case,1
Perinatal Hepatitis B,2016,Area,North Carolina,NA,Case,1
Perinatal Hepatitis B,2017,Area,North Carolina,NA,Case,2
Perinatal Hepatitis B,2018,Area,North Carolina,NA,Case,NA
Perinatal Hepatitis B,2019,Area,North Carolina,NA,Case,1
Perinatal Hepatitis B,2020,Area,North Carolina,NA,Case,NA
Perinatal Hepatitis B,2021,Area,North Carolina,NA,Case,2
Perinatal Hepatitis B,2022,Area,North Carolina,NA,Case,NA
Perinatal Hepatitis B,2023,Area,North Carolina,NA,Case,NA
Perinatal Hepatitis B,2011,Area,North Dakota,NA,Case,NA
Perinatal Hepatitis B,2012,Area,North Dakota,NA,Case,NA
Perinatal Hepatitis B,2013,Area,North Dakota,NA,Case,NA
Perinatal Hepatitis B,2014,Area,North Dakota,NA,Case,NA
Perinatal Hepatitis B,2015,Area,North Dakota,NA,Case,NA
Perinatal Hepatitis B,2016,Area,North Dakota,NA,Case,NA
Perinatal Hepatitis B,2017,Area,North Dakota,NA,Case,NA
Perinatal Hepatitis B,2018,Area,North Dakota,NA,Case,NA
Perinatal Hepatitis B,2019,Area,North Dakota,NA,Case,NA
Perinatal Hepatitis B,2020,Area,North Dakota,NA,Case,NA
Perinatal Hepatitis B,2021,Area,North Dakota,NA,Case,NA
Perinatal Hepatitis B,2022,Area,North Dakota,NA,Case,NA
Perinatal Hepatitis B,2023,Area,North Dakota,NA,Case,NA
Perinatal Hepatitis B,2011,Area,Ohio,NA,Case,8
Perinatal Hepatitis B,2012,Area,Ohio,NA,Case,1
Perinatal Hepatitis B,2013,Area,Ohio,NA,Case,5
Perinatal Hepatitis B,2014,Area,Ohio,NA,Case,2
Perinatal Hepatitis B,2015,Area,Ohio,NA,Case,NA
Perinatal Hepatitis B,2016,Area,Ohio,NA,Case,NA
Perinatal Hepatitis B,2017,Area,Ohio,NA,Case,3
Perinatal Hepatitis B,2018,Area,Ohio,NA,Case,1
Perinatal Hepatitis B,2019,Area,Ohio,NA,Case,NA
Perinatal Hepatitis B,2020,Area,Ohio,NA,Case,1
Perinatal Hepatitis B,2021,Area,Ohio,NA,Case,2
Perinatal Hepatitis B,2022,Area,Ohio,NA,Case,2
Perinatal Hepatitis B,2023,Area,Ohio,NA,Case,NA
Perinatal Hepatitis B,2011,Area,Oklahoma,NA,Case,NA
Perinatal Hepatitis B,2012,Area,Oklahoma,NA,Case,1
Perinatal Hepatitis B,2013,Area,Oklahoma,NA,Case,NA
Perinatal Hepatitis B,2014,Area,Oklahoma,NA,Case,1
Perinatal Hepatitis B,2015,Area,Oklahoma,NA,Case,NA
Perinatal Hepatitis B,2016,Area,Oklahoma,NA,Case,NA
Perinatal Hepatitis B,2017,Area,Oklahoma,NA,Case,NA
Perinatal Hepatitis B,2018,Area,Oklahoma,NA,Case,1
Perinatal Hepatitis B,2019,Area,Oklahoma,NA,Case,NA
Perinatal Hepatitis B,2020,Area,Oklahoma,NA,Case,NA
Perinatal Hepatitis B,2021,Area,Oklahoma,NA,Case,NA
Perinatal Hepatitis B,2022,Area,Oklahoma,NA,Case,NA
Perinatal Hepatitis B,2023,Area,Oklahoma,NA,Case,NA
Perinatal Hepatitis B,2011,Area,Oregon,NA,Case,NA
Perinatal Hepatitis B,2012,Area,Oregon,NA,Case,NA
Perinatal Hepatitis B,2013,Area,Oregon,NA,Case,NA
Perinatal Hepatitis B,2014,Area,Oregon,NA,Case,NA
Perinatal Hepatitis B,2015,Area,Oregon,NA,Case,2
Perinatal Hepatitis B,2016,Area,Oregon,NA,Case,NA
Perinatal Hepatitis B,2017,Area,Oregon,NA,Case,1
Perinatal Hepatitis B,2018,Area,Oregon,NA,Case,NA
Perinatal Hepatitis B,2019,Area,Oregon,NA,Case,NA
Perinatal Hepatitis B,2020,Area,Oregon,NA,Case,NA
Perinatal Hepatitis B,2021,Area,Oregon,NA,Case,1
Perinatal Hepatitis B,2022,Area,Oregon,NA,Case,NA
Perinatal Hepatitis B,2023,Area,Oregon,NA,Case,NA
Perinatal Hepatitis B,2011,Area,Pennsylvania,NA,Case,2
Perinatal Hepatitis B,2012,Area,Pennsylvania,NA,Case,3
Perinatal Hepatitis B,2013,Area,Pennsylvania,NA,Case,6
Perinatal Hepatitis B,2014,Area,Pennsylvania,NA,Case,4
Perinatal Hepatitis B,2015,Area,Pennsylvania,NA,Case,NA
Perinatal Hepatitis B,2016,Area,Pennsylvania,NA,Case,2
Perinatal Hepatitis B,2017,Area,Pennsylvania,NA,Case,2
Perinatal Hepatitis B,2018,Area,Pennsylvania,NA,Case,3
Perinatal Hepatitis B,2019,Area,Pennsylvania,NA,Case,2
Perinatal Hepatitis B,2020,Area,Pennsylvania,NA,Case,NA
Perinatal Hepatitis B,2021,Area,Pennsylvania,NA,Case,NA
Perinatal Hepatitis B,2022,Area,Pennsylvania,NA,Case,NA
Perinatal Hepatitis B,2023,Area,Pennsylvania,NA,Case,NA
Perinatal Hepatitis B,2011,Area,Rhode Island,NA,Case,NA
Perinatal Hepatitis B,2012,Area,Rhode Island,NA,Case,NA
Perinatal Hepatitis B,2013,Area,Rhode Island,NA,Case,NA
Perinatal Hepatitis B,2014,Area,Rhode Island,NA,Case,NA
Perinatal Hepatitis B,2015,Area,Rhode Island,NA,Case,NA
Perinatal Hepatitis B,2016,Area,Rhode Island,NA,Case,NA
Perinatal Hepatitis B,2017,Area,Rhode Island,NA,Case,NA
Perinatal Hepatitis B,2018,Area,Rhode Island,NA,Case,NA
Perinatal Hepatitis B,2019,Area,Rhode Island,NA,Case,NA
Perinatal Hepatitis B,2020,Area,Rhode Island,NA,Case,NA
Perinatal Hepatitis B,2021,Area,Rhode Island,NA,Case,NA
Perinatal Hepatitis B,2022,Area,Rhode Island,NA,Case,NA
Perinatal Hepatitis B,2023,Area,Rhode Island,NA,Case,1
Perinatal Hepatitis B,2011,Area,South Carolina,NA,Case,NA
Perinatal Hepatitis B,2012,Area,South Carolina,NA,Case,NA
Perinatal Hepatitis B,2013,Area,South Carolina,NA,Case,NA
Perinatal Hepatitis B,2014,Area,South Carolina,NA,Case,NA
Perinatal Hepatitis B,2015,Area,South Carolina,NA,Case,NA
Perinatal Hepatitis B,2016,Area,South Carolina,NA,Case,NA
Perinatal Hepatitis B,2017,Area,South Carolina,NA,Case,NA
Perinatal Hepatitis B,2018,Area,South Carolina,NA,Case,NA
Perinatal Hepatitis B,2019,Area,South Carolina,NA,Case,NA
Perinatal Hepatitis B,2020,Area,South Carolina,NA,Case,NA
Perinatal Hepatitis B,2021,Area,South Carolina,NA,Case,1
Perinatal Hepatitis B,2022,Area,South Carolina,NA,Case,NA
Perinatal Hepatitis B,2023,Area,South Carolina,NA,Case,NA
Perinatal Hepatitis B,2011,Area,South Dakota,NA,Case,NA
Perinatal Hepatitis B,2012,Area,South Dakota,NA,Case,NA
Perinatal Hepatitis B,2013,Area,South Dakota,NA,Case,NA
Perinatal Hepatitis B,2014,Area,South Dakota,NA,Case,NA
Perinatal Hepatitis B,2015,Area,South Dakota,NA,Case,NA
Perinatal Hepatitis B,2016,Area,South Dakota,NA,Case,NA
Perinatal Hepatitis B,2017,Area,South Dakota,NA,Case,NA
Perinatal Hepatitis B,2018,Area,South Dakota,NA,Case,NA
Perinatal Hepatitis B,2019,Area,South Dakota,NA,Case,NA
Perinatal Hepatitis B,2020,Area,South Dakota,NA,Case,NA
Perinatal Hepatitis B,2021,Area,South Dakota,NA,Case,NA
Perinatal Hepatitis B,2022,Area,South Dakota,NA,Case,NA
Perinatal Hepatitis B,2023,Area,South Dakota,NA,Case,NA
Perinatal Hepatitis B,2011,Area,Tennessee,NA,Case,1
Perinatal Hepatitis B,2012,Area,Tennessee,NA,Case,NA
Perinatal Hepatitis B,2013,Area,Tennessee,NA,Case,1
Perinatal Hepatitis B,2014,Area,Tennessee,NA,Case,2
Perinatal Hepatitis B,2015,Area,Tennessee,NA,Case,NA
Perinatal Hepatitis B,2016,Area,Tennessee,NA,Case,2
Perinatal Hepatitis B,2017,Area,Tennessee,NA,Case,NA
Perinatal Hepatitis B,2018,Area,Tennessee,NA,Case,1
Perinatal Hepatitis B,2019,Area,Tennessee,NA,Case,1
Perinatal Hepatitis B,2020,Area,Tennessee,NA,Case,NA
Perinatal Hepatitis B,2021,Area,Tennessee,NA,Case,3
Perinatal Hepatitis B,2022,Area,Tennessee,NA,Case,NA
Perinatal Hepatitis B,2023,Area,Tennessee,NA,Case,NA
Perinatal Hepatitis B,2011,Area,Texas,NA,Case,4
Perinatal Hepatitis B,2012,Area,Texas,NA,Case,4
Perinatal Hepatitis B,2013,Area,Texas,NA,Case,2
Perinatal Hepatitis B,2014,Area,Texas,NA,Case,3
Perinatal Hepatitis B,2015,Area,Texas,NA,Case,1
Perinatal Hepatitis B,2016,Area,Texas,NA,Case,2
Perinatal Hepatitis B,2017,Area,Texas,NA,Case,2
Perinatal Hepatitis B,2018,Area,Texas,NA,Case,1
Perinatal Hepatitis B,2019,Area,Texas,NA,Case,NA
Perinatal Hepatitis B,2020,Area,Texas,NA,Case,NA
Perinatal Hepatitis B,2021,Area,Texas,NA,Case,NA
Perinatal Hepatitis B,2022,Area,Texas,NA,Case,NA
Perinatal Hepatitis B,2023,Area,Texas,NA,Case,1
Perinatal Hepatitis B,2011,Area,Utah,NA,Case,NA
Perinatal Hepatitis B,2012,Area,Utah,NA,Case,NA
Perinatal Hepatitis B,2013,Area,Utah,NA,Case,NA
Perinatal Hepatitis B,2014,Area,Utah,NA,Case,NA
Perinatal Hepatitis B,2015,Area,Utah,NA,Case,NA
Perinatal Hepatitis B,2016,Area,Utah,NA,Case,NA
Perinatal Hepatitis B,2017,Area,Utah,NA,Case,NA
Perinatal Hepatitis B,2018,Area,Utah,NA,Case,NA
Perinatal Hepatitis B,2019,Area,Utah,NA,Case,NA
Perinatal Hepatitis B,2020,Area,Utah,NA,Case,NA
Perinatal Hepatitis B,2021,Area,Utah,NA,Case,NA
Perinatal Hepatitis B,2022,Area,Utah,NA,Case,1
Perinatal Hepatitis B,2023,Area,Utah,NA,Case,NA
Perinatal Hepatitis B,2011,Area,Vermont,NA,Case,NA
Perinatal Hepatitis B,2012,Area,Vermont,NA,Case,NA
Perinatal Hepatitis B,2013,Area,Vermont,NA,Case,NA
Perinatal Hepatitis B,2014,Area,Vermont,NA,Case,NA
Perinatal Hepatitis B,2015,Area,Vermont,NA,Case,NA
Perinatal Hepatitis B,2016,Area,Vermont,NA,Case,NA
Perinatal Hepatitis B,2017,Area,Vermont,NA,Case,NA
Perinatal Hepatitis B,2018,Area,Vermont,NA,Case,NA
Perinatal Hepatitis B,2019,Area,Vermont,NA,Case,NA
Perinatal Hepatitis B,2020,Area,Vermont,NA,Case,NA
Perinatal Hepatitis B,2021,Area,Vermont,NA,Case,NA
Perinatal Hepatitis B,2022,Area,Vermont,NA,Case,NA
Perinatal Hepatitis B,2023,Area,Vermont,NA,Case,NA
Perinatal Hepatitis B,2011,Area,Virginia,NA,Case,1
Perinatal Hepatitis B,2012,Area,Virginia,NA,Case,2
Perinatal Hepatitis B,2013,Area,Virginia,NA,Case,2
Perinatal Hepatitis B,2014,Area,Virginia,NA,Case,1
Perinatal Hepatitis B,2015,Area,Virginia,NA,Case,1
Perinatal Hepatitis B,2016,Area,Virginia,NA,Case,NA
Perinatal Hepatitis B,2017,Area,Virginia,NA,Case,NA
Perinatal Hepatitis B,2018,Area,Virginia,NA,Case,NA
Perinatal Hepatitis B,2019,Area,Virginia,NA,Case,2
Perinatal Hepatitis B,2020,Area,Virginia,NA,Case,NA
Perinatal Hepatitis B,2021,Area,Virginia,NA,Case,2
Perinatal Hepatitis B,2022,Area,Virginia,NA,Case,NA
Perinatal Hepatitis B,2023,Area,Virginia,NA,Case,NA
Perinatal Hepatitis B,2011,Area,Washington,NA,Case,NA
Perinatal Hepatitis B,2012,Area,Washington,NA,Case,2
Perinatal Hepatitis B,2013,Area,Washington,NA,Case,2
Perinatal Hepatitis B,2014,Area,Washington,NA,Case,3
Perinatal Hepatitis B,2015,Area,Washington,NA,Case,1
Perinatal Hepatitis B,2016,Area,Washington,NA,Case,1
Perinatal Hepatitis B,2017,Area,Washington,NA,Case,NA
Perinatal Hepatitis B,2018,Area,Washington,NA,Case,1
Perinatal Hepatitis B,2019,Area,Washington,NA,Case,NA
Perinatal Hepatitis B,2020,Area,Washington,NA,Case,NA
Perinatal Hepatitis B,2021,Area,Washington,NA,Case,1
Perinatal Hepatitis B,2022,Area,Washington,NA,Case,NA
Perinatal Hepatitis B,2023,Area,Washington,NA,Case,NA
Perinatal Hepatitis B,2011,Area,West Virginia,NA,Case,NA
Perinatal Hepatitis B,2012,Area,West Virginia,NA,Case,NA
Perinatal Hepatitis B,2013,Area,West Virginia,NA,Case,NA
Perinatal Hepatitis B,2014,Area,West Virginia,NA,Case,NA
Perinatal Hepatitis B,2015,Area,West Virginia,NA,Case,2
Perinatal Hepatitis B,2016,Area,West Virginia,NA,Case,1
Perinatal Hepatitis B,2017,Area,West Virginia,NA,Case,NA
Perinatal Hepatitis B,2018,Area,West Virginia,NA,Case,NA
Perinatal Hepatitis B,2019,Area,West Virginia,NA,Case,NA
Perinatal Hepatitis B,2020,Area,West Virginia,NA,Case,1
Perinatal Hepatitis B,2021,Area,West Virginia,NA,Case,NA
Perinatal Hepatitis B,2022,Area,West Virginia,NA,Case,NA
Perinatal Hepatitis B,2023,Area,West Virginia,NA,Case,NA
Perinatal Hepatitis B,2011,Area,Wisconsin,NA,Case,3
Perinatal Hepatitis B,2012,Area,Wisconsin,NA,Case,NA
Perinatal Hepatitis B,2013,Area,Wisconsin,NA,Case,NA
Perinatal Hepatitis B,2014,Area,Wisconsin,NA,Case,1
Perinatal Hepatitis B,2015,Area,Wisconsin,NA,Case,2
Perinatal Hepatitis B,2016,Area,Wisconsin,NA,Case,1
Perinatal Hepatitis B,2017,Area,Wisconsin,NA,Case,NA
Perinatal Hepatitis B,2018,Area,Wisconsin,NA,Case,NA
Perinatal Hepatitis B,2019,Area,Wisconsin,NA,Case,NA
Perinatal Hepatitis B,2020,Area,Wisconsin,NA,Case,1
Perinatal Hepatitis B,2021,Area,Wisconsin,NA,Case,NA
Perinatal Hepatitis B,2022,Area,Wisconsin,NA,Case,1
Perinatal Hepatitis B,2023,Area,Wisconsin,NA,Case,NA
Perinatal Hepatitis B,2011,Area,Wyoming,NA,Case,NA
Perinatal Hepatitis B,2012,Area,Wyoming,NA,Case,NA
Perinatal Hepatitis B,2013,Area,Wyoming,NA,Case,NA
Perinatal Hepatitis B,2014,Area,Wyoming,NA,Case,NA
Perinatal Hepatitis B,2015,Area,Wyoming,NA,Case,NA
Perinatal Hepatitis B,2016,Area,Wyoming,NA,Case,NA
Perinatal Hepatitis B,2017,Area,Wyoming,NA,Case,NA
Perinatal Hepatitis B,2018,Area,Wyoming,NA,Case,NA
Perinatal Hepatitis B,2019,Area,Wyoming,NA,Case,NA
Perinatal Hepatitis B,2020,Area,Wyoming,NA,Case,NA
Perinatal Hepatitis B,2021,Area,Wyoming,NA,Case,NA
Perinatal Hepatitis B,2022,Area,Wyoming,NA,Case,NA
Perinatal Hepatitis B,2023,Area,Wyoming,NA,Case,NA
Perinatal Hepatitis B,2011,Area,Total,NA,Case,45
Perinatal Hepatitis B,2012,Area,Total,NA,Case,40
Perinatal Hepatitis B,2013,Area,Total,NA,Case,47
Perinatal Hepatitis B,2014,Area,Total,NA,Case,48
Perinatal Hepatitis B,2015,Area,Total,NA,Case,36
Perinatal Hepatitis B,2016,Area,Total,NA,Case,32
Perinatal Hepatitis B,2017,Area,Total,NA,Case,31
Perinatal Hepatitis B,2018,Area,Total,NA,Case,23
Perinatal Hepatitis B,2019,Area,Total,NA,Case,17
Perinatal Hepatitis B,2020,Area,Total,NA,Case,10
Perinatal Hepatitis B,2021,Area,Total,NA,Case,17
Perinatal Hepatitis B,2022,Area,Total,NA,Case,13
Perinatal Hepatitis B,2023,Area,Total,NA,Case,7
Perinatal Hepatitis C,2018,Area,Alabama,NA,Case,NA
Perinatal Hepatitis C,2019,Area,Alabama,NA,Case,NA
Perinatal Hepatitis C,2020,Area,Alabama,NA,Case,NA
Perinatal Hepatitis C,2021,Area,Alabama,NA,Case,NA
Perinatal Hepatitis C,2022,Area,Alabama,NA,Case,NA
Perinatal Hepatitis C,2023,Area,Alabama,NA,Case,NA
Perinatal Hepatitis C,2018,Area,Alaska,NA,Case,1
Perinatal Hepatitis C,2019,Area,Alaska,NA,Case,2
Perinatal Hepatitis C,2020,Area,Alaska,NA,Case,NA
Perinatal Hepatitis C,2021,Area,Alaska,NA,Case,3
Perinatal Hepatitis C,2022,Area,Alaska,NA,Case,3
Perinatal Hepatitis C,2023,Area,Alaska,NA,Case,1
Perinatal Hepatitis C,2018,Area,Arizona,NA,Case,NA
Perinatal Hepatitis C,2019,Area,Arizona,NA,Case,NA
Perinatal Hepatitis C,2020,Area,Arizona,NA,Case,NA
Perinatal Hepatitis C,2021,Area,Arizona,NA,Case,NA
Perinatal Hepatitis C,2022,Area,Arizona,NA,Case,NA
Perinatal Hepatitis C,2023,Area,Arizona,NA,Case,NA
Perinatal Hepatitis C,2018,Area,Arkansas,NA,Case,1
Perinatal Hepatitis C,2019,Area,Arkansas,NA,Case,3
Perinatal Hepatitis C,2020,Area,Arkansas,NA,Case,1
Perinatal Hepatitis C,2021,Area,Arkansas,NA,Case,1
Perinatal Hepatitis C,2022,Area,Arkansas,NA,Case,1
Perinatal Hepatitis C,2023,Area,Arkansas,NA,Case,2
Perinatal Hepatitis C,2018,Area,California,NA,Case,14
Perinatal Hepatitis C,2019,Area,California,NA,Case,15
Perinatal Hepatitis C,2020,Area,California,NA,Case,7
Perinatal Hepatitis C,2021,Area,California,NA,Case,10
Perinatal Hepatitis C,2022,Area,California,NA,Case,16
Perinatal Hepatitis C,2023,Area,California,NA,Case,8
Perinatal Hepatitis C,2018,Area,Colorado,NA,Case,2
Perinatal Hepatitis C,2019,Area,Colorado,NA,Case,1
Perinatal Hepatitis C,2020,Area,Colorado,NA,Case,3
Perinatal Hepatitis C,2021,Area,Colorado,NA,Case,3
Perinatal Hepatitis C,2022,Area,Colorado,NA,Case,NA
Perinatal Hepatitis C,2023,Area,Colorado,NA,Case,2
Perinatal Hepatitis C,2018,Area,Connecticut,NA,Case,NA
Perinatal Hepatitis C,2019,Area,Connecticut,NA,Case,NA
Perinatal Hepatitis C,2020,Area,Connecticut,NA,Case,1
Perinatal Hepatitis C,2021,Area,Connecticut,NA,Case,3
Perinatal Hepatitis C,2022,Area,Connecticut,NA,Case,NA
Perinatal Hepatitis C,2023,Area,Connecticut,NA,Case,NA
Perinatal Hepatitis C,2018,Area,Delaware,NA,Case,NA
Perinatal Hepatitis C,2019,Area,Delaware,NA,Case,NA
Perinatal Hepatitis C,2020,Area,Delaware,NA,Case,1
Perinatal Hepatitis C,2021,Area,Delaware,NA,Case,2
Perinatal Hepatitis C,2022,Area,Delaware,NA,Case,2
Perinatal Hepatitis C,2023,Area,Delaware,NA,Case,5
Perinatal Hepatitis C,2018,Area,District of Columbia,NA,Case,NA
Perinatal Hepatitis C,2019,Area,District of Columbia,NA,Case,NA
Perinatal Hepatitis C,2020,Area,District of Columbia,NA,Case,NA
Perinatal Hepatitis C,2021,Area,District of Columbia,NA,Case,NA
Perinatal Hepatitis C,2022,Area,District of Columbia,NA,Case,NA
Perinatal Hepatitis C,2023,Area,District of Columbia,NA,Case,NA
Perinatal Hepatitis C,2018,Area,Florida,NA,Case,36
Perinatal Hepatitis C,2019,Area,Florida,NA,Case,20
Perinatal Hepatitis C,2020,Area,Florida,NA,Case,5
Perinatal Hepatitis C,2021,Area,Florida,NA,Case,10
Perinatal Hepatitis C,2022,Area,Florida,NA,Case,11
Perinatal Hepatitis C,2023,Area,Florida,NA,Case,9
Perinatal Hepatitis C,2018,Area,Georgia,NA,Case,3
Perinatal Hepatitis C,2019,Area,Georgia,NA,Case,5
Perinatal Hepatitis C,2020,Area,Georgia,NA,Case,2
Perinatal Hepatitis C,2021,Area,Georgia,NA,Case,3
Perinatal Hepatitis C,2022,Area,Georgia,NA,Case,8
Perinatal Hepatitis C,2023,Area,Georgia,NA,Case,7
Perinatal Hepatitis C,2018,Area,Hawaii,NA,Case,NA
Perinatal Hepatitis C,2019,Area,Hawaii,NA,Case,NA
Perinatal Hepatitis C,2020,Area,Hawaii,NA,Case,NA
Perinatal Hepatitis C,2021,Area,Hawaii,NA,Case,NA
Perinatal Hepatitis C,2022,Area,Hawaii,NA,Case,NA
Perinatal Hepatitis C,2023,Area,Hawaii,NA,Case,NA
Perinatal Hepatitis C,2018,Area,Idaho,NA,Case,NA
Perinatal Hepatitis C,2019,Area,Idaho,NA,Case,NA
Perinatal Hepatitis C,2020,Area,Idaho,NA,Case,NA
Perinatal Hepatitis C,2021,Area,Idaho,NA,Case,NA
Perinatal Hepatitis C,2022,Area,Idaho,NA,Case,NA
Perinatal Hepatitis C,2023,Area,Idaho,NA,Case,NA
Perinatal Hepatitis C,2018,Area,Illinois,NA,Case,6
Perinatal Hepatitis C,2019,Area,Illinois,NA,Case,10
Perinatal Hepatitis C,2020,Area,Illinois,NA,Case,5
Perinatal Hepatitis C,2021,Area,Illinois,NA,Case,3
Perinatal Hepatitis C,2022,Area,Illinois,NA,Case,11
Perinatal Hepatitis C,2023,Area,Illinois,NA,Case,10
Perinatal Hepatitis C,2018,Area,Indiana,NA,Case,20
Perinatal Hepatitis C,2019,Area,Indiana,NA,Case,14
Perinatal Hepatitis C,2020,Area,Indiana,NA,Case,16
Perinatal Hepatitis C,2021,Area,Indiana,NA,Case,15
Perinatal Hepatitis C,2022,Area,Indiana,NA,Case,4
Perinatal Hepatitis C,2023,Area,Indiana,NA,Case,12
Perinatal Hepatitis C,2018,Area,Iowa,NA,Case,NA
Perinatal Hepatitis C,2019,Area,Iowa,NA,Case,NA
Perinatal Hepatitis C,2020,Area,Iowa,NA,Case,NA
Perinatal Hepatitis C,2021,Area,Iowa,NA,Case,NA
Perinatal Hepatitis C,2022,Area,Iowa,NA,Case,NA
Perinatal Hepatitis C,2023,Area,Iowa,NA,Case,NA
Perinatal Hepatitis C,2018,Area,Kansas,NA,Case,1
Perinatal Hepatitis C,2019,Area,Kansas,NA,Case,1
Perinatal Hepatitis C,2020,Area,Kansas,NA,Case,NA
Perinatal Hepatitis C,2021,Area,Kansas,NA,Case,NA
Perinatal Hepatitis C,2022,Area,Kansas,NA,Case,NA
Perinatal Hepatitis C,2023,Area,Kansas,NA,Case,2
Perinatal Hepatitis C,2018,Area,Kentucky,NA,Case,NA
Perinatal Hepatitis C,2019,Area,Kentucky,NA,Case,NA
Perinatal Hepatitis C,2020,Area,Kentucky,NA,Case,NA
Perinatal Hepatitis C,2021,Area,Kentucky,NA,Case,NA
Perinatal Hepatitis C,2022,Area,Kentucky,NA,Case,9
Perinatal Hepatitis C,2023,Area,Kentucky,NA,Case,25
Perinatal Hepatitis C,2018,Area,Louisiana,NA,Case,3
Perinatal Hepatitis C,2019,Area,Louisiana,NA,Case,NA
Perinatal Hepatitis C,2020,Area,Louisiana,NA,Case,2
Perinatal Hepatitis C,2021,Area,Louisiana,NA,Case,7
Perinatal Hepatitis C,2022,Area,Louisiana,NA,Case,5
Perinatal Hepatitis C,2023,Area,Louisiana,NA,Case,12
Perinatal Hepatitis C,2018,Area,Maine,NA,Case,NA
Perinatal Hepatitis C,2019,Area,Maine,NA,Case,4
Perinatal Hepatitis C,2020,Area,Maine,NA,Case,7
Perinatal Hepatitis C,2021,Area,Maine,NA,Case,2
Perinatal Hepatitis C,2022,Area,Maine,NA,Case,4
Perinatal Hepatitis C,2023,Area,Maine,NA,Case,3
Perinatal Hepatitis C,2018,Area,Maryland,NA,Case,3
Perinatal Hepatitis C,2019,Area,Maryland,NA,Case,NA
Perinatal Hepatitis C,2020,Area,Maryland,NA,Case,1
Perinatal Hepatitis C,2021,Area,Maryland,NA,Case,9
Perinatal Hepatitis C,2022,Area,Maryland,NA,Case,6
Perinatal Hepatitis C,2023,Area,Maryland,NA,Case,4
Perinatal Hepatitis C,2018,Area,Massachusetts,NA,Case,10
Perinatal Hepatitis C,2019,Area,Massachusetts,NA,Case,14
Perinatal Hepatitis C,2020,Area,Massachusetts,NA,Case,3
Perinatal Hepatitis C,2021,Area,Massachusetts,NA,Case,10
Perinatal Hepatitis C,2022,Area,Massachusetts,NA,Case,9
Perinatal Hepatitis C,2023,Area,Massachusetts,NA,Case,7
Perinatal Hepatitis C,2018,Area,Michigan,NA,Case,11
Perinatal Hepatitis C,2019,Area,Michigan,NA,Case,11
Perinatal Hepatitis C,2020,Area,Michigan,NA,Case,9
Perinatal Hepatitis C,2021,Area,Michigan,NA,Case,10
Perinatal Hepatitis C,2022,Area,Michigan,NA,Case,7
Perinatal Hepatitis C,2023,Area,Michigan,NA,Case,8
Perinatal Hepatitis C,2018,Area,Minnesota,NA,Case,1
Perinatal Hepatitis C,2019,Area,Minnesota,NA,Case,5
Perinatal Hepatitis C,2020,Area,Minnesota,NA,Case,5
Perinatal Hepatitis C,2021,Area,Minnesota,NA,Case,1
Perinatal Hepatitis C,2022,Area,Minnesota,NA,Case,3
Perinatal Hepatitis C,2023,Area,Minnesota,NA,Case,2
Perinatal Hepatitis C,2018,Area,Mississippi,NA,Case,NA
Perinatal Hepatitis C,2019,Area,Mississippi,NA,Case,NA
Perinatal Hepatitis C,2020,Area,Mississippi,NA,Case,NA
Perinatal Hepatitis C,2021,Area,Mississippi,NA,Case,NA
Perinatal Hepatitis C,2022,Area,Mississippi,NA,Case,NA
Perinatal Hepatitis C,2023,Area,Mississippi,NA,Case,NA
Perinatal Hepatitis C,2018,Area,Missouri,NA,Case,NA
Perinatal Hepatitis C,2019,Area,Missouri,NA,Case,NA
Perinatal Hepatitis C,2020,Area,Missouri,NA,Case,NA
Perinatal Hepatitis C,2021,Area,Missouri,NA,Case,NA
Perinatal Hepatitis C,2022,Area,Missouri,NA,Case,NA
Perinatal Hepatitis C,2023,Area,Missouri,NA,Case,NA
Perinatal Hepatitis C,2018,Area,Montana,NA,Case,1
Perinatal Hepatitis C,2019,Area,Montana,NA,Case,NA
Perinatal Hepatitis C,2020,Area,Montana,NA,Case,NA
Perinatal Hepatitis C,2021,Area,Montana,NA,Case,NA
Perinatal Hepatitis C,2022,Area,Montana,NA,Case,NA
Perinatal Hepatitis C,2023,Area,Montana,NA,Case,NA
Perinatal Hepatitis C,2018,Area,Nebraska,NA,Case,NA
Perinatal Hepatitis C,2019,Area,Nebraska,NA,Case,NA
Perinatal Hepatitis C,2020,Area,Nebraska,NA,Case,NA
Perinatal Hepatitis C,2021,Area,Nebraska,NA,Case,NA
Perinatal Hepatitis C,2022,Area,Nebraska,NA,Case,NA
Perinatal Hepatitis C,2023,Area,Nebraska,NA,Case,1
Perinatal Hepatitis C,2018,Area,Nevada,NA,Case,2
Perinatal Hepatitis C,2019,Area,Nevada,NA,Case,1
Perinatal Hepatitis C,2020,Area,Nevada,NA,Case,3
Perinatal Hepatitis C,2021,Area,Nevada,NA,Case,5
Perinatal Hepatitis C,2022,Area,Nevada,NA,Case,NA
Perinatal Hepatitis C,2023,Area,Nevada,NA,Case,1
Perinatal Hepatitis C,2018,Area,New Hampshire,NA,Case,NA
Perinatal Hepatitis C,2019,Area,New Hampshire,NA,Case,NA
Perinatal Hepatitis C,2020,Area,New Hampshire,NA,Case,NA
Perinatal Hepatitis C,2021,Area,New Hampshire,NA,Case,NA
Perinatal Hepatitis C,2022,Area,New Hampshire,NA,Case,NA
Perinatal Hepatitis C,2023,Area,New Hampshire,NA,Case,NA
Perinatal Hepatitis C,2018,Area,New Jersey,NA,Case,10
Perinatal Hepatitis C,2019,Area,New Jersey,NA,Case,11
Perinatal Hepatitis C,2020,Area,New Jersey,NA,Case,8
Perinatal Hepatitis C,2021,Area,New Jersey,NA,Case,7
Perinatal Hepatitis C,2022,Area,New Jersey,NA,Case,5
Perinatal Hepatitis C,2023,Area,New Jersey,NA,Case,5
Perinatal Hepatitis C,2018,Area,New Mexico,NA,Case,NA
Perinatal Hepatitis C,2019,Area,New Mexico,NA,Case,NA
Perinatal Hepatitis C,2020,Area,New Mexico,NA,Case,NA
Perinatal Hepatitis C,2021,Area,New Mexico,NA,Case,NA
Perinatal Hepatitis C,2022,Area,New Mexico,NA,Case,NA
Perinatal Hepatitis C,2023,Area,New Mexico,NA,Case,NA
Perinatal Hepatitis C,2018,Area,New York,NA,Case,3
Perinatal Hepatitis C,2019,Area,New York,NA,Case,1
Perinatal Hepatitis C,2020,Area,New York,NA,Case,2
Perinatal Hepatitis C,2021,Area,New York,NA,Case,3
Perinatal Hepatitis C,2022,Area,New York,NA,Case,7
Perinatal Hepatitis C,2023,Area,New York,NA,Case,1
Perinatal Hepatitis C,2018,Area,North Carolina,NA,Case,NA
Perinatal Hepatitis C,2019,Area,North Carolina,NA,Case,NA
Perinatal Hepatitis C,2020,Area,North Carolina,NA,Case,NA
Perinatal Hepatitis C,2021,Area,North Carolina,NA,Case,NA
Perinatal Hepatitis C,2022,Area,North Carolina,NA,Case,NA
Perinatal Hepatitis C,2023,Area,North Carolina,NA,Case,NA
Perinatal Hepatitis C,2018,Area,North Dakota,NA,Case,NA
Perinatal Hepatitis C,2019,Area,North Dakota,NA,Case,NA
Perinatal Hepatitis C,2020,Area,North Dakota,NA,Case,NA
Perinatal Hepatitis C,2021,Area,North Dakota,NA,Case,NA
Perinatal Hepatitis C,2022,Area,North Dakota,NA,Case,NA
Perinatal Hepatitis C,2023,Area,North Dakota,NA,Case,NA
Perinatal Hepatitis C,2018,Area,Ohio,NA,Case,44
Perinatal Hepatitis C,2019,Area,Ohio,NA,Case,41
Perinatal Hepatitis C,2020,Area,Ohio,NA,Case,38
Perinatal Hepatitis C,2021,Area,Ohio,NA,Case,42
Perinatal Hepatitis C,2022,Area,Ohio,NA,Case,27
Perinatal Hepatitis C,2023,Area,Ohio,NA,Case,40
Perinatal Hepatitis C,2018,Area,Oklahoma,NA,Case,NA
Perinatal Hepatitis C,2019,Area,Oklahoma,NA,Case,NA
Perinatal Hepatitis C,2020,Area,Oklahoma,NA,Case,NA
Perinatal Hepatitis C,2021,Area,Oklahoma,NA,Case,NA
Perinatal Hepatitis C,2022,Area,Oklahoma,NA,Case,NA
Perinatal Hepatitis C,2023,Area,Oklahoma,NA,Case,NA
Perinatal Hepatitis C,2018,Area,Oregon,NA,Case,NA
Perinatal Hepatitis C,2019,Area,Oregon,NA,Case,NA
Perinatal Hepatitis C,2020,Area,Oregon,NA,Case,2
Perinatal Hepatitis C,2021,Area,Oregon,NA,Case,NA
Perinatal Hepatitis C,2022,Area,Oregon,NA,Case,NA
Perinatal Hepatitis C,2023,Area,Oregon,NA,Case,NA
Perinatal Hepatitis C,2018,Area,Pennsylvania,NA,Case,20
Perinatal Hepatitis C,2019,Area,Pennsylvania,NA,Case,20
Perinatal Hepatitis C,2020,Area,Pennsylvania,NA,Case,17
Perinatal Hepatitis C,2021,Area,Pennsylvania,NA,Case,15
Perinatal Hepatitis C,2022,Area,Pennsylvania,NA,Case,7
Perinatal Hepatitis C,2023,Area,Pennsylvania,NA,Case,12
Perinatal Hepatitis C,2018,Area,Rhode Island,NA,Case,NA
Perinatal Hepatitis C,2019,Area,Rhode Island,NA,Case,NA
Perinatal Hepatitis C,2020,Area,Rhode Island,NA,Case,NA
Perinatal Hepatitis C,2021,Area,Rhode Island,NA,Case,NA
Perinatal Hepatitis C,2022,Area,Rhode Island,NA,Case,1
Perinatal Hepatitis C,2023,Area,Rhode Island,NA,Case,NA
Perinatal Hepatitis C,2018,Area,South Carolina,NA,Case,NA
Perinatal Hepatitis C,2019,Area,South Carolina,NA,Case,2
Perinatal Hepatitis C,2020,Area,South Carolina,NA,Case,NA
Perinatal Hepatitis C,2021,Area,South Carolina,NA,Case,2
Perinatal Hepatitis C,2022,Area,South Carolina,NA,Case,7
Perinatal Hepatitis C,2023,Area,South Carolina,NA,Case,7
Perinatal Hepatitis C,2018,Area,South Dakota,NA,Case,NA
Perinatal Hepatitis C,2019,Area,South Dakota,NA,Case,2
Perinatal Hepatitis C,2020,Area,South Dakota,NA,Case,NA
Perinatal Hepatitis C,2021,Area,South Dakota,NA,Case,1
Perinatal Hepatitis C,2022,Area,South Dakota,NA,Case,2
Perinatal Hepatitis C,2023,Area,South Dakota,NA,Case,NA
Perinatal Hepatitis C,2018,Area,Tennessee,NA,Case,4
Perinatal Hepatitis C,2019,Area,Tennessee,NA,Case,16
Perinatal Hepatitis C,2020,Area,Tennessee,NA,Case,9
Perinatal Hepatitis C,2021,Area,Tennessee,NA,Case,12
Perinatal Hepatitis C,2022,Area,Tennessee,NA,Case,15
Perinatal Hepatitis C,2023,Area,Tennessee,NA,Case,21
Perinatal Hepatitis C,2018,Area,Texas,NA,Case,NA
Perinatal Hepatitis C,2019,Area,Texas,NA,Case,NA
Perinatal Hepatitis C,2020,Area,Texas,NA,Case,NA
Perinatal Hepatitis C,2021,Area,Texas,NA,Case,NA
Perinatal Hepatitis C,2022,Area,Texas,NA,Case,NA
Perinatal Hepatitis C,2023,Area,Texas,NA,Case,NA
Perinatal Hepatitis C,2018,Area,Utah,NA,Case,4
Perinatal Hepatitis C,2019,Area,Utah,NA,Case,2
Perinatal Hepatitis C,2020,Area,Utah,NA,Case,NA
Perinatal Hepatitis C,2021,Area,Utah,NA,Case,6
Perinatal Hepatitis C,2022,Area,Utah,NA,Case,1
Perinatal Hepatitis C,2023,Area,Utah,NA,Case,2
Perinatal Hepatitis C,2018,Area,Vermont,NA,Case,NA
Perinatal Hepatitis C,2019,Area,Vermont,NA,Case,NA
Perinatal Hepatitis C,2020,Area,Vermont,NA,Case,NA
Perinatal Hepatitis C,2021,Area,Vermont,NA,Case,NA
Perinatal Hepatitis C,2022,Area,Vermont,NA,Case,NA
Perinatal Hepatitis C,2023,Area,Vermont,NA,Case,NA
Perinatal Hepatitis C,2018,Area,Virginia,NA,Case,8
Perinatal Hepatitis C,2019,Area,Virginia,NA,Case,12
Perinatal Hepatitis C,2020,Area,Virginia,NA,Case,5
Perinatal Hepatitis C,2021,Area,Virginia,NA,Case,8
Perinatal Hepatitis C,2022,Area,Virginia,NA,Case,8
Perinatal Hepatitis C,2023,Area,Virginia,NA,Case,11
Perinatal Hepatitis C,2018,Area,Washington,NA,Case,4
Perinatal Hepatitis C,2019,Area,Washington,NA,Case,3
Perinatal Hepatitis C,2020,Area,Washington,NA,Case,5
Perinatal Hepatitis C,2021,Area,Washington,NA,Case,2
Perinatal Hepatitis C,2022,Area,Washington,NA,Case,4
Perinatal Hepatitis C,2023,Area,Washington,NA,Case,7
Perinatal Hepatitis C,2018,Area,West Virginia,NA,Case,NA
Perinatal Hepatitis C,2019,Area,West Virginia,NA,Case,NA
Perinatal Hepatitis C,2020,Area,West Virginia,NA,Case,NA
Perinatal Hepatitis C,2021,Area,West Virginia,NA,Case,NA
Perinatal Hepatitis C,2022,Area,West Virginia,NA,Case,11
Perinatal Hepatitis C,2023,Area,West Virginia,NA,Case,5
Perinatal Hepatitis C,2018,Area,Wisconsin,NA,Case,2
Perinatal Hepatitis C,2019,Area,Wisconsin,NA,Case,NA
Perinatal Hepatitis C,2020,Area,Wisconsin,NA,Case,8
Perinatal Hepatitis C,2021,Area,Wisconsin,NA,Case,4
Perinatal Hepatitis C,2022,Area,Wisconsin,NA,Case,3
Perinatal Hepatitis C,2023,Area,Wisconsin,NA,Case,3
Perinatal Hepatitis C,2018,Area,Wyoming,NA,Case,NA
Perinatal Hepatitis C,2019,Area,Wyoming,NA,Case,NA
Perinatal Hepatitis C,2020,Area,Wyoming,NA,Case,NA
Perinatal Hepatitis C,2021,Area,Wyoming,NA,Case,NA
Perinatal Hepatitis C,2022,Area,Wyoming,NA,Case,NA
Perinatal Hepatitis C,2023,Area,Wyoming,NA,Case,NA
Perinatal Hepatitis C,2018,Area,Total,NA,Case,214
Perinatal Hepatitis C,2019,Area,Total,NA,Case,216
Perinatal Hepatitis C,2020,Area,Total,NA,Case,165
Perinatal Hepatitis C,2021,Area,Total,NA,Case,199
Perinatal Hepatitis C,2022,Area,Total,NA,Case,197
Perinatal Hepatitis C,2023,Area,Total,NA,Case,235
Hepatitis A,2011,AgeGroups,0-19,0.3,Case,244
Hepatitis A,2011,AgeGroups,20-29,0.6,Case,279
Hepatitis A,2011,AgeGroups,30-39,0.5,Case,206
Hepatitis A,2011,AgeGroups,40-49,0.4,Case,168
Hepatitis A,2011,AgeGroups,50-59,0.4,Case,181
Hepatitis A,2011,AgeGroups,60+,0.5,Case,298
Acute Hepatitis B,2011,AgeGroups,0-19,0,Case,37
Acute Hepatitis B,2011,AgeGroups,20-29,1,Case,423
Acute Hepatitis B,2011,AgeGroups,30-39,2,Case,800
Acute Hepatitis B,2011,AgeGroups,40-49,1.9,Case,805
Acute Hepatitis B,2011,AgeGroups,50-59,1.1,Case,466
Acute Hepatitis B,2011,AgeGroups,60+,0.5,Case,307
Acute Hepatitis C,2011,AgeGroups,0-19,0.1,Case,77
Acute Hepatitis C,2011,AgeGroups,20-29,1.2,Case,486
Acute Hepatitis C,2011,AgeGroups,30-39,0.8,Case,317
Acute Hepatitis C,2011,AgeGroups,40-49,0.4,Case,180
Acute Hepatitis C,2011,AgeGroups,50-59,0.3,Case,117
Acute Hepatitis C,2011,AgeGroups,60+,0.1,Case,38
Chronic Hepatitis B,2011,AgeGroups,0-19,1.4,Case,1145
Chronic Hepatitis B,2011,AgeGroups,20-29,8.1,Case,3511
Chronic Hepatitis B,2011,AgeGroups,30-39,12.6,Case,5051
Chronic Hepatitis B,2011,AgeGroups,40-49,10.3,Case,4434
Chronic Hepatitis B,2011,AgeGroups,50-59,8,Case,3407
Chronic Hepatitis B,2011,AgeGroups,60+,4.2,Case,2457
Chronic Hepatitis C,2011,AgeGroups,0-19,2.2,Case,1840
Chronic Hepatitis C,2011,AgeGroups,20-29,31.7,Case,13750
Chronic Hepatitis C,2011,AgeGroups,30-39,35.1,Case,14094
Chronic Hepatitis C,2011,AgeGroups,40-49,55.7,Case,24062
Chronic Hepatitis C,2011,AgeGroups,50-59,97.3,Case,41672
Chronic Hepatitis C,2011,AgeGroups,60+,33.2,Case,19627
Hepatitis A,2012,AgeGroups,0-19,0.3,Case,230
Hepatitis A,2012,AgeGroups,20-29,0.7,Case,302
Hepatitis A,2012,AgeGroups,30-39,0.5,Case,207
Hepatitis A,2012,AgeGroups,40-49,0.5,Case,201
Hepatitis A,2012,AgeGroups,50-59,0.6,Case,241
Hepatitis A,2012,AgeGroups,60+,0.6,Case,359
Acute Hepatitis B,2012,AgeGroups,0-19,0,Case,21
Acute Hepatitis B,2012,AgeGroups,20-29,0.9,Case,387
Acute Hepatitis B,2012,AgeGroups,30-39,2.2,Case,872
Acute Hepatitis B,2012,AgeGroups,40-49,1.9,Case,806
Acute Hepatitis B,2012,AgeGroups,50-59,1.1,Case,491
Acute Hepatitis B,2012,AgeGroups,60+,0.4,Case,240
Acute Hepatitis C,2012,AgeGroups,0-19,0.1,Case,90
Acute Hepatitis C,2012,AgeGroups,20-29,1.7,Case,722
Acute Hepatitis C,2012,AgeGroups,30-39,1.1,Case,429
Acute Hepatitis C,2012,AgeGroups,40-49,0.6,Case,264
Acute Hepatitis C,2012,AgeGroups,50-59,0.4,Case,179
Acute Hepatitis C,2012,AgeGroups,60+,0.1,Case,60
Chronic Hepatitis B,2012,AgeGroups,0-19,0.9,Case,746
Chronic Hepatitis B,2012,AgeGroups,20-29,7.9,Case,3494
Chronic Hepatitis B,2012,AgeGroups,30-39,10.9,Case,4421
Chronic Hepatitis B,2012,AgeGroups,40-49,8.8,Case,3763
Chronic Hepatitis B,2012,AgeGroups,50-59,7,Case,3016
Chronic Hepatitis B,2012,AgeGroups,60+,3.8,Case,2336
Chronic Hepatitis C,2012,AgeGroups,0-19,2.5,Case,2058
Chronic Hepatitis C,2012,AgeGroups,20-29,39.5,Case,17351
Chronic Hepatitis C,2012,AgeGroups,30-39,40.3,Case,16295
Chronic Hepatitis C,2012,AgeGroups,40-49,51.8,Case,22144
Chronic Hepatitis C,2012,AgeGroups,50-59,94.4,Case,40917
Chronic Hepatitis C,2012,AgeGroups,60+,35.3,Case,21529
Hepatitis A,2013,AgeGroups,0-19,0.2,Case,195
Hepatitis A,2013,AgeGroups,20-29,0.7,Case,299
Hepatitis A,2013,AgeGroups,30-39,0.7,Case,302
Hepatitis A,2013,AgeGroups,40-49,0.6,Case,267
Hepatitis A,2013,AgeGroups,50-59,0.6,Case,278
Hepatitis A,2013,AgeGroups,60+,0.7,Case,415
Acute Hepatitis B,2013,AgeGroups,0-19,0,Case,25
Acute Hepatitis B,2013,AgeGroups,20-29,0.8,Case,332
Acute Hepatitis B,2013,AgeGroups,30-39,2.4,Case,980
Acute Hepatitis B,2013,AgeGroups,40-49,2.1,Case,880
Acute Hepatitis B,2013,AgeGroups,50-59,1.1,Case,496
Acute Hepatitis B,2013,AgeGroups,60+,0.4,Case,272
Acute Hepatitis C,2013,AgeGroups,0-19,0.1,Case,102
Acute Hepatitis C,2013,AgeGroups,20-29,2,Case,831
Acute Hepatitis C,2013,AgeGroups,30-39,1.4,Case,519
Acute Hepatitis C,2013,AgeGroups,40-49,0.7,Case,294
Acute Hepatitis C,2013,AgeGroups,50-59,0.5,Case,189
Acute Hepatitis C,2013,AgeGroups,60+,0.1,Case,59
Chronic Hepatitis B,2013,AgeGroups,0-19,1,Case,858
Chronic Hepatitis B,2013,AgeGroups,20-29,10.3,Case,4564
Chronic Hepatitis B,2013,AgeGroups,30-39,14,Case,5725
Chronic Hepatitis B,2013,AgeGroups,40-49,10.8,Case,4550
Chronic Hepatitis B,2013,AgeGroups,50-59,8.3,Case,3644
Chronic Hepatitis B,2013,AgeGroups,60+,4.5,Case,2819
Chronic Hepatitis C,2013,AgeGroups,0-19,2.6,Case,2161
Chronic Hepatitis C,2013,AgeGroups,20-29,48.1,Case,21344
Chronic Hepatitis C,2013,AgeGroups,30-39,46.2,Case,18895
Chronic Hepatitis C,2013,AgeGroups,40-49,47.6,Case,20019
Chronic Hepatitis C,2013,AgeGroups,50-59,84.3,Case,36895
Chronic Hepatitis C,2013,AgeGroups,60+,36.9,Case,23198
Hepatitis A,2014,AgeGroups,0-19,0.2,Case,155
Hepatitis A,2014,AgeGroups,20-29,0.5,Case,246
Hepatitis A,2014,AgeGroups,30-39,0.5,Case,207
Hepatitis A,2014,AgeGroups,40-49,0.3,Case,139
Hepatitis A,2014,AgeGroups,50-59,0.4,Case,182
Hepatitis A,2014,AgeGroups,60+,0.5,Case,304
Acute Hepatitis B,2014,AgeGroups,0-19,0,Case,14
Acute Hepatitis B,2014,AgeGroups,20-29,0.6,Case,282
Acute Hepatitis B,2014,AgeGroups,30-39,2.2,Case,888
Acute Hepatitis B,2014,AgeGroups,40-49,2,Case,818
Acute Hepatitis B,2014,AgeGroups,50-59,1.2,Case,504
Acute Hepatitis B,2014,AgeGroups,60+,0.4,Case,272
Acute Hepatitis C,2014,AgeGroups,0-19,0.1,Case,88
Acute Hepatitis C,2014,AgeGroups,20-29,2.2,Case,918
Acute Hepatitis C,2014,AgeGroups,30-39,1.7,Case,643
Acute Hepatitis C,2014,AgeGroups,40-49,0.7,Case,282
Acute Hepatitis C,2014,AgeGroups,50-59,0.4,Case,166
Acute Hepatitis C,2014,AgeGroups,60+,0.1,Case,70
Chronic Hepatitis B,2014,AgeGroups,0-19,0.5,Case,310
Chronic Hepatitis B,2014,AgeGroups,20-29,5.5,Case,1952
Chronic Hepatitis B,2014,AgeGroups,30-39,9.1,Case,2995
Chronic Hepatitis B,2014,AgeGroups,40-49,7.6,Case,2516
Chronic Hepatitis B,2014,AgeGroups,50-59,6.6,Case,2346
Chronic Hepatitis B,2014,AgeGroups,60+,3.6,Case,1906
Chronic Hepatitis C,2014,AgeGroups,0-19,4.1,Case,2412
Chronic Hepatitis C,2014,AgeGroups,20-29,89.1,Case,28907
Chronic Hepatitis C,2014,AgeGroups,30-39,87.2,Case,26051
Chronic Hepatitis C,2014,AgeGroups,40-49,78.6,Case,23614
Chronic Hepatitis C,2014,AgeGroups,50-59,140.4,Case,45211
Chronic Hepatitis C,2014,AgeGroups,60+,68.4,Case,32500
Hepatitis A,2015,AgeGroups,0-19,0.2,Case,145
Hepatitis A,2015,AgeGroups,20-29,0.6,Case,287
Hepatitis A,2015,AgeGroups,30-39,0.6,Case,233
Hepatitis A,2015,AgeGroups,40-49,0.4,Case,164
Hepatitis A,2015,AgeGroups,50-59,0.5,Case,205
Hepatitis A,2015,AgeGroups,60+,0.5,Case,353
Acute Hepatitis B,2015,AgeGroups,0-19,0,Case,19
Acute Hepatitis B,2015,AgeGroups,20-29,0.8,Case,348
Acute Hepatitis B,2015,AgeGroups,30-39,2.6,Case,1094
Acute Hepatitis B,2015,AgeGroups,40-49,2.4,Case,961
Acute Hepatitis B,2015,AgeGroups,50-59,1.4,Case,615
Acute Hepatitis B,2015,AgeGroups,60+,0.5,Case,312
Acute Hepatitis C,2015,AgeGroups,0-19,0.1,Case,99
Acute Hepatitis C,2015,AgeGroups,20-29,2.4,Case,999
Acute Hepatitis C,2015,AgeGroups,30-39,1.7,Case,682
Acute Hepatitis C,2015,AgeGroups,40-49,0.9,Case,337
Acute Hepatitis C,2015,AgeGroups,50-59,0.6,Case,240
Acute Hepatitis C,2015,AgeGroups,60+,0.1,Case,77
Chronic Hepatitis B,2015,AgeGroups,0-19,0.5,Case,355
Chronic Hepatitis B,2015,AgeGroups,20-29,5.7,Case,2166
Chronic Hepatitis B,2015,AgeGroups,30-39,10.6,Case,3723
Chronic Hepatitis B,2015,AgeGroups,40-49,8.9,Case,3058
Chronic Hepatitis B,2015,AgeGroups,50-59,7.3,Case,2727
Chronic Hepatitis B,2015,AgeGroups,60+,3.9,Case,2196
Chronic Hepatitis C,2015,AgeGroups,0-19,3.7,Case,2357
Chronic Hepatitis C,2015,AgeGroups,20-29,91.5,Case,32712
Chronic Hepatitis C,2015,AgeGroups,30-39,95,Case,31560
Chronic Hepatitis C,2015,AgeGroups,40-49,76.2,Case,24825
Chronic Hepatitis C,2015,AgeGroups,50-59,134.5,Case,47708
Chronic Hepatitis C,2015,AgeGroups,60+,71.8,Case,38734
Hepatitis A,2016,AgeGroups,0-19,0.2,Case,178
Hepatitis A,2016,AgeGroups,20-29,0.9,Case,392
Hepatitis A,2016,AgeGroups,30-39,0.9,Case,391
Hepatitis A,2016,AgeGroups,40-49,0.8,Case,333
Hepatitis A,2016,AgeGroups,50-59,0.7,Case,297
Hepatitis A,2016,AgeGroups,60+,0.6,Case,409
Acute Hepatitis B,2016,AgeGroups,0-19,0,Case,18
Acute Hepatitis B,2016,AgeGroups,20-29,0.6,Case,286
Acute Hepatitis B,2016,AgeGroups,30-39,2.4,Case,1000
Acute Hepatitis B,2016,AgeGroups,40-49,2.2,Case,906
Acute Hepatitis B,2016,AgeGroups,50-59,1.5,Case,655
Acute Hepatitis B,2016,AgeGroups,60+,0.5,Case,342
Acute Hepatitis C,2016,AgeGroups,0-19,0.1,Case,86
Acute Hepatitis C,2016,AgeGroups,20-29,2.7,Case,1135
Acute Hepatitis C,2016,AgeGroups,30-39,2.2,Case,868
Acute Hepatitis C,2016,AgeGroups,40-49,1.2,Case,452
Acute Hepatitis C,2016,AgeGroups,50-59,0.6,Case,264
Acute Hepatitis C,2016,AgeGroups,60+,0.2,Case,141
Chronic Hepatitis B,2016,AgeGroups,0-19,0.6,Case,418
Chronic Hepatitis B,2016,AgeGroups,20-29,5.7,Case,2177
Chronic Hepatitis B,2016,AgeGroups,30-39,10.5,Case,3786
Chronic Hepatitis B,2016,AgeGroups,40-49,9.1,Case,3137
Chronic Hepatitis B,2016,AgeGroups,50-59,7.4,Case,2771
Chronic Hepatitis B,2016,AgeGroups,60+,4,Case,2403
Chronic Hepatitis C,2016,AgeGroups,0-19,2.7,Case,1768
Chronic Hepatitis C,2016,AgeGroups,20-29,73.1,Case,26581
Chronic Hepatitis C,2016,AgeGroups,30-39,80.7,Case,27596
Chronic Hepatitis C,2016,AgeGroups,40-49,60.3,Case,19733
Chronic Hepatitis C,2016,AgeGroups,50-59,102.8,Case,36772
Chronic Hepatitis C,2016,AgeGroups,60+,58.6,Case,33029
Hepatitis A,2017,AgeGroups,0-19,0.2,Case,126
Hepatitis A,2017,AgeGroups,20-29,1.4,Case,659
Hepatitis A,2017,AgeGroups,30-39,2.1,Case,893
Hepatitis A,2017,AgeGroups,40-49,1.5,Case,621
Hepatitis A,2017,AgeGroups,50-59,1.3,Case,554
Hepatitis A,2017,AgeGroups,60+,0.7,Case,509
Acute Hepatitis B,2017,AgeGroups,0-19,0,Case,16
Acute Hepatitis B,2017,AgeGroups,20-29,0.6,Case,271
Acute Hepatitis B,2017,AgeGroups,30-39,2.3,Case,998
Acute Hepatitis B,2017,AgeGroups,40-49,2.5,Case,1028
Acute Hepatitis B,2017,AgeGroups,50-59,1.6,Case,700
Acute Hepatitis B,2017,AgeGroups,60+,0.6,Case,395
Acute Hepatitis C,2017,AgeGroups,0-19,0.1,Case,103
Acute Hepatitis C,2017,AgeGroups,20-29,2.7,Case,1189
Acute Hepatitis C,2017,AgeGroups,30-39,2.3,Case,937
Acute Hepatitis C,2017,AgeGroups,40-49,1.1,Case,441
Acute Hepatitis C,2017,AgeGroups,50-59,0.8,Case,332
Acute Hepatitis C,2017,AgeGroups,60+,0.3,Case,185
Chronic Hepatitis B,2017,AgeGroups,0-19,0.6,Case,326
Chronic Hepatitis B,2017,AgeGroups,20-29,6,Case,1829
Chronic Hepatitis B,2017,AgeGroups,30-39,11.7,Case,3388
Chronic Hepatitis B,2017,AgeGroups,40-49,10.1,Case,2758
Chronic Hepatitis B,2017,AgeGroups,50-59,8,Case,2412
Chronic Hepatitis B,2017,AgeGroups,60+,5,Case,2499
Chronic Hepatitis C,2017,AgeGroups,0-19,2.8,Case,1486
Chronic Hepatitis C,2017,AgeGroups,20-29,86,Case,25307
Chronic Hepatitis C,2017,AgeGroups,30-39,101.1,Case,28346
Chronic Hepatitis C,2017,AgeGroups,40-49,71.3,Case,18869
Chronic Hepatitis C,2017,AgeGroups,50-59,111.7,Case,32608
Chronic Hepatitis C,2017,AgeGroups,60+,70.2,Case,34017
Hepatitis A,2018,AgeGroups,0-19,0.3,Case,285
Hepatitis A,2018,AgeGroups,20-29,6.1,Case,2763
Hepatitis A,2018,AgeGroups,30-39,9.8,Case,4268
Hepatitis A,2018,AgeGroups,40-49,6.6,Case,2658
Hepatitis A,2018,AgeGroups,50-59,3.5,Case,1509
Hepatitis A,2018,AgeGroups,60+,1.4,Case,987
Acute Hepatitis B,2018,AgeGroups,0-19,0,Case,27
Acute Hepatitis B,2018,AgeGroups,20-29,0.6,Case,249
Acute Hepatitis B,2018,AgeGroups,30-39,2,Case,868
Acute Hepatitis B,2018,AgeGroups,40-49,2.6,Case,1052
Acute Hepatitis B,2018,AgeGroups,50-59,1.6,Case,675
Acute Hepatitis B,2018,AgeGroups,60+,0.6,Case,450
Acute Hepatitis C,2018,AgeGroups,0-19,0.1,Case,81
Acute Hepatitis C,2018,AgeGroups,20-29,3,Case,1310
Acute Hepatitis C,2018,AgeGroups,30-39,2.6,Case,1070
Acute Hepatitis C,2018,AgeGroups,40-49,1.3,Case,494
Acute Hepatitis C,2018,AgeGroups,50-59,0.9,Case,366
Acute Hepatitis C,2018,AgeGroups,60+,0.4,Case,295
Chronic Hepatitis B,2018,AgeGroups,0-19,0.5,Case,279
Chronic Hepatitis B,2018,AgeGroups,20-29,5.5,Case,1752
Chronic Hepatitis B,2018,AgeGroups,30-39,11.6,Case,3537
Chronic Hepatitis B,2018,AgeGroups,40-49,10.7,Case,3054
Chronic Hepatitis B,2018,AgeGroups,50-59,8.8,Case,2717
Chronic Hepatitis B,2018,AgeGroups,60+,5.3,Case,2855
Chronic Hepatitis C,2018,AgeGroups,0-19,2.5,Case,1302
Chronic Hepatitis C,2018,AgeGroups,20-29,87.6,Case,25353
Chronic Hepatitis C,2018,AgeGroups,30-39,115.6,Case,32223
Chronic Hepatitis C,2018,AgeGroups,40-49,76,Case,19707
Chronic Hepatitis C,2018,AgeGroups,50-59,100.2,Case,28385
Chronic Hepatitis C,2018,AgeGroups,60+,62.1,Case,30485
Hepatitis A,2019,AgeGroups,0-19,0.4,Case,358
Hepatitis A,2019,AgeGroups,20-29,7.9,Case,3582
Hepatitis A,2019,AgeGroups,30-39,14.5,Case,6400
Hepatitis A,2019,AgeGroups,40-49,10.4,Case,4177
Hepatitis A,2019,AgeGroups,50-59,6.2,Case,2635
Hepatitis A,2019,AgeGroups,60+,2.3,Case,1691
Acute Hepatitis B,2019,AgeGroups,0-19,0,Case,13
Acute Hepatitis B,2019,AgeGroups,20-29,0.5,Case,218
Acute Hepatitis B,2019,AgeGroups,30-39,1.8,Case,801
Acute Hepatitis B,2019,AgeGroups,40-49,2.7,Case,1067
Acute Hepatitis B,2019,AgeGroups,50-59,1.6,Case,675
Acute Hepatitis B,2019,AgeGroups,60+,0.6,Case,418
Acute Hepatitis C,2019,AgeGroups,0-19,0.1,Case,63
Acute Hepatitis C,2019,AgeGroups,20-29,2.9,Case,1262
Acute Hepatitis C,2019,AgeGroups,30-39,3.2,Case,1347
Acute Hepatitis C,2019,AgeGroups,40-49,1.7,Case,664
Acute Hepatitis C,2019,AgeGroups,50-59,1.1,Case,442
Acute Hepatitis C,2019,AgeGroups,60+,0.5,Case,358
Chronic Hepatitis B,2019,AgeGroups,0-19,0.5,Case,265
Chronic Hepatitis B,2019,AgeGroups,20-29,5.4,Case,1703
Chronic Hepatitis B,2019,AgeGroups,30-39,11.3,Case,3490
Chronic Hepatitis B,2019,AgeGroups,40-49,10.7,Case,3020
Chronic Hepatitis B,2019,AgeGroups,50-59,8.4,Case,2562
Chronic Hepatitis B,2019,AgeGroups,60+,5.1,Case,2809
Chronic Hepatitis C,2019,AgeGroups,0-19,1.8,Case,951
Chronic Hepatitis C,2019,AgeGroups,20-29,72.3,Case,21263
Chronic Hepatitis C,2019,AgeGroups,30-39,109.1,Case,31383
Chronic Hepatitis C,2019,AgeGroups,40-49,72.1,Case,19035
Chronic Hepatitis C,2019,AgeGroups,50-59,79.6,Case,22748
Chronic Hepatitis C,2019,AgeGroups,60+,50.8,Case,26142
Hepatitis A,2020,AgeGroups,0-19,0.2,Case,129
Hepatitis A,2020,AgeGroups,20-29,3.3,Case,1476
Hepatitis A,2020,AgeGroups,30-39,7.6,Case,3381
Hepatitis A,2020,AgeGroups,40-49,5.9,Case,2389
Hepatitis A,2020,AgeGroups,50-59,3.6,Case,1497
Hepatitis A,2020,AgeGroups,60+,1.4,Case,1077
Acute Hepatitis B,2020,AgeGroups,0-19,0,Case,20
Acute Hepatitis B,2020,AgeGroups,20-29,0.4,Case,160
Acute Hepatitis B,2020,AgeGroups,30-39,1,Case,443
Acute Hepatitis B,2020,AgeGroups,40-49,1.7,Case,685
Acute Hepatitis B,2020,AgeGroups,50-59,1.2,Case,502
Acute Hepatitis B,2020,AgeGroups,60+,0.5,Case,346
Acute Hepatitis C,2020,AgeGroups,0-19,0.1,Case,57
Acute Hepatitis C,2020,AgeGroups,20-29,2.8,Case,1230
Acute Hepatitis C,2020,AgeGroups,30-39,3.5,Case,1526
Acute Hepatitis C,2020,AgeGroups,40-49,2.1,Case,820
Acute Hepatitis C,2020,AgeGroups,50-59,1.4,Case,578
Acute Hepatitis C,2020,AgeGroups,60+,0.8,Case,586
Chronic Hepatitis B,2020,AgeGroups,0-19,0.3,Case,174
Chronic Hepatitis B,2020,AgeGroups,20-29,4,Case,1245
Chronic Hepatitis B,2020,AgeGroups,30-39,9.1,Case,2841
Chronic Hepatitis B,2020,AgeGroups,40-49,9,Case,2551
Chronic Hepatitis B,2020,AgeGroups,50-59,7.5,Case,2267
Chronic Hepatitis B,2020,AgeGroups,60+,4.5,Case,2526
Chronic Hepatitis C,2020,AgeGroups,0-19,1.1,Case,718
Chronic Hepatitis C,2020,AgeGroups,20-29,45,Case,16026
Chronic Hepatitis C,2020,AgeGroups,30-39,73.6,Case,26194
Chronic Hepatitis C,2020,AgeGroups,40-49,51.2,Case,16415
Chronic Hepatitis C,2020,AgeGroups,50-59,54.4,Case,18474
Chronic Hepatitis C,2020,AgeGroups,60+,37.3,Case,23242
Hepatitis A,2021,AgeGroups,0-19,0.2,Case,129
Hepatitis A,2021,AgeGroups,20-29,1.7,Case,757
Hepatitis A,2021,AgeGroups,30-39,3.9,Case,1749
Hepatitis A,2021,AgeGroups,40-49,3.4,Case,1391
Hepatitis A,2021,AgeGroups,50-59,2.3,Case,964
Hepatitis A,2021,AgeGroups,60+,1,Case,736
Acute Hepatitis B,2021,AgeGroups,0-19,0,Case,20
Acute Hepatitis B,2021,AgeGroups,20-29,0.4,Case,166
Acute Hepatitis B,2021,AgeGroups,30-39,0.9,Case,405
Acute Hepatitis B,2021,AgeGroups,40-49,1.6,Case,641
Acute Hepatitis B,2021,AgeGroups,50-59,1,Case,439
Acute Hepatitis B,2021,AgeGroups,60+,0.5,Case,374
Acute Hepatitis C,2021,AgeGroups,0-19,0.1,Case,67
Acute Hepatitis C,2021,AgeGroups,20-29,2.5,Case,1045
Acute Hepatitis C,2021,AgeGroups,30-39,3.5,Case,1551
Acute Hepatitis C,2021,AgeGroups,40-49,2.3,Case,901
Acute Hepatitis C,2021,AgeGroups,50-59,1.7,Case,696
Acute Hepatitis C,2021,AgeGroups,60+,1,Case,753
Chronic Hepatitis B,2021,AgeGroups,0-19,0.3,Case,191
Chronic Hepatitis B,2021,AgeGroups,20-29,4.2,Case,1322
Chronic Hepatitis B,2021,AgeGroups,30-39,10.8,Case,3469
Chronic Hepatitis B,2021,AgeGroups,40-49,11.3,Case,3301
Chronic Hepatitis B,2021,AgeGroups,50-59,9.1,Case,2801
Chronic Hepatitis B,2021,AgeGroups,60+,5.4,Case,3136
Chronic Hepatitis C,2021,AgeGroups,0-19,1.4,Case,935
Chronic Hepatitis C,2021,AgeGroups,20-29,41.9,Case,14850
Chronic Hepatitis C,2021,AgeGroups,30-39,74.9,Case,27578
Chronic Hepatitis C,2021,AgeGroups,40-49,54.6,Case,18089
Chronic Hepatitis C,2021,AgeGroups,50-59,50.2,Case,17501
Chronic Hepatitis C,2021,AgeGroups,60+,37.8,Case,24149
Hepatitis A,2022,AgeGroups,0-19,0.1,Case,79
Hepatitis A,2022,AgeGroups,20-29,0.7,Case,330
Hepatitis A,2022,AgeGroups,30-39,1.5,Case,687
Hepatitis A,2022,AgeGroups,40-49,1,Case,420
Hepatitis A,2022,AgeGroups,50-59,0.8,Case,346
Hepatitis A,2022,AgeGroups,60+,0.5,Case,403
Acute Hepatitis B,2022,AgeGroups,0-19,0,Case,14
Acute Hepatitis B,2022,AgeGroups,20-29,0.4,Case,180
Acute Hepatitis B,2022,AgeGroups,30-39,0.7,Case,340
Acute Hepatitis B,2022,AgeGroups,40-49,1.4,Case,578
Acute Hepatitis B,2022,AgeGroups,50-59,1.2,Case,518
Acute Hepatitis B,2022,AgeGroups,60+,0.6,Case,496
Acute Hepatitis C,2022,AgeGroups,0-19,0.1,Case,54
Acute Hepatitis C,2022,AgeGroups,20-29,2.2,Case,945
Acute Hepatitis C,2022,AgeGroups,30-39,3.6,Case,1585
Acute Hepatitis C,2022,AgeGroups,40-49,2.2,Case,872
Acute Hepatitis C,2022,AgeGroups,50-59,1.7,Case,699
Acute Hepatitis C,2022,AgeGroups,60+,0.9,Case,693
Chronic Hepatitis B,2022,AgeGroups,0-19,0.4,Case,253
Chronic Hepatitis B,2022,AgeGroups,20-29,4.1,Case,1564
Chronic Hepatitis B,2022,AgeGroups,30-39,9.9,Case,3881
Chronic Hepatitis B,2022,AgeGroups,40-49,11.1,Case,3912
Chronic Hepatitis B,2022,AgeGroups,50-59,8.8,Case,3206
Chronic Hepatitis B,2022,AgeGroups,60+,5.6,Case,3892
Chronic Hepatitis C,2022,AgeGroups,0-19,1.6,Case,885
Chronic Hepatitis C,2022,AgeGroups,20-29,35,Case,10833
Chronic Hepatitis C,2022,AgeGroups,30-39,80.2,Case,25192
Chronic Hepatitis C,2022,AgeGroups,40-49,64.9,Case,18414
Chronic Hepatitis C,2022,AgeGroups,50-59,53.5,Case,15805
Chronic Hepatitis C,2022,AgeGroups,60+,38.9,Case,22338
Hepatitis A,2023,AgeGroups,0-19,0.2,Case,134
Hepatitis A,2023,AgeGroups,20-29,0.7,Case,292
Hepatitis A,2023,AgeGroups,30-39,0.9,Case,407
Hepatitis A,2023,AgeGroups,40-49,0.7,Case,292
Hepatitis A,2023,AgeGroups,50-59,0.5,Case,213
Hepatitis A,2023,AgeGroups,60+,0.4,Case,310
Acute Hepatitis B,2023,AgeGroups,0-19,0,Case,21
Acute Hepatitis B,2023,AgeGroups,20-29,0.5,Case,211
Acute Hepatitis B,2023,AgeGroups,30-39,0.7,Case,345
Acute Hepatitis B,2023,AgeGroups,40-49,1.4,Case,583
Acute Hepatitis B,2023,AgeGroups,50-59,1.2,Case,490
Acute Hepatitis B,2023,AgeGroups,60+,0.7,Case,564
Acute Hepatitis C,2023,AgeGroups,0-19,0.1,Case,58
Acute Hepatitis C,2023,AgeGroups,20-29,2.2,Case,922
Acute Hepatitis C,2023,AgeGroups,30-39,3.4,Case,1506
Acute Hepatitis C,2023,AgeGroups,40-49,2.4,Case,985
Acute Hepatitis C,2023,AgeGroups,50-59,1.8,Case,708
Acute Hepatitis C,2023,AgeGroups,60+,1,Case,787
Chronic Hepatitis B,2023,AgeGroups,0-19,0.4,Case,248
Chronic Hepatitis B,2023,AgeGroups,20-29,4.7,Case,1774
Chronic Hepatitis B,2023,AgeGroups,30-39,10,Case,3965
Chronic Hepatitis B,2023,AgeGroups,40-49,11.4,Case,4071
Chronic Hepatitis B,2023,AgeGroups,50-59,9.5,Case,3418
Chronic Hepatitis B,2023,AgeGroups,60+,5.9,Case,4170
Chronic Hepatitis C,2023,AgeGroups,0-19,1,Case,688
Chronic Hepatitis C,2023,AgeGroups,20-29,29.2,Case,10610
Chronic Hepatitis C,2023,AgeGroups,30-39,72.1,Case,27671
Chronic Hepatitis C,2023,AgeGroups,40-49,60.5,Case,21009
Chronic Hepatitis C,2023,AgeGroups,50-59,48.3,Case,16776
Chronic Hepatitis C,2023,AgeGroups,60+,35.8,Case,24610
Hepatitis A,2011,Sex,Female,0.4,Case,691
Hepatitis A,2011,Sex,Male,0.5,Case,703
Acute Hepatitis B,2011,Sex,Female,0.7,Case,1094
Acute Hepatitis B,2011,Sex,Male,1.2,Case,1796
Acute Hepatitis C,2011,Sex,Female,0.4,Case,585
Acute Hepatitis C,2011,Sex,Male,0.4,Case,641
Chronic Hepatitis B,2011,Sex,Female,5.8,Case,9167
Chronic Hepatitis B,2011,Sex,Male,7.3,Case,11144
Chronic Hepatitis C,2011,Sex,Female,28.3,Case,44785
Chronic Hepatitis C,2011,Sex,Male,49.3,Case,75497
Hepatitis A,2012,Sex,Female,0.5,Case,783
Hepatitis A,2012,Sex,Male,0.5,Case,769
Acute Hepatitis B,2012,Sex,Female,0.7,Case,1084
Acute Hepatitis B,2012,Sex,Male,1.2,Case,1803
Acute Hepatitis C,2012,Sex,Female,0.5,Case,821
Acute Hepatitis C,2012,Sex,Male,0.7,Case,955
Chronic Hepatitis B,2012,Sex,Female,5.2,Case,8318
Chronic Hepatitis B,2012,Sex,Male,6.6,Case,10144
Chronic Hepatitis C,2012,Sex,Female,30.6,Case,48747
Chronic Hepatitis C,2012,Sex,Male,49.8,Case,76905
Hepatitis A,2013,Sex,Female,0.6,Case,914
Hepatitis A,2013,Sex,Male,0.6,Case,864
Acute Hepatitis B,2013,Sex,Female,0.7,Case,1163
Acute Hepatitis B,2013,Sex,Male,1.2,Case,1873
Acute Hepatitis C,2013,Sex,Female,0.7,Case,993
Acute Hepatitis C,2013,Sex,Male,0.8,Case,1142
Chronic Hepatitis B,2013,Sex,Female,6.3,Case,10031
Chronic Hepatitis B,2013,Sex,Male,7.9,Case,12340
Chronic Hepatitis C,2013,Sex,Female,31.5,Case,50504
Chronic Hepatitis C,2013,Sex,Male,50.3,Case,78306
Hepatitis A,2014,Sex,Female,0.4,Case,591
Hepatitis A,2014,Sex,Male,0.4,Case,645
Acute Hepatitis B,2014,Sex,Female,0.6,Case,1001
Acute Hepatitis B,2014,Sex,Male,1.1,Case,1778
Acute Hepatitis C,2014,Sex,Female,0.7,Case,1025
Acute Hepatitis C,2014,Sex,Male,0.8,Case,1167
Chronic Hepatitis B,2014,Sex,Female,4.2,Case,5472
Chronic Hepatitis B,2014,Sex,Male,5.4,Case,6782
Chronic Hepatitis C,2014,Sex,Female,54.3,Case,63550
Chronic Hepatitis C,2014,Sex,Male,86.8,Case,98372
Hepatitis A,2015,Sex,Female,0.4,Case,662
Hepatitis A,2015,Sex,Male,0.5,Case,726
Acute Hepatitis B,2015,Sex,Female,0.8,Case,1280
Acute Hepatitis B,2015,Sex,Male,1.3,Case,2080
Acute Hepatitis C,2015,Sex,Female,0.7,Case,1093
Acute Hepatitis C,2015,Sex,Male,0.9,Case,1334
Chronic Hepatitis B,2015,Sex,Female,4.5,Case,6093
Chronic Hepatitis B,2015,Sex,Male,6.2,Case,8189
Chronic Hepatitis C,2015,Sex,Female,53.8,Case,69718
Chronic Hepatitis C,2015,Sex,Male,88.8,Case,111494
Hepatitis A,2016,Sex,Female,0.5,Case,897
Hepatitis A,2016,Sex,Male,0.7,Case,1107
Acute Hepatitis B,2016,Sex,Female,0.8,Case,1252
Acute Hepatitis B,2016,Sex,Male,1.2,Case,1957
Acute Hepatitis C,2016,Sex,Female,0.8,Case,1310
Acute Hepatitis C,2016,Sex,Male,1.1,Case,1627
Chronic Hepatitis B,2016,Sex,Female,4.5,Case,6337
Chronic Hepatitis B,2016,Sex,Male,6.1,Case,8316
Chronic Hepatitis C,2016,Sex,Female,41.9,Case,55490
Chronic Hepatitis C,2016,Sex,Male,71.3,Case,91499
Hepatitis A,2017,Sex,Female,0.7,Case,1149
Hepatitis A,2017,Sex,Male,1.4,Case,2209
Acute Hepatitis B,2017,Sex,Female,0.8,Case,1301
Acute Hepatitis B,2017,Sex,Male,1.3,Case,2095
Acute Hepatitis C,2017,Sex,Female,0.9,Case,1431
Acute Hepatitis C,2017,Sex,Male,1.2,Case,1775
Chronic Hepatitis B,2017,Sex,Female,5.2,Case,5818
Chronic Hepatitis B,2017,Sex,Male,6.8,Case,7435
Chronic Hepatitis C,2017,Sex,Female,49.3,Case,53709
Chronic Hepatitis C,2017,Sex,Male,84.5,Case,89111
Hepatitis A,2018,Sex,Female,3,Case,4952
Hepatitis A,2018,Sex,Male,4.7,Case,7497
Acute Hepatitis B,2018,Sex,Female,0.8,Case,1260
Acute Hepatitis B,2018,Sex,Male,1.3,Case,2050
Acute Hepatitis C,2018,Sex,Female,1,Case,1605
Acute Hepatitis C,2018,Sex,Male,1.3,Case,2012
Chronic Hepatitis B,2018,Sex,Female,4.9,Case,5833
Chronic Hepatitis B,2018,Sex,Male,7.2,Case,8217
Chronic Hepatitis C,2018,Sex,Female,47,Case,50732
Chronic Hepatitis C,2018,Sex,Male,83.1,Case,86674
Hepatitis A,2019,Sex,Female,4.2,Case,6997
Hepatitis A,2019,Sex,Male,7.3,Case,11824
Acute Hepatitis B,2019,Sex,Female,0.7,Case,1169
Acute Hepatitis B,2019,Sex,Male,1.3,Case,2021
Acute Hepatitis C,2019,Sex,Female,1,Case,1653
Acute Hepatitis C,2019,Sex,Male,1.6,Case,2471
Chronic Hepatitis B,2019,Sex,Female,4.9,Case,5853
Chronic Hepatitis B,2019,Sex,Male,7,Case,7985
Chronic Hepatitis C,2019,Sex,Female,39.7,Case,43966
Chronic Hepatitis C,2019,Sex,Male,73.9,Case,79007
Hepatitis A,2020,Sex,Female,2.3,Case,3802
Hepatitis A,2020,Sex,Male,3.8,Case,6141
Acute Hepatitis B,2020,Sex,Female,0.5,Case,857
Acute Hepatitis B,2020,Sex,Male,0.8,Case,1297
Acute Hepatitis C,2020,Sex,Female,1,Case,1687
Acute Hepatitis C,2020,Sex,Male,2,Case,3105
Chronic Hepatitis B,2020,Sex,Female,4.2,Case,4999
Chronic Hepatitis B,2020,Sex,Male,5.7,Case,6614
Chronic Hepatitis C,2020,Sex,Female,28.6,Case,38283
Chronic Hepatitis C,2020,Sex,Male,52.9,Case,68561
Hepatitis A,2021,Sex,Female,1.3,Case,2126
Hepatitis A,2021,Sex,Male,2.2,Case,3594
Acute Hepatitis B,2021,Sex,Female,0.5,Case,829
Acute Hepatitis B,2021,Sex,Male,0.7,Case,1215
Acute Hepatitis C,2021,Sex,Female,1,Case,1669
Acute Hepatitis C,2021,Sex,Male,2.1,Case,3348
Chronic Hepatitis B,2021,Sex,Female,5,Case,6039
Chronic Hepatitis B,2021,Sex,Male,6.9,Case,8176
Chronic Hepatitis C,2021,Sex,Female,27.3,Case,37205
Chronic Hepatitis C,2021,Sex,Male,52.3,Case,69927
Hepatitis A,2022,Sex,Female,0.5,Case,790
Hepatitis A,2022,Sex,Male,0.9,Case,1472
Acute Hepatitis B,2022,Sex,Female,0.5,Case,843
Acute Hepatitis B,2022,Sex,Male,0.8,Case,1280
Acute Hepatitis C,2022,Sex,Female,1,Case,1614
Acute Hepatitis C,2022,Sex,Male,2,Case,3227
Chronic Hepatitis B,2022,Sex,Female,5.1,Case,7334
Chronic Hepatitis B,2022,Sex,Male,6.6,Case,9348
Chronic Hepatitis C,2022,Sex,Female,27.6,Case,32553
Chronic Hepatitis C,2022,Sex,Male,52.5,Case,60646
Hepatitis A,2023,Sex,Female,0.4,Case,614
Hepatitis A,2023,Sex,Male,0.6,Case,1034
Acute Hepatitis B,2023,Sex,Female,0.5,Case,841
Acute Hepatitis B,2023,Sex,Male,0.8,Case,1370
Acute Hepatitis C,2023,Sex,Female,1,Case,1640
Acute Hepatitis C,2023,Sex,Male,2.1,Case,3321
Chronic Hepatitis B,2023,Sex,Female,5.1,Case,7487
Chronic Hepatitis B,2023,Sex,Male,7.1,Case,10140
Chronic Hepatitis C,2023,Sex,Female,24.2,Case,34332
Chronic Hepatitis C,2023,Sex,Male,48.2,Case,66797
Hepatitis A,2011,RaceEth,A/PI,0.8,Case,140
Hepatitis A,2011,RaceEth,AI/AN,0.7,Case,17
Hepatitis A,2011,RaceEth,Black,0.3,Case,106
Hepatitis A,2011,RaceEth,Hispanic,0.5,Case,276
Hepatitis A,2011,RaceEth,White,0.3,Case,577
Acute Hepatitis B,2011,RaceEth,A/PI,0.4,Case,64
Acute Hepatitis B,2011,RaceEth,AI/AN,0.5,Case,14
Acute Hepatitis B,2011,RaceEth,Black,1.4,Case,542
Acute Hepatitis B,2011,RaceEth,Hispanic,0.4,Case,211
Acute Hepatitis B,2011,RaceEth,White,0.8,Case,1603
Acute Hepatitis C,2011,RaceEth,A/PI,0.1,Case,8
Acute Hepatitis C,2011,RaceEth,AI/AN,1.1,Case,23
Acute Hepatitis C,2011,RaceEth,Black,0.1,Case,54
Acute Hepatitis C,2011,RaceEth,Hispanic,0.2,Case,82
Acute Hepatitis C,2011,RaceEth,White,0.5,Case,892
Chronic Hepatitis B,2011,RaceEth,A/PI,28.6,Case,4736
Chronic Hepatitis B,2011,RaceEth,AI/AN,1.5,Case,39
Chronic Hepatitis B,2011,RaceEth,Black,6.5,Case,2593
Chronic Hepatitis B,2011,RaceEth,Hispanic,0.9,Case,480
Chronic Hepatitis B,2011,RaceEth,White,1,Case,2006
Chronic Hepatitis C,2011,RaceEth,A/PI,4,Case,661
Chronic Hepatitis C,2011,RaceEth,AI/AN,24.1,Case,627
Chronic Hepatitis C,2011,RaceEth,Black,25.9,Case,10327
Chronic Hepatitis C,2011,RaceEth,Hispanic,8.3,Case,4325
Chronic Hepatitis C,2011,RaceEth,White,16.4,Case,32792
Hepatitis A,2012,RaceEth,A/PI,0.6,Case,102
Hepatitis A,2012,RaceEth,AI/AN,0.2,Case,6
Hepatitis A,2012,RaceEth,Black,0.2,Case,95
Hepatitis A,2012,RaceEth,Hispanic,0.5,Case,259
Hepatitis A,2012,RaceEth,White,0.4,Case,766
Acute Hepatitis B,2012,RaceEth,A/PI,0.4,Case,64
Acute Hepatitis B,2012,RaceEth,AI/AN,0.7,Case,18
Acute Hepatitis B,2012,RaceEth,Black,1.1,Case,444
Acute Hepatitis B,2012,RaceEth,Hispanic,0.4,Case,193
Acute Hepatitis B,2012,RaceEth,White,0.8,Case,1658
Acute Hepatitis C,2012,RaceEth,A/PI,0.1,Case,16
Acute Hepatitis C,2012,RaceEth,AI/AN,2,Case,43
Acute Hepatitis C,2012,RaceEth,Black,0.1,Case,57
Acute Hepatitis C,2012,RaceEth,Hispanic,0.2,Case,104
Acute Hepatitis C,2012,RaceEth,White,0.6,Case,1229
Chronic Hepatitis B,2012,RaceEth,A/PI,25.4,Case,4370
Chronic Hepatitis B,2012,RaceEth,AI/AN,1.4,Case,36
Chronic Hepatitis B,2012,RaceEth,Black,5.8,Case,2361
Chronic Hepatitis B,2012,RaceEth,Hispanic,0.8,Case,450
Chronic Hepatitis B,2012,RaceEth,White,0.9,Case,1853
Chronic Hepatitis C,2012,RaceEth,A/PI,4.3,Case,736
Chronic Hepatitis C,2012,RaceEth,AI/AN,27.9,Case,730
Chronic Hepatitis C,2012,RaceEth,Black,21,Case,8501
Chronic Hepatitis C,2012,RaceEth,Hispanic,7,Case,3721
Chronic Hepatitis C,2012,RaceEth,White,17.1,Case,34380
Hepatitis A,2013,RaceEth,A/PI,0.6,Case,101
Hepatitis A,2013,RaceEth,AI/AN,0.3,Case,7
Hepatitis A,2013,RaceEth,Black,0.2,Case,75
Hepatitis A,2013,RaceEth,Hispanic,0.5,Case,278
Hepatitis A,2013,RaceEth,White,0.5,Case,962
Acute Hepatitis B,2013,RaceEth,A/PI,0.3,Case,58
Acute Hepatitis B,2013,RaceEth,AI/AN,0.7,Case,18
Acute Hepatitis B,2013,RaceEth,Black,0.9,Case,382
Acute Hepatitis B,2013,RaceEth,Hispanic,0.4,Case,205
Acute Hepatitis B,2013,RaceEth,White,0.9,Case,1830
Acute Hepatitis C,2013,RaceEth,A/PI,0.1,Case,13
Acute Hepatitis C,2013,RaceEth,AI/AN,1.7,Case,38
Acute Hepatitis C,2013,RaceEth,Black,0.2,Case,75
Acute Hepatitis C,2013,RaceEth,Hispanic,0.2,Case,114
Acute Hepatitis C,2013,RaceEth,White,0.8,Case,1527
Chronic Hepatitis B,2013,RaceEth,A/PI,27.8,Case,4922
Chronic Hepatitis B,2013,RaceEth,AI/AN,1.6,Case,43
Chronic Hepatitis B,2013,RaceEth,Black,6.2,Case,2514
Chronic Hepatitis B,2013,RaceEth,Hispanic,0.9,Case,501
Chronic Hepatitis B,2013,RaceEth,White,0.8,Case,1704
Chronic Hepatitis C,2013,RaceEth,A/PI,5.3,Case,930
Chronic Hepatitis C,2013,RaceEth,AI/AN,30.7,Case,812
Chronic Hepatitis C,2013,RaceEth,Black,22.1,Case,9022
Chronic Hepatitis C,2013,RaceEth,Hispanic,7.4,Case,4015
Chronic Hepatitis C,2013,RaceEth,White,19,Case,38142
Hepatitis A,2014,RaceEth,A/PI,0.7,Case,135
Hepatitis A,2014,RaceEth,AI/AN,0.2,Case,4
Hepatitis A,2014,RaceEth,Black,0.2,Case,82
Hepatitis A,2014,RaceEth,Hispanic,0.4,Case,211
Hepatitis A,2014,RaceEth,White,0.3,Case,566
Acute Hepatitis B,2014,RaceEth,A/PI,0.3,Case,53
Acute Hepatitis B,2014,RaceEth,AI/AN,0.8,Case,21
Acute Hepatitis B,2014,RaceEth,Black,0.8,Case,343
Acute Hepatitis B,2014,RaceEth,Hispanic,0.3,Case,158
Acute Hepatitis B,2014,RaceEth,White,0.9,Case,1713
Acute Hepatitis C,2014,RaceEth,A/PI,0.1,Case,11
Acute Hepatitis C,2014,RaceEth,AI/AN,1.3,Case,29
Acute Hepatitis C,2014,RaceEth,Black,0.2,Case,74
Acute Hepatitis C,2014,RaceEth,Hispanic,0.2,Case,124
Acute Hepatitis C,2014,RaceEth,White,0.8,Case,1569
Chronic Hepatitis B,2014,RaceEth,A/PI,17.3,Case,2780
Chronic Hepatitis B,2014,RaceEth,AI/AN,1.4,Case,33
Chronic Hepatitis B,2014,RaceEth,Black,5.1,Case,1540
Chronic Hepatitis B,2014,RaceEth,Hispanic,0.8,Case,319
Chronic Hepatitis B,2014,RaceEth,White,1,Case,1681
Chronic Hepatitis C,2014,RaceEth,A/PI,7.5,Case,1161
Chronic Hepatitis C,2014,RaceEth,AI/AN,74.6,Case,1358
Chronic Hepatitis C,2014,RaceEth,Black,41.2,Case,11992
Chronic Hepatitis C,2014,RaceEth,Hispanic,13.1,Case,5086
Chronic Hepatitis C,2014,RaceEth,White,36.5,Case,53045
Hepatitis A,2015,RaceEth,A/PI,0.6,Case,114
Hepatitis A,2015,RaceEth,AI/AN,0.2,Case,5
Hepatitis A,2015,RaceEth,Black,0.2,Case,71
Hepatitis A,2015,RaceEth,Hispanic,0.4,Case,219
Hepatitis A,2015,RaceEth,White,0.3,Case,701
Acute Hepatitis B,2015,RaceEth,A/PI,0.4,Case,67
Acute Hepatitis B,2015,RaceEth,AI/AN,0.7,Case,18
Acute Hepatitis B,2015,RaceEth,Black,1,Case,398
Acute Hepatitis B,2015,RaceEth,Hispanic,0.3,Case,175
Acute Hepatitis B,2015,RaceEth,White,1.1,Case,2150
Acute Hepatitis C,2015,RaceEth,A/PI,0.1,Case,16
Acute Hepatitis C,2015,RaceEth,AI/AN,1.8,Case,39
Acute Hepatitis C,2015,RaceEth,Black,0.3,Case,112
Acute Hepatitis C,2015,RaceEth,Hispanic,0.3,Case,148
Acute Hepatitis C,2015,RaceEth,White,0.9,Case,1724
Chronic Hepatitis B,2015,RaceEth,A/PI,21.5,Case,3470
Chronic Hepatitis B,2015,RaceEth,AI/AN,1.6,Case,37
Chronic Hepatitis B,2015,RaceEth,Black,5.9,Case,2035
Chronic Hepatitis B,2015,RaceEth,Hispanic,0.7,Case,325
Chronic Hepatitis B,2015,RaceEth,White,1.3,Case,2236
Chronic Hepatitis C,2015,RaceEth,A/PI,7.6,Case,1195
Chronic Hepatitis C,2015,RaceEth,AI/AN,82.5,Case,1710
Chronic Hepatitis C,2015,RaceEth,Black,41.5,Case,13335
Chronic Hepatitis C,2015,RaceEth,Hispanic,12.1,Case,4969
Chronic Hepatitis C,2015,RaceEth,White,36.6,Case,60168
Hepatitis A,2016,RaceEth,A/PI,1.5,Case,299
Hepatitis A,2016,RaceEth,AI/AN,0.1,Case,3
Hepatitis A,2016,RaceEth,Black,0.3,Case,137
Hepatitis A,2016,RaceEth,Hispanic,0.5,Case,293
Hepatitis A,2016,RaceEth,White,0.4,Case,865
Acute Hepatitis B,2016,RaceEth,A/PI,0.3,Case,56
Acute Hepatitis B,2016,RaceEth,AI/AN,0.5,Case,14
Acute Hepatitis B,2016,RaceEth,Black,0.9,Case,386
Acute Hepatitis B,2016,RaceEth,Hispanic,0.3,Case,194
Acute Hepatitis B,2016,RaceEth,White,1,Case,2059
Acute Hepatitis C,2016,RaceEth,A/PI,0.1,Case,25
Acute Hepatitis C,2016,RaceEth,AI/AN,3.1,Case,70
Acute Hepatitis C,2016,RaceEth,Black,0.3,Case,130
Acute Hepatitis C,2016,RaceEth,Hispanic,0.3,Case,191
Acute Hepatitis C,2016,RaceEth,White,1.1,Case,2109
Chronic Hepatitis B,2016,RaceEth,A/PI,18.5,Case,3113
Chronic Hepatitis B,2016,RaceEth,AI/AN,3.3,Case,82
Chronic Hepatitis B,2016,RaceEth,Black,6.7,Case,2341
Chronic Hepatitis B,2016,RaceEth,Hispanic,0.8,Case,352
Chronic Hepatitis B,2016,RaceEth,White,1.3,Case,2293
Chronic Hepatitis C,2016,RaceEth,A/PI,4.9,Case,798
Chronic Hepatitis C,2016,RaceEth,AI/AN,65,Case,1377
Chronic Hepatitis C,2016,RaceEth,Black,32.3,Case,10554
Chronic Hepatitis C,2016,RaceEth,Hispanic,8.9,Case,3776
Chronic Hepatitis C,2016,RaceEth,White,29.8,Case,49730
Hepatitis A,2017,RaceEth,A/PI,0.6,Case,124
Hepatitis A,2017,RaceEth,AI/AN,0.5,Case,13
Hepatitis A,2017,RaceEth,Black,0.7,Case,303
Hepatitis A,2017,RaceEth,Hispanic,0.8,Case,471
Hepatitis A,2017,RaceEth,White,1,Case,1979
Acute Hepatitis B,2017,RaceEth,A/PI,0.3,Case,64
Acute Hepatitis B,2017,RaceEth,AI/AN,0.7,Case,19
Acute Hepatitis B,2017,RaceEth,Black,1,Case,411
Acute Hepatitis B,2017,RaceEth,Hispanic,0.3,Case,196
Acute Hepatitis B,2017,RaceEth,White,1.1,Case,2197
Acute Hepatitis C,2017,RaceEth,A/PI,0.1,Case,23
Acute Hepatitis C,2017,RaceEth,AI/AN,2.9,Case,67
Acute Hepatitis C,2017,RaceEth,Black,0.5,Case,202
Acute Hepatitis C,2017,RaceEth,Hispanic,0.4,Case,234
Acute Hepatitis C,2017,RaceEth,White,1.2,Case,2227
Chronic Hepatitis B,2017,RaceEth,A/PI,20.7,Case,2241
Chronic Hepatitis B,2017,RaceEth,AI/AN,2.4,Case,54
Chronic Hepatitis B,2017,RaceEth,Black,6.3,Case,1965
Chronic Hepatitis B,2017,RaceEth,Hispanic,1.1,Case,332
Chronic Hepatitis B,2017,RaceEth,White,1.5,Case,2163
Chronic Hepatitis C,2017,RaceEth,A/PI,6.8,Case,722
Chronic Hepatitis C,2017,RaceEth,AI/AN,78.5,Case,1481
Chronic Hepatitis C,2017,RaceEth,Black,36,Case,10617
Chronic Hepatitis C,2017,RaceEth,Hispanic,14.3,Case,3939
Chronic Hepatitis C,2017,RaceEth,White,35.3,Case,51243
Hepatitis A,2018,RaceEth,A/PI,0.5,Case,104
Hepatitis A,2018,RaceEth,AI/AN,0.5,Case,15
Hepatitis A,2018,RaceEth,Black,1.2,Case,508
Hepatitis A,2018,RaceEth,Hispanic,0.7,Case,413
Hepatitis A,2018,RaceEth,White,4.3,Case,8670
Acute Hepatitis B,2018,RaceEth,A/PI,0.3,Case,55
Acute Hepatitis B,2018,RaceEth,AI/AN,0.9,Case,25
Acute Hepatitis B,2018,RaceEth,Black,1,Case,405
Acute Hepatitis B,2018,RaceEth,Hispanic,0.4,Case,222
Acute Hepatitis B,2018,RaceEth,White,1,Case,2084
Acute Hepatitis C,2018,RaceEth,A/PI,0.1,Case,29
Acute Hepatitis C,2018,RaceEth,AI/AN,3.6,Case,83
Acute Hepatitis C,2018,RaceEth,Black,0.6,Case,231
Acute Hepatitis C,2018,RaceEth,Hispanic,0.5,Case,280
Acute Hepatitis C,2018,RaceEth,White,1.3,Case,2405
Chronic Hepatitis B,2018,RaceEth,A/PI,21,Case,2322
Chronic Hepatitis B,2018,RaceEth,AI/AN,1.9,Case,44
Chronic Hepatitis B,2018,RaceEth,Black,6.7,Case,2178
Chronic Hepatitis B,2018,RaceEth,Hispanic,1.4,Case,424
Chronic Hepatitis B,2018,RaceEth,White,1.8,Case,2742
Chronic Hepatitis C,2018,RaceEth,A/PI,7.3,Case,766
Chronic Hepatitis C,2018,RaceEth,AI/AN,89.2,Case,1666
Chronic Hepatitis C,2018,RaceEth,Black,36.6,Case,10733
Chronic Hepatitis C,2018,RaceEth,Hispanic,18,Case,4884
Chronic Hepatitis C,2018,RaceEth,White,37.8,Case,54174
Hepatitis A,2019,RaceEth,A/PI,0.7,Case,139
Hepatitis A,2019,RaceEth,AI/AN,2.2,Case,60
Hepatitis A,2019,RaceEth,Black,2.5,Case,1072
Hepatitis A,2019,RaceEth,Hispanic,1.5,Case,916
Hepatitis A,2019,RaceEth,White,6.8,Case,13709
Acute Hepatitis B,2019,RaceEth,A/PI,0.3,Case,63
Acute Hepatitis B,2019,RaceEth,AI/AN,0.6,Case,15
Acute Hepatitis B,2019,RaceEth,Black,0.9,Case,382
Acute Hepatitis B,2019,RaceEth,Hispanic,0.4,Case,215
Acute Hepatitis B,2019,RaceEth,White,1,Case,2045
Acute Hepatitis C,2019,RaceEth,A/PI,0.2,Case,36
Acute Hepatitis C,2019,RaceEth,AI/AN,3.6,Case,83
Acute Hepatitis C,2019,RaceEth,Black,0.7,Case,267
Acute Hepatitis C,2019,RaceEth,Hispanic,0.6,Case,350
Acute Hepatitis C,2019,RaceEth,White,1.4,Case,2683
Chronic Hepatitis B,2019,RaceEth,A/PI,18.9,Case,2119
Chronic Hepatitis B,2019,RaceEth,AI/AN,1,Case,24
Chronic Hepatitis B,2019,RaceEth,Black,6.7,Case,2198
Chronic Hepatitis B,2019,RaceEth,Hispanic,1.4,Case,444
Chronic Hepatitis B,2019,RaceEth,White,1.8,Case,2807
Chronic Hepatitis C,2019,RaceEth,A/PI,7.1,Case,755
Chronic Hepatitis C,2019,RaceEth,AI/AN,86.7,Case,1657
Chronic Hepatitis C,2019,RaceEth,Black,31,Case,9566
Chronic Hepatitis C,2019,RaceEth,Hispanic,14.1,Case,3913
Chronic Hepatitis C,2019,RaceEth,White,34,Case,49810
Hepatitis A,2020,RaceEth,A/PI,0.4,Case,92
Hepatitis A,2020,RaceEth,AI/AN,2,Case,56
Hepatitis A,2020,RaceEth,Black,1.6,Case,693
Hepatitis A,2020,RaceEth,Hispanic,0.6,Case,386
Hepatitis A,2020,RaceEth,White,3.9,Case,7780
Acute Hepatitis B,2020,RaceEth,A/PI,0.2,Case,52
Acute Hepatitis B,2020,RaceEth,AI/AN,0.4,Case,10
Acute Hepatitis B,2020,RaceEth,Black,0.7,Case,309
Acute Hepatitis B,2020,RaceEth,Hispanic,0.3,Case,155
Acute Hepatitis B,2020,RaceEth,White,0.7,Case,1391
Acute Hepatitis C,2020,RaceEth,A/PI,0.4,Case,76
Acute Hepatitis C,2020,RaceEth,AI/AN,2.1,Case,48
Acute Hepatitis C,2020,RaceEth,Black,1.1,Case,458
Acute Hepatitis C,2020,RaceEth,Hispanic,0.7,Case,415
Acute Hepatitis C,2020,RaceEth,White,1.6,Case,3060
Chronic Hepatitis B,2020,RaceEth,A/PI,17.6,Case,2019
Chronic Hepatitis B,2020,RaceEth,AI/AN,1.6,Case,36
Chronic Hepatitis B,2020,RaceEth,Black,5.8,Case,1904
Chronic Hepatitis B,2020,RaceEth,Hispanic,1.5,Case,475
Chronic Hepatitis B,2020,RaceEth,White,1.5,Case,2406
Chronic Hepatitis C,2020,RaceEth,A/PI,3.6,Case,619
Chronic Hepatitis C,2020,RaceEth,AI/AN,66.8,Case,1443
Chronic Hepatitis C,2020,RaceEth,Black,25.9,Case,9084
Chronic Hepatitis C,2020,RaceEth,Hispanic,9,Case,3954
Chronic Hepatitis C,2020,RaceEth,White,26.3,Case,43288
Hepatitis A,2021,RaceEth,A/PI,0.4,Case,87
Hepatitis A,2021,RaceEth,AI/AN,1.1,Case,27
Hepatitis A,2021,RaceEth,Black,1.4,Case,585
Hepatitis A,2021,RaceEth,Hispanic,0.7,Case,411
Hepatitis A,2021,RaceEth,White,2.1,Case,4044
Acute Hepatitis B,2021,RaceEth,A/PI,0.2,Case,48
Acute Hepatitis B,2021,RaceEth,AI/AN,0.4,Case,11
Acute Hepatitis B,2021,RaceEth,Black,0.9,Case,368
Acute Hepatitis B,2021,RaceEth,Hispanic,0.4,Case,224
Acute Hepatitis B,2021,RaceEth,White,0.6,Case,1205
Acute Hepatitis C,2021,RaceEth,A/PI,0.3,Case,67
Acute Hepatitis C,2021,RaceEth,AI/AN,2.7,Case,55
Acute Hepatitis C,2021,RaceEth,Black,1.4,Case,561
Acute Hepatitis C,2021,RaceEth,Hispanic,0.9,Case,549
Acute Hepatitis C,2021,RaceEth,White,1.6,Case,3097
Chronic Hepatitis B,2021,RaceEth,A/PI,27,Case,3075
Chronic Hepatitis B,2021,RaceEth,AI/AN,2.6,Case,54
Chronic Hepatitis B,2021,RaceEth,Black,7.7,Case,2455
Chronic Hepatitis B,2021,RaceEth,Hispanic,2.1,Case,689
Chronic Hepatitis B,2021,RaceEth,White,1.9,Case,2989
Chronic Hepatitis C,2021,RaceEth,A/PI,4.5,Case,764
Chronic Hepatitis C,2021,RaceEth,AI/AN,68.9,Case,1327
Chronic Hepatitis C,2021,RaceEth,Black,27.9,Case,9537
Chronic Hepatitis C,2021,RaceEth,Hispanic,10,Case,4604
Chronic Hepatitis C,2021,RaceEth,White,29.2,Case,47868
Hepatitis A,2022,RaceEth,A/PI,0.5,Case,98
Hepatitis A,2022,RaceEth,AI/AN,1,Case,25
Hepatitis A,2022,RaceEth,Black,0.8,Case,340
Hepatitis A,2022,RaceEth,Hispanic,0.6,Case,388
Hepatitis A,2022,RaceEth,White,0.6,Case,1245
Acute Hepatitis B,2022,RaceEth,A/PI,0.3,Case,59
Acute Hepatitis B,2022,RaceEth,AI/AN,0.4,Case,10
Acute Hepatitis B,2022,RaceEth,Black,1,Case,414
Acute Hepatitis B,2022,RaceEth,Hispanic,0.4,Case,258
Acute Hepatitis B,2022,RaceEth,White,0.6,Case,1206
Acute Hepatitis C,2022,RaceEth,A/PI,0.3,Case,67
Acute Hepatitis C,2022,RaceEth,AI/AN,2.9,Case,59
Acute Hepatitis C,2022,RaceEth,Black,1.5,Case,615
Acute Hepatitis C,2022,RaceEth,Hispanic,1,Case,582
Acute Hepatitis C,2022,RaceEth,White,1.5,Case,2831
Chronic Hepatitis B,2022,RaceEth,A/PI,20.1,Case,3651
Chronic Hepatitis B,2022,RaceEth,AI/AN,3.2,Case,73
Chronic Hepatitis B,2022,RaceEth,Black,7.7,Case,2759
Chronic Hepatitis B,2022,RaceEth,Hispanic,1.6,Case,817
Chronic Hepatitis B,2022,RaceEth,White,1.8,Case,3112
Chronic Hepatitis C,2022,RaceEth,A/PI,6.5,Case,740
Chronic Hepatitis C,2022,RaceEth,AI/AN,104.8,Case,1834
Chronic Hepatitis C,2022,RaceEth,Black,30.6,Case,9938
Chronic Hepatitis C,2022,RaceEth,Hispanic,13.1,Case,4112
Chronic Hepatitis C,2022,RaceEth,White,31.3,Case,47269
Hepatitis A,2023,RaceEth,A/PI,0.7,Case,147
Hepatitis A,2023,RaceEth,AI/AN,0.3,Case,7
Hepatitis A,2023,RaceEth,Black,0.3,Case,123
Hepatitis A,2023,RaceEth,Hispanic,0.8,Case,492
Hepatitis A,2023,RaceEth,White,0.4,Case,739
Acute Hepatitis B,2023,RaceEth,A/PI,0.4,Case,78
Acute Hepatitis B,2023,RaceEth,AI/AN,0.5,Case,13
Acute Hepatitis B,2023,RaceEth,Black,1.1,Case,466
Acute Hepatitis B,2023,RaceEth,Hispanic,0.5,Case,337
Acute Hepatitis B,2023,RaceEth,White,0.6,Case,1150
Acute Hepatitis C,2023,RaceEth,A/PI,0.4,Case,82
Acute Hepatitis C,2023,RaceEth,AI/AN,3.5,Case,72
Acute Hepatitis C,2023,RaceEth,Black,1.7,Case,708
Acute Hepatitis C,2023,RaceEth,Hispanic,1.2,Case,738
Acute Hepatitis C,2023,RaceEth,White,1.5,Case,2779
Chronic Hepatitis B,2023,RaceEth,A/PI,18.9,Case,3494
Chronic Hepatitis B,2023,RaceEth,AI/AN,2.1,Case,48
Chronic Hepatitis B,2023,RaceEth,Black,9.5,Case,3430
Chronic Hepatitis B,2023,RaceEth,Hispanic,2,Case,1054
Chronic Hepatitis B,2023,RaceEth,White,1.9,Case,3279
Chronic Hepatitis C,2023,RaceEth,A/PI,5.3,Case,969
Chronic Hepatitis C,2023,RaceEth,AI/AN,99.4,Case,1918
Chronic Hepatitis C,2023,RaceEth,Black,27.5,Case,9738
Chronic Hepatitis C,2023,RaceEth,Hispanic,11.7,Case,5742
Chronic Hepatitis C,2023,RaceEth,White,30,Case,50604
Chronic Hepatitis B,2011,SexAgeGroups,Female_0-19,NA,Case,548
Chronic Hepatitis B,2011,SexAgeGroups,Female_20-29,NA,Case,1922
Chronic Hepatitis B,2011,SexAgeGroups,Female_30-39,NA,Case,2466
Chronic Hepatitis B,2011,SexAgeGroups,Female_40-49,NA,Case,1713
Chronic Hepatitis B,2011,SexAgeGroups,Female_50-59,NA,Case,1275
Chronic Hepatitis B,2011,SexAgeGroups,Female_60+,NA,Case,1043
Chronic Hepatitis B,2011,SexAgeGroups,Male_0-19,NA,Case,593
Chronic Hepatitis B,2011,SexAgeGroups,Male_20-29,NA,Case,1574
Chronic Hepatitis B,2011,SexAgeGroups,Male_30-39,NA,Case,2543
Chronic Hepatitis B,2011,SexAgeGroups,Male_40-49,NA,Case,2683
Chronic Hepatitis B,2011,SexAgeGroups,Male_50-59,NA,Case,2110
Chronic Hepatitis B,2011,SexAgeGroups,Male_60+,NA,Case,1395
Chronic Hepatitis C,2011,SexAgeGroups,Female_0-19,NA,Case,1024
Chronic Hepatitis C,2011,SexAgeGroups,Female_20-29,NA,Case,6660
Chronic Hepatitis C,2011,SexAgeGroups,Female_30-39,NA,Case,5638
Chronic Hepatitis C,2011,SexAgeGroups,Female_40-49,NA,Case,8844
Chronic Hepatitis C,2011,SexAgeGroups,Female_50-59,NA,Case,13224
Chronic Hepatitis C,2011,SexAgeGroups,Female_60+,NA,Case,7094
Chronic Hepatitis C,2011,SexAgeGroups,Male_0-19,NA,Case,803
Chronic Hepatitis C,2011,SexAgeGroups,Male_20-29,NA,Case,6971
Chronic Hepatitis C,2011,SexAgeGroups,Male_30-39,NA,Case,8292
Chronic Hepatitis C,2011,SexAgeGroups,Male_40-49,NA,Case,14946
Chronic Hepatitis C,2011,SexAgeGroups,Male_50-59,NA,Case,27989
Chronic Hepatitis C,2011,SexAgeGroups,Male_60+,NA,Case,12345
Chronic Hepatitis B,2012,SexAgeGroups,Female_0-19,NA,Case,400
Chronic Hepatitis B,2012,SexAgeGroups,Female_20-29,NA,Case,1903
Chronic Hepatitis B,2012,SexAgeGroups,Female_30-39,NA,Case,2111
Chronic Hepatitis B,2012,SexAgeGroups,Female_40-49,NA,Case,1394
Chronic Hepatitis B,2012,SexAgeGroups,Female_50-59,NA,Case,1149
Chronic Hepatitis B,2012,SexAgeGroups,Female_60+,NA,Case,980
Chronic Hepatitis B,2012,SexAgeGroups,Male_0-19,NA,Case,339
Chronic Hepatitis B,2012,SexAgeGroups,Male_20-29,NA,Case,1566
Chronic Hepatitis B,2012,SexAgeGroups,Male_30-39,NA,Case,2276
Chronic Hepatitis B,2012,SexAgeGroups,Male_40-49,NA,Case,2347
Chronic Hepatitis B,2012,SexAgeGroups,Male_50-59,NA,Case,1850
Chronic Hepatitis B,2012,SexAgeGroups,Male_60+,NA,Case,1340
Chronic Hepatitis C,2012,SexAgeGroups,Female_0-19,NA,Case,1102
Chronic Hepatitis C,2012,SexAgeGroups,Female_20-29,NA,Case,8906
Chronic Hepatitis C,2012,SexAgeGroups,Female_30-39,NA,Case,6869
Chronic Hepatitis C,2012,SexAgeGroups,Female_40-49,NA,Case,8330
Chronic Hepatitis C,2012,SexAgeGroups,Female_50-59,NA,Case,13458
Chronic Hepatitis C,2012,SexAgeGroups,Female_60+,NA,Case,7550
Chronic Hepatitis C,2012,SexAgeGroups,Male_0-19,NA,Case,924
Chronic Hepatitis C,2012,SexAgeGroups,Male_20-29,NA,Case,8266
Chronic Hepatitis C,2012,SexAgeGroups,Male_30-39,NA,Case,9239
Chronic Hepatitis C,2012,SexAgeGroups,Male_40-49,NA,Case,13537
Chronic Hepatitis C,2012,SexAgeGroups,Male_50-59,NA,Case,26921
Chronic Hepatitis C,2012,SexAgeGroups,Male_60+,NA,Case,13739
Chronic Hepatitis B,2013,SexAgeGroups,Female_0-19,NA,Case,415
Chronic Hepatitis B,2013,SexAgeGroups,Female_20-29,NA,Case,2448
Chronic Hepatitis B,2013,SexAgeGroups,Female_30-39,NA,Case,2498
Chronic Hepatitis B,2013,SexAgeGroups,Female_40-49,NA,Case,1731
Chronic Hepatitis B,2013,SexAgeGroups,Female_50-59,NA,Case,1451
Chronic Hepatitis B,2013,SexAgeGroups,Female_60+,NA,Case,1284
Chronic Hepatitis B,2013,SexAgeGroups,Male_0-19,NA,Case,439
Chronic Hepatitis B,2013,SexAgeGroups,Male_20-29,NA,Case,2097
Chronic Hepatitis B,2013,SexAgeGroups,Male_30-39,NA,Case,3177
Chronic Hepatitis B,2013,SexAgeGroups,Male_40-49,NA,Case,2786
Chronic Hepatitis B,2013,SexAgeGroups,Male_50-59,NA,Case,2161
Chronic Hepatitis B,2013,SexAgeGroups,Male_60+,NA,Case,1512
Chronic Hepatitis C,2013,SexAgeGroups,Female_0-19,NA,Case,1203
Chronic Hepatitis C,2013,SexAgeGroups,Female_20-29,NA,Case,10625
Chronic Hepatitis C,2013,SexAgeGroups,Female_30-39,NA,Case,7904
Chronic Hepatitis C,2013,SexAgeGroups,Female_40-49,NA,Case,7465
Chronic Hepatitis C,2013,SexAgeGroups,Female_50-59,NA,Case,12309
Chronic Hepatitis C,2013,SexAgeGroups,Female_60+,NA,Case,7965
Chronic Hepatitis C,2013,SexAgeGroups,Male_0-19,NA,Case,920
Chronic Hepatitis C,2013,SexAgeGroups,Male_20-29,NA,Case,10457
Chronic Hepatitis C,2013,SexAgeGroups,Male_30-39,NA,Case,10703
Chronic Hepatitis C,2013,SexAgeGroups,Male_40-49,NA,Case,12288
Chronic Hepatitis C,2013,SexAgeGroups,Male_50-59,NA,Case,24093
Chronic Hepatitis C,2013,SexAgeGroups,Male_60+,NA,Case,14984
Chronic Hepatitis B,2014,SexAgeGroups,Female_0-19,NA,Case,157
Chronic Hepatitis B,2014,SexAgeGroups,Female_20-29,NA,Case,1085
Chronic Hepatitis B,2014,SexAgeGroups,Female_30-39,NA,Case,1408
Chronic Hepatitis B,2014,SexAgeGroups,Female_40-49,NA,Case,957
Chronic Hepatitis B,2014,SexAgeGroups,Female_50-59,NA,Case,918
Chronic Hepatitis B,2014,SexAgeGroups,Female_60+,NA,Case,774
Chronic Hepatitis B,2014,SexAgeGroups,Male_0-19,NA,Case,152
Chronic Hepatitis B,2014,SexAgeGroups,Male_20-29,NA,Case,844
Chronic Hepatitis B,2014,SexAgeGroups,Male_30-39,NA,Case,1549
Chronic Hepatitis B,2014,SexAgeGroups,Male_40-49,NA,Case,1523
Chronic Hepatitis B,2014,SexAgeGroups,Male_50-59,NA,Case,1403
Chronic Hepatitis B,2014,SexAgeGroups,Male_60+,NA,Case,1110
Chronic Hepatitis C,2014,SexAgeGroups,Female_0-19,NA,Case,1316
Chronic Hepatitis C,2014,SexAgeGroups,Female_20-29,NA,Case,14012
Chronic Hepatitis C,2014,SexAgeGroups,Female_30-39,NA,Case,10680
Chronic Hepatitis C,2014,SexAgeGroups,Female_40-49,NA,Case,8883
Chronic Hepatitis C,2014,SexAgeGroups,Female_50-59,NA,Case,15780
Chronic Hepatitis C,2014,SexAgeGroups,Female_60+,NA,Case,11243
Chronic Hepatitis C,2014,SexAgeGroups,Male_0-19,NA,Case,1080
Chronic Hepatitis C,2014,SexAgeGroups,Male_20-29,NA,Case,14733
Chronic Hepatitis C,2014,SexAgeGroups,Male_30-39,NA,Case,15245
Chronic Hepatitis C,2014,SexAgeGroups,Male_40-49,NA,Case,14601
Chronic Hepatitis C,2014,SexAgeGroups,Male_50-59,NA,Case,29176
Chronic Hepatitis C,2014,SexAgeGroups,Male_60+,NA,Case,21102
Chronic Hepatitis B,2015,SexAgeGroups,Female_0-19,NA,Case,158
Chronic Hepatitis B,2015,SexAgeGroups,Female_20-29,NA,Case,1149
Chronic Hepatitis B,2015,SexAgeGroups,Female_30-39,NA,Case,1697
Chronic Hepatitis B,2015,SexAgeGroups,Female_40-49,NA,Case,1112
Chronic Hepatitis B,2015,SexAgeGroups,Female_50-59,NA,Case,957
Chronic Hepatitis B,2015,SexAgeGroups,Female_60+,NA,Case,908
Chronic Hepatitis B,2015,SexAgeGroups,Male_0-19,NA,Case,192
Chronic Hepatitis B,2015,SexAgeGroups,Male_20-29,NA,Case,997
Chronic Hepatitis B,2015,SexAgeGroups,Male_30-39,NA,Case,1990
Chronic Hepatitis B,2015,SexAgeGroups,Male_40-49,NA,Case,1915
Chronic Hepatitis B,2015,SexAgeGroups,Male_50-59,NA,Case,1745
Chronic Hepatitis B,2015,SexAgeGroups,Male_60+,NA,Case,1271
Chronic Hepatitis C,2015,SexAgeGroups,Female_0-19,NA,Case,1305
Chronic Hepatitis C,2015,SexAgeGroups,Female_20-29,NA,Case,15384
Chronic Hepatitis C,2015,SexAgeGroups,Female_30-39,NA,Case,13022
Chronic Hepatitis C,2015,SexAgeGroups,Female_40-49,NA,Case,9250
Chronic Hepatitis C,2015,SexAgeGroups,Female_50-59,NA,Case,16504
Chronic Hepatitis C,2015,SexAgeGroups,Female_60+,NA,Case,12775
Chronic Hepatitis C,2015,SexAgeGroups,Male_0-19,NA,Case,1040
Chronic Hepatitis C,2015,SexAgeGroups,Male_20-29,NA,Case,17189
Chronic Hepatitis C,2015,SexAgeGroups,Male_30-39,NA,Case,18426
Chronic Hepatitis C,2015,SexAgeGroups,Male_40-49,NA,Case,15498
Chronic Hepatitis C,2015,SexAgeGroups,Male_50-59,NA,Case,31058
Chronic Hepatitis C,2015,SexAgeGroups,Male_60+,NA,Case,25829
Chronic Hepatitis B,2016,SexAgeGroups,Female_0-19,NA,Case,193
Chronic Hepatitis B,2016,SexAgeGroups,Female_20-29,NA,Case,1221
Chronic Hepatitis B,2016,SexAgeGroups,Female_30-39,NA,Case,1682
Chronic Hepatitis B,2016,SexAgeGroups,Female_40-49,NA,Case,1157
Chronic Hepatitis B,2016,SexAgeGroups,Female_50-59,NA,Case,997
Chronic Hepatitis B,2016,SexAgeGroups,Female_60+,NA,Case,984
Chronic Hepatitis B,2016,SexAgeGroups,Male_0-19,NA,Case,220
Chronic Hepatitis B,2016,SexAgeGroups,Male_20-29,NA,Case,933
Chronic Hepatitis B,2016,SexAgeGroups,Male_30-39,NA,Case,2042
Chronic Hepatitis B,2016,SexAgeGroups,Male_40-49,NA,Case,1940
Chronic Hepatitis B,2016,SexAgeGroups,Male_50-59,NA,Case,1741
Chronic Hepatitis B,2016,SexAgeGroups,Male_60+,NA,Case,1388
Chronic Hepatitis C,2016,SexAgeGroups,Female_0-19,NA,Case,996
Chronic Hepatitis C,2016,SexAgeGroups,Female_20-29,NA,Case,12358
Chronic Hepatitis C,2016,SexAgeGroups,Female_30-39,NA,Case,11013
Chronic Hepatitis C,2016,SexAgeGroups,Female_40-49,NA,Case,7157
Chronic Hepatitis C,2016,SexAgeGroups,Female_50-59,NA,Case,12271
Chronic Hepatitis C,2016,SexAgeGroups,Female_60+,NA,Case,10453
Chronic Hepatitis C,2016,SexAgeGroups,Male_0-19,NA,Case,751
Chronic Hepatitis C,2016,SexAgeGroups,Male_20-29,NA,Case,13852
Chronic Hepatitis C,2016,SexAgeGroups,Male_30-39,NA,Case,16247
Chronic Hepatitis C,2016,SexAgeGroups,Male_40-49,NA,Case,12345
Chronic Hepatitis C,2016,SexAgeGroups,Male_50-59,NA,Case,23951
Chronic Hepatitis C,2016,SexAgeGroups,Male_60+,NA,Case,22176
Chronic Hepatitis B,2017,SexAgeGroups,Female_0-19,NA,Case,156
Chronic Hepatitis B,2017,SexAgeGroups,Female_20-29,NA,Case,1026
Chronic Hepatitis B,2017,SexAgeGroups,Female_30-39,NA,Case,1579
Chronic Hepatitis B,2017,SexAgeGroups,Female_40-49,NA,Case,985
Chronic Hepatitis B,2017,SexAgeGroups,Female_50-59,NA,Case,914
Chronic Hepatitis B,2017,SexAgeGroups,Female_60+,NA,Case,1049
Chronic Hepatitis B,2017,SexAgeGroups,Male_0-19,NA,Case,164
Chronic Hepatitis B,2017,SexAgeGroups,Male_20-29,NA,Case,786
Chronic Hepatitis B,2017,SexAgeGroups,Male_30-39,NA,Case,1772
Chronic Hepatitis B,2017,SexAgeGroups,Male_40-49,NA,Case,1738
Chronic Hepatitis B,2017,SexAgeGroups,Male_50-59,NA,Case,1477
Chronic Hepatitis B,2017,SexAgeGroups,Male_60+,NA,Case,1428
Chronic Hepatitis C,2017,SexAgeGroups,Female_0-19,NA,Case,908
Chronic Hepatitis C,2017,SexAgeGroups,Female_20-29,NA,Case,11441
Chronic Hepatitis C,2017,SexAgeGroups,Female_30-39,NA,Case,11352
Chronic Hepatitis C,2017,SexAgeGroups,Female_40-49,NA,Case,6861
Chronic Hepatitis C,2017,SexAgeGroups,Female_50-59,NA,Case,11189
Chronic Hepatitis C,2017,SexAgeGroups,Female_60+,NA,Case,11010
Chronic Hepatitis C,2017,SexAgeGroups,Male_0-19,NA,Case,568
Chronic Hepatitis C,2017,SexAgeGroups,Male_20-29,NA,Case,13773
Chronic Hepatitis C,2017,SexAgeGroups,Male_30-39,NA,Case,16912
Chronic Hepatitis C,2017,SexAgeGroups,Male_40-49,NA,Case,11942
Chronic Hepatitis C,2017,SexAgeGroups,Male_50-59,NA,Case,21344
Chronic Hepatitis C,2017,SexAgeGroups,Male_60+,NA,Case,22905
Chronic Hepatitis B,2018,SexAgeGroups,Female_0-19,NA,Case,132
Chronic Hepatitis B,2018,SexAgeGroups,Female_20-29,NA,Case,988
Chronic Hepatitis B,2018,SexAgeGroups,Female_30-39,NA,Case,1569
Chronic Hepatitis B,2018,SexAgeGroups,Female_40-49,NA,Case,1009
Chronic Hepatitis B,2018,SexAgeGroups,Female_50-59,NA,Case,989
Chronic Hepatitis B,2018,SexAgeGroups,Female_60+,NA,Case,1142
Chronic Hepatitis B,2018,SexAgeGroups,Male_0-19,NA,Case,144
Chronic Hepatitis B,2018,SexAgeGroups,Male_20-29,NA,Case,747
Chronic Hepatitis B,2018,SexAgeGroups,Male_30-39,NA,Case,1927
Chronic Hepatitis B,2018,SexAgeGroups,Male_40-49,NA,Case,2015
Chronic Hepatitis B,2018,SexAgeGroups,Male_50-59,NA,Case,1697
Chronic Hepatitis B,2018,SexAgeGroups,Male_60+,NA,Case,1678
Chronic Hepatitis C,2018,SexAgeGroups,Female_0-19,NA,Case,782
Chronic Hepatitis C,2018,SexAgeGroups,Female_20-29,NA,Case,11363
Chronic Hepatitis C,2018,SexAgeGroups,Female_30-39,NA,Case,12394
Chronic Hepatitis C,2018,SexAgeGroups,Female_40-49,NA,Case,6763
Chronic Hepatitis C,2018,SexAgeGroups,Female_50-59,NA,Case,9567
Chronic Hepatitis C,2018,SexAgeGroups,Female_60+,NA,Case,9788
Chronic Hepatitis C,2018,SexAgeGroups,Male_0-19,NA,Case,516
Chronic Hepatitis C,2018,SexAgeGroups,Male_20-29,NA,Case,13938
Chronic Hepatitis C,2018,SexAgeGroups,Male_30-39,NA,Case,19773
Chronic Hepatitis C,2018,SexAgeGroups,Male_40-49,NA,Case,12897
Chronic Hepatitis C,2018,SexAgeGroups,Male_50-59,NA,Case,18771
Chronic Hepatitis C,2018,SexAgeGroups,Male_60+,NA,Case,20637
Chronic Hepatitis B,2019,SexAgeGroups,Female_0-19,NA,Case,134
Chronic Hepatitis B,2019,SexAgeGroups,Female_20-29,NA,Case,952
Chronic Hepatitis B,2019,SexAgeGroups,Female_30-39,NA,Case,1572
Chronic Hepatitis B,2019,SexAgeGroups,Female_40-49,NA,Case,1077
Chronic Hepatitis B,2019,SexAgeGroups,Female_50-59,NA,Case,940
Chronic Hepatitis B,2019,SexAgeGroups,Female_60+,NA,Case,1174
Chronic Hepatitis B,2019,SexAgeGroups,Male_0-19,NA,Case,130
Chronic Hepatitis B,2019,SexAgeGroups,Male_20-29,NA,Case,749
Chronic Hepatitis B,2019,SexAgeGroups,Male_30-39,NA,Case,1913
Chronic Hepatitis B,2019,SexAgeGroups,Male_40-49,NA,Case,1938
Chronic Hepatitis B,2019,SexAgeGroups,Male_50-59,NA,Case,1621
Chronic Hepatitis B,2019,SexAgeGroups,Male_60+,NA,Case,1629
Chronic Hepatitis C,2019,SexAgeGroups,Female_0-19,NA,Case,551
Chronic Hepatitis C,2019,SexAgeGroups,Female_20-29,NA,Case,9092
Chronic Hepatitis C,2019,SexAgeGroups,Female_30-39,NA,Case,11379
Chronic Hepatitis C,2019,SexAgeGroups,Female_40-49,NA,Case,6294
Chronic Hepatitis C,2019,SexAgeGroups,Female_50-59,NA,Case,7554
Chronic Hepatitis C,2019,SexAgeGroups,Female_60+,NA,Case,8437
Chronic Hepatitis C,2019,SexAgeGroups,Male_0-19,NA,Case,397
Chronic Hepatitis C,2019,SexAgeGroups,Male_20-29,NA,Case,12127
Chronic Hepatitis C,2019,SexAgeGroups,Male_30-39,NA,Case,19928
Chronic Hepatitis C,2019,SexAgeGroups,Male_40-49,NA,Case,12700
Chronic Hepatitis C,2019,SexAgeGroups,Male_50-59,NA,Case,15146
Chronic Hepatitis C,2019,SexAgeGroups,Male_60+,NA,Case,17641
Chronic Hepatitis B,2020,SexAgeGroups,Female_0-19,NA,Case,94
Chronic Hepatitis B,2020,SexAgeGroups,Female_20-29,NA,Case,711
Chronic Hepatitis B,2020,SexAgeGroups,Female_30-39,NA,Case,1374
Chronic Hepatitis B,2020,SexAgeGroups,Female_40-49,NA,Case,935
Chronic Hepatitis B,2020,SexAgeGroups,Female_50-59,NA,Case,796
Chronic Hepatitis B,2020,SexAgeGroups,Female_60+,NA,Case,1073
Chronic Hepatitis B,2020,SexAgeGroups,Male_0-19,NA,Case,78
Chronic Hepatitis B,2020,SexAgeGroups,Male_20-29,NA,Case,532
Chronic Hepatitis B,2020,SexAgeGroups,Male_30-39,NA,Case,1463
Chronic Hepatitis B,2020,SexAgeGroups,Male_40-49,NA,Case,1614
Chronic Hepatitis B,2020,SexAgeGroups,Male_50-59,NA,Case,1466
Chronic Hepatitis B,2020,SexAgeGroups,Male_60+,NA,Case,1448
Chronic Hepatitis C,2020,SexAgeGroups,Female_0-19,NA,Case,403
Chronic Hepatitis C,2020,SexAgeGroups,Female_20-29,NA,Case,6559
Chronic Hepatitis C,2020,SexAgeGroups,Female_30-39,NA,Case,9439
Chronic Hepatitis C,2020,SexAgeGroups,Female_40-49,NA,Case,5620
Chronic Hepatitis C,2020,SexAgeGroups,Female_50-59,NA,Case,6348
Chronic Hepatitis C,2020,SexAgeGroups,Female_60+,NA,Case,7544
Chronic Hepatitis C,2020,SexAgeGroups,Male_0-19,NA,Case,312
Chronic Hepatitis C,2020,SexAgeGroups,Male_20-29,NA,Case,9420
Chronic Hepatitis C,2020,SexAgeGroups,Male_30-39,NA,Case,16655
Chronic Hepatitis C,2020,SexAgeGroups,Male_40-49,NA,Case,10739
Chronic Hepatitis C,2020,SexAgeGroups,Male_50-59,NA,Case,12078
Chronic Hepatitis C,2020,SexAgeGroups,Male_60+,NA,Case,15644
Chronic Hepatitis B,2021,SexAgeGroups,Female_0-19,NA,Case,107
Chronic Hepatitis B,2021,SexAgeGroups,Female_20-29,NA,Case,738
Chronic Hepatitis B,2021,SexAgeGroups,Female_30-39,NA,Case,1562
Chronic Hepatitis B,2021,SexAgeGroups,Female_40-49,NA,Case,1223
Chronic Hepatitis B,2021,SexAgeGroups,Female_50-59,NA,Case,1065
Chronic Hepatitis B,2021,SexAgeGroups,Female_60+,NA,Case,1344
Chronic Hepatitis B,2021,SexAgeGroups,Male_0-19,NA,Case,83
Chronic Hepatitis B,2021,SexAgeGroups,Male_20-29,NA,Case,583
Chronic Hepatitis B,2021,SexAgeGroups,Male_30-39,NA,Case,1904
Chronic Hepatitis B,2021,SexAgeGroups,Male_40-49,NA,Case,2074
Chronic Hepatitis B,2021,SexAgeGroups,Male_50-59,NA,Case,1735
Chronic Hepatitis B,2021,SexAgeGroups,Male_60+,NA,Case,1788
Chronic Hepatitis C,2021,SexAgeGroups,Female_0-19,NA,Case,477
Chronic Hepatitis C,2021,SexAgeGroups,Female_20-29,NA,Case,5713
Chronic Hepatitis C,2021,SexAgeGroups,Female_30-39,NA,Case,9525
Chronic Hepatitis C,2021,SexAgeGroups,Female_40-49,NA,Case,5989
Chronic Hepatitis C,2021,SexAgeGroups,Female_50-59,NA,Case,5900
Chronic Hepatitis C,2021,SexAgeGroups,Female_60+,NA,Case,7922
Chronic Hepatitis C,2021,SexAgeGroups,Male_0-19,NA,Case,457
Chronic Hepatitis C,2021,SexAgeGroups,Male_20-29,NA,Case,9090
Chronic Hepatitis C,2021,SexAgeGroups,Male_30-39,NA,Case,17959
Chronic Hepatitis C,2021,SexAgeGroups,Male_40-49,NA,Case,12042
Chronic Hepatitis C,2021,SexAgeGroups,Male_50-59,NA,Case,11551
Chronic Hepatitis C,2021,SexAgeGroups,Male_60+,NA,Case,16153
Chronic Hepatitis B,2022,SexAgeGroups,Female_0-19,NA,Case,151
Chronic Hepatitis B,2022,SexAgeGroups,Female_20-29,NA,Case,904
Chronic Hepatitis B,2022,SexAgeGroups,Female_30-39,NA,Case,1885
Chronic Hepatitis B,2022,SexAgeGroups,Female_40-49,NA,Case,1466
Chronic Hepatitis B,2022,SexAgeGroups,Female_50-59,NA,Case,1239
Chronic Hepatitis B,2022,SexAgeGroups,Female_60+,NA,Case,1679
Chronic Hepatitis B,2022,SexAgeGroups,Male_0-19,NA,Case,102
Chronic Hepatitis B,2022,SexAgeGroups,Male_20-29,NA,Case,660
Chronic Hepatitis B,2022,SexAgeGroups,Male_30-39,NA,Case,1988
Chronic Hepatitis B,2022,SexAgeGroups,Male_40-49,NA,Case,2431
Chronic Hepatitis B,2022,SexAgeGroups,Male_50-59,NA,Case,1964
Chronic Hepatitis B,2022,SexAgeGroups,Male_60+,NA,Case,2198
Chronic Hepatitis C,2022,SexAgeGroups,Female_0-19,NA,Case,411
Chronic Hepatitis C,2022,SexAgeGroups,Female_20-29,NA,Case,4369
Chronic Hepatitis C,2022,SexAgeGroups,Female_30-39,NA,Case,8808
Chronic Hepatitis C,2022,SexAgeGroups,Female_40-49,NA,Case,6095
Chronic Hepatitis C,2022,SexAgeGroups,Female_50-59,NA,Case,5410
Chronic Hepatitis C,2022,SexAgeGroups,Female_60+,NA,Case,7352
Chronic Hepatitis C,2022,SexAgeGroups,Male_0-19,NA,Case,473
Chronic Hepatitis C,2022,SexAgeGroups,Male_20-29,NA,Case,6401
Chronic Hepatitis C,2022,SexAgeGroups,Male_30-39,NA,Case,16217
Chronic Hepatitis C,2022,SexAgeGroups,Male_40-49,NA,Case,12196
Chronic Hepatitis C,2022,SexAgeGroups,Male_50-59,NA,Case,10289
Chronic Hepatitis C,2022,SexAgeGroups,Male_60+,NA,Case,14854
Chronic Hepatitis B,2023,SexAgeGroups,Female_0-19,NA,Case,118
Chronic Hepatitis B,2023,SexAgeGroups,Female_20-29,NA,Case,919
Chronic Hepatitis B,2023,SexAgeGroups,Female_30-39,NA,Case,1745
Chronic Hepatitis B,2023,SexAgeGroups,Female_40-49,NA,Case,1499
Chronic Hepatitis B,2023,SexAgeGroups,Female_50-59,NA,Case,1357
Chronic Hepatitis B,2023,SexAgeGroups,Female_60+,NA,Case,1848
Chronic Hepatitis B,2023,SexAgeGroups,Male_0-19,NA,Case,129
Chronic Hepatitis B,2023,SexAgeGroups,Male_20-29,NA,Case,853
Chronic Hepatitis B,2023,SexAgeGroups,Male_30-39,NA,Case,2217
Chronic Hepatitis B,2023,SexAgeGroups,Male_40-49,NA,Case,2566
Chronic Hepatitis B,2023,SexAgeGroups,Male_50-59,NA,Case,2056
Chronic Hepatitis B,2023,SexAgeGroups,Male_60+,NA,Case,2317
Chronic Hepatitis C,2023,SexAgeGroups,Female_0-19,NA,Case,351
Chronic Hepatitis C,2023,SexAgeGroups,Female_20-29,NA,Case,3902
Chronic Hepatitis C,2023,SexAgeGroups,Female_30-39,NA,Case,9222
Chronic Hepatitis C,2023,SexAgeGroups,Female_40-49,NA,Case,6961
Chronic Hepatitis C,2023,SexAgeGroups,Female_50-59,NA,Case,5638
Chronic Hepatitis C,2023,SexAgeGroups,Female_60+,NA,Case,8227
Chronic Hepatitis C,2023,SexAgeGroups,Male_0-19,NA,Case,334
Chronic Hepatitis C,2023,SexAgeGroups,Male_20-29,NA,Case,6673
Chronic Hepatitis C,2023,SexAgeGroups,Male_30-39,NA,Case,18330
Chronic Hepatitis C,2023,SexAgeGroups,Male_40-49,NA,Case,13960
Chronic Hepatitis C,2023,SexAgeGroups,Male_50-59,NA,Case,11073
Chronic Hepatitis C,2023,SexAgeGroups,Male_60+,NA,Case,16318
Hepatitis A,2011,Injection Drug Use,Yes,NA,Case,15
Hepatitis A,2012,Injection Drug Use,Yes,NA,Case,13
Hepatitis A,2013,Injection Drug Use,Yes,NA,Case,25
Hepatitis A,2014,Injection Drug Use,Yes,NA,Case,17
Hepatitis A,2015,Injection Drug Use,Yes,NA,Case,18
Hepatitis A,2016,Injection Drug Use,Yes,NA,Case,19
Hepatitis A,2017,Injection Drug Use,Yes,NA,Case,349
Hepatitis A,2018,Injection Drug Use,Yes,NA,Case,4247
Hepatitis A,2019,Injection Drug Use,Yes,NA,Case,5017
Hepatitis A,2020,Injection Drug Use,Yes,NA,Case,2339
Hepatitis A,2021,Injection Drug Use,Yes,NA,Case,1341
Hepatitis A,2022,Injection Drug Use,Yes,NA,Case,299
Hepatitis A,2023,Injection Drug Use,Yes,NA,Case,70
Hepatitis A,2011,Injection Drug Use,No,NA,Case,497
Hepatitis A,2012,Injection Drug Use,No,NA,Case,555
Hepatitis A,2013,Injection Drug Use,No,NA,Case,603
Hepatitis A,2014,Injection Drug Use,No,NA,Case,411
Hepatitis A,2015,Injection Drug Use,No,NA,Case,502
Hepatitis A,2016,Injection Drug Use,No,NA,Case,525
Hepatitis A,2017,Injection Drug Use,No,NA,Case,1119
Hepatitis A,2018,Injection Drug Use,No,NA,Case,4224
Hepatitis A,2019,Injection Drug Use,No,NA,Case,5974
Hepatitis A,2020,Injection Drug Use,No,NA,Case,2477
Hepatitis A,2021,Injection Drug Use,No,NA,Case,1685
Hepatitis A,2022,Injection Drug Use,No,NA,Case,628
Hepatitis A,2023,Injection Drug Use,No,NA,Case,593
Hepatitis A,2011,Injection Drug Use,Missing/Unknown,NA,Case,886
Hepatitis A,2012,Injection Drug Use,Missing/Unknown,NA,Case,994
Hepatitis A,2013,Injection Drug Use,Missing/Unknown,NA,Case,1153
Hepatitis A,2014,Injection Drug Use,Missing/Unknown,NA,Case,811
Hepatitis A,2015,Injection Drug Use,Missing/Unknown,NA,Case,870
Hepatitis A,2016,Injection Drug Use,Missing/Unknown,NA,Case,1463
Hepatitis A,2017,Injection Drug Use,Missing/Unknown,NA,Case,1898
Hepatitis A,2018,Injection Drug Use,Missing/Unknown,NA,Case,4003
Hepatitis A,2019,Injection Drug Use,Missing/Unknown,NA,Case,7855
Hepatitis A,2020,Injection Drug Use,Missing/Unknown,NA,Case,5136
Hepatitis A,2021,Injection Drug Use,Missing/Unknown,NA,Case,2702
Hepatitis A,2022,Injection Drug Use,Missing/Unknown,NA,Case,1338
Hepatitis A,2023,Injection Drug Use,Missing/Unknown,NA,Case,985
Hepatitis A,2011,Sexual Contact,Yes,NA,Case,7
Hepatitis A,2012,Sexual Contact,Yes,NA,Case,15
Hepatitis A,2013,Sexual Contact,Yes,NA,Case,20
Hepatitis A,2014,Sexual Contact,Yes,NA,Case,4
Hepatitis A,2015,Sexual Contact,Yes,NA,Case,7
Hepatitis A,2016,Sexual Contact,Yes,NA,Case,11
Hepatitis A,2017,Sexual Contact,Yes,NA,Case,70
Hepatitis A,2018,Sexual Contact,Yes,NA,Case,299
Hepatitis A,2019,Sexual Contact,Yes,NA,Case,693
Hepatitis A,2020,Sexual Contact,Yes,NA,Case,373
Hepatitis A,2021,Sexual Contact,Yes,NA,Case,147
Hepatitis A,2022,Sexual Contact,Yes,NA,Case,51
Hepatitis A,2023,Sexual Contact,Yes,NA,Case,15
Hepatitis A,2011,Sexual Contact,No,NA,Case,547
Hepatitis A,2012,Sexual Contact,No,NA,Case,739
Hepatitis A,2013,Sexual Contact,No,NA,Case,724
Hepatitis A,2014,Sexual Contact,No,NA,Case,447
Hepatitis A,2015,Sexual Contact,No,NA,Case,556
Hepatitis A,2016,Sexual Contact,No,NA,Case,764
Hepatitis A,2017,Sexual Contact,No,NA,Case,971
Hepatitis A,2018,Sexual Contact,No,NA,Case,4728
Hepatitis A,2019,Sexual Contact,No,NA,Case,6928
Hepatitis A,2020,Sexual Contact,No,NA,Case,3527
Hepatitis A,2021,Sexual Contact,No,NA,Case,1630
Hepatitis A,2022,Sexual Contact,No,NA,Case,769
Hepatitis A,2023,Sexual Contact,No,NA,Case,551
Hepatitis A,2011,Sexual Contact,Missing/Unknown,NA,Case,844
Hepatitis A,2012,Sexual Contact,Missing/Unknown,NA,Case,808
Hepatitis A,2013,Sexual Contact,Missing/Unknown,NA,Case,1037
Hepatitis A,2014,Sexual Contact,Missing/Unknown,NA,Case,788
Hepatitis A,2015,Sexual Contact,Missing/Unknown,NA,Case,827
Hepatitis A,2016,Sexual Contact,Missing/Unknown,NA,Case,1232
Hepatitis A,2017,Sexual Contact,Missing/Unknown,NA,Case,2325
Hepatitis A,2018,Sexual Contact,Missing/Unknown,NA,Case,7447
Hepatitis A,2019,Sexual Contact,Missing/Unknown,NA,Case,11225
Hepatitis A,2020,Sexual Contact,Missing/Unknown,NA,Case,6052
Hepatitis A,2021,Sexual Contact,Missing/Unknown,NA,Case,3951
Hepatitis A,2022,Sexual Contact,Missing/Unknown,NA,Case,1445
Hepatitis A,2023,Sexual Contact,Missing/Unknown,NA,Case,1082
Hepatitis A,2011,Household Contact,Yes,NA,Case,20
Hepatitis A,2012,Household Contact,Yes,NA,Case,23
Hepatitis A,2013,Household Contact,Yes,NA,Case,22
Hepatitis A,2014,Household Contact,Yes,NA,Case,4
Hepatitis A,2015,Household Contact,Yes,NA,Case,5
Hepatitis A,2016,Household Contact,Yes,NA,Case,9
Hepatitis A,2017,Household Contact,Yes,NA,Case,46
Hepatitis A,2018,Household Contact,Yes,NA,Case,260
Hepatitis A,2019,Household Contact,Yes,NA,Case,563
Hepatitis A,2020,Household Contact,Yes,NA,Case,266
Hepatitis A,2021,Household Contact,Yes,NA,Case,92
Hepatitis A,2022,Household Contact,Yes,NA,Case,32
Hepatitis A,2023,Household Contact,Yes,NA,Case,8
Hepatitis A,2011,Household Contact,No,NA,Case,534
Hepatitis A,2012,Household Contact,No,NA,Case,731
Hepatitis A,2013,Household Contact,No,NA,Case,722
Hepatitis A,2014,Household Contact,No,NA,Case,447
Hepatitis A,2015,Household Contact,No,NA,Case,558
Hepatitis A,2016,Household Contact,No,NA,Case,766
Hepatitis A,2017,Household Contact,No,NA,Case,995
Hepatitis A,2018,Household Contact,No,NA,Case,4767
Hepatitis A,2019,Household Contact,No,NA,Case,7058
Hepatitis A,2020,Household Contact,No,NA,Case,3634
Hepatitis A,2021,Household Contact,No,NA,Case,1685
Hepatitis A,2022,Household Contact,No,NA,Case,788
Hepatitis A,2023,Household Contact,No,NA,Case,558
Hepatitis A,2011,Household Contact,Missing/Unknown,NA,Case,844
Hepatitis A,2012,Household Contact,Missing/Unknown,NA,Case,808
Hepatitis A,2013,Household Contact,Missing/Unknown,NA,Case,1037
Hepatitis A,2014,Household Contact,Missing/Unknown,NA,Case,788
Hepatitis A,2015,Household Contact,Missing/Unknown,NA,Case,827
Hepatitis A,2016,Household Contact,Missing/Unknown,NA,Case,1232
Hepatitis A,2017,Household Contact,Missing/Unknown,NA,Case,2325
Hepatitis A,2018,Household Contact,Missing/Unknown,NA,Case,7447
Hepatitis A,2019,Household Contact,Missing/Unknown,NA,Case,11225
Hepatitis A,2020,Household Contact,Missing/Unknown,NA,Case,6052
Hepatitis A,2021,Household Contact,Missing/Unknown,NA,Case,3951
Hepatitis A,2022,Household Contact,Missing/Unknown,NA,Case,1445
Hepatitis A,2023,Household Contact,Missing/Unknown,NA,Case,1082
Hepatitis A,2011,Other Contact,Yes,NA,Case,15
Hepatitis A,2012,Other Contact,Yes,NA,Case,23
Hepatitis A,2013,Other Contact,Yes,NA,Case,12
Hepatitis A,2014,Other Contact,Yes,NA,Case,2
Hepatitis A,2015,Other Contact,Yes,NA,Case,2
Hepatitis A,2016,Other Contact,Yes,NA,Case,5
Hepatitis A,2017,Other Contact,Yes,NA,Case,70
Hepatitis A,2018,Other Contact,Yes,NA,Case,312
Hepatitis A,2019,Other Contact,Yes,NA,Case,773
Hepatitis A,2020,Other Contact,Yes,NA,Case,382
Hepatitis A,2021,Other Contact,Yes,NA,Case,162
Hepatitis A,2022,Other Contact,Yes,NA,Case,37
Hepatitis A,2023,Other Contact,Yes,NA,Case,8
Hepatitis A,2011,Other Contact,No,NA,Case,539
Hepatitis A,2012,Other Contact,No,NA,Case,731
Hepatitis A,2013,Other Contact,No,NA,Case,732
Hepatitis A,2014,Other Contact,No,NA,Case,449
Hepatitis A,2015,Other Contact,No,NA,Case,561
Hepatitis A,2016,Other Contact,No,NA,Case,770
Hepatitis A,2017,Other Contact,No,NA,Case,971
Hepatitis A,2018,Other Contact,No,NA,Case,4715
Hepatitis A,2019,Other Contact,No,NA,Case,6848
Hepatitis A,2020,Other Contact,No,NA,Case,3518
Hepatitis A,2021,Other Contact,No,NA,Case,1615
Hepatitis A,2022,Other Contact,No,NA,Case,783
Hepatitis A,2023,Other Contact,No,NA,Case,558
Hepatitis A,2011,Other Contact,Missing/Unknown,NA,Case,844
Hepatitis A,2012,Other Contact,Missing/Unknown,NA,Case,808
Hepatitis A,2013,Other Contact,Missing/Unknown,NA,Case,1037
Hepatitis A,2014,Other Contact,Missing/Unknown,NA,Case,788
Hepatitis A,2015,Other Contact,Missing/Unknown,NA,Case,827
Hepatitis A,2016,Other Contact,Missing/Unknown,NA,Case,1232
Hepatitis A,2017,Other Contact,Missing/Unknown,NA,Case,2325
Hepatitis A,2018,Other Contact,Missing/Unknown,NA,Case,7447
Hepatitis A,2019,Other Contact,Missing/Unknown,NA,Case,11225
Hepatitis A,2020,Other Contact,Missing/Unknown,NA,Case,6052
Hepatitis A,2021,Other Contact,Missing/Unknown,NA,Case,3951
Hepatitis A,2022,Other Contact,Missing/Unknown,NA,Case,1445
Hepatitis A,2023,Other Contact,Missing/Unknown,NA,Case,1082
Hepatitis A,2011,MSM,Yes,NA,Case,2
Hepatitis A,2012,MSM,Yes,NA,Case,4
Hepatitis A,2013,MSM,Yes,NA,Case,4
Hepatitis A,2014,MSM,Yes,NA,Case,4
Hepatitis A,2015,MSM,Yes,NA,Case,4
Hepatitis A,2016,MSM,Yes,NA,Case,8
Hepatitis A,2017,MSM,Yes,NA,Case,160
Hepatitis A,2018,MSM,Yes,NA,Case,194
Hepatitis A,2019,MSM,Yes,NA,Case,201
Hepatitis A,2020,MSM,Yes,NA,Case,179
Hepatitis A,2021,MSM,Yes,NA,Case,116
Hepatitis A,2022,MSM,Yes,NA,Case,35
Hepatitis A,2023,MSM,Yes,NA,Case,31
Hepatitis A,2011,MSM,No,NA,Case,28
Hepatitis A,2012,MSM,No,NA,Case,61
Hepatitis A,2013,MSM,No,NA,Case,69
Hepatitis A,2014,MSM,No,NA,Case,40
Hepatitis A,2015,MSM,No,NA,Case,28
Hepatitis A,2016,MSM,No,NA,Case,94
Hepatitis A,2017,MSM,No,NA,Case,361
Hepatitis A,2018,MSM,No,NA,Case,1362
Hepatitis A,2019,MSM,No,NA,Case,2479
Hepatitis A,2020,MSM,No,NA,Case,2261
Hepatitis A,2021,MSM,No,NA,Case,1257
Hepatitis A,2022,MSM,No,NA,Case,351
Hepatitis A,2023,MSM,No,NA,Case,146
Hepatitis A,2011,MSM,Missing/Unknown,NA,Case,673
Hepatitis A,2012,MSM,Missing/Unknown,NA,Case,704
Hepatitis A,2013,MSM,Missing/Unknown,NA,Case,791
Hepatitis A,2014,MSM,Missing/Unknown,NA,Case,601
Hepatitis A,2015,MSM,Missing/Unknown,NA,Case,694
Hepatitis A,2016,MSM,Missing/Unknown,NA,Case,1005
Hepatitis A,2017,MSM,Missing/Unknown,NA,Case,1688
Hepatitis A,2018,MSM,Missing/Unknown,NA,Case,5941
Hepatitis A,2019,MSM,Missing/Unknown,NA,Case,9144
Hepatitis A,2020,MSM,Missing/Unknown,NA,Case,3701
Hepatitis A,2021,MSM,Missing/Unknown,NA,Case,2221
Hepatitis A,2022,MSM,Missing/Unknown,NA,Case,1086
Hepatitis A,2023,MSM,Missing/Unknown,NA,Case,857
Hepatitis A,2011,International Travel,Yes,NA,Case,233
Hepatitis A,2012,International Travel,Yes,NA,Case,301
Hepatitis A,2013,International Travel,Yes,NA,Case,252
Hepatitis A,2014,International Travel,Yes,NA,Case,192
Hepatitis A,2015,International Travel,Yes,NA,Case,278
Hepatitis A,2016,International Travel,Yes,NA,Case,201
Hepatitis A,2017,International Travel,Yes,NA,Case,247
Hepatitis A,2018,International Travel,Yes,NA,Case,330
Hepatitis A,2019,International Travel,Yes,NA,Case,400
Hepatitis A,2020,International Travel,Yes,NA,Case,122
Hepatitis A,2021,International Travel,Yes,NA,Case,157
Hepatitis A,2022,International Travel,Yes,NA,Case,208
Hepatitis A,2023,International Travel,Yes,NA,Case,376
Hepatitis A,2011,International Travel,No,NA,Case,458
Hepatitis A,2012,International Travel,No,NA,Case,608
Hepatitis A,2013,International Travel,No,NA,Case,702
Hepatitis A,2014,International Travel,No,NA,Case,474
Hepatitis A,2015,International Travel,No,NA,Case,522
Hepatitis A,2016,International Travel,No,NA,Case,778
Hepatitis A,2017,International Travel,No,NA,Case,1212
Hepatitis A,2018,International Travel,No,NA,Case,6848
Hepatitis A,2019,International Travel,No,NA,Case,9774
Hepatitis A,2020,International Travel,No,NA,Case,4221
Hepatitis A,2021,International Travel,No,NA,Case,2430
Hepatitis A,2022,International Travel,No,NA,Case,858
Hepatitis A,2023,International Travel,No,NA,Case,565
Hepatitis A,2011,International Travel,Missing/Unknown,NA,Case,707
Hepatitis A,2012,International Travel,Missing/Unknown,NA,Case,653
Hepatitis A,2013,International Travel,Missing/Unknown,NA,Case,827
Hepatitis A,2014,International Travel,Missing/Unknown,NA,Case,573
Hepatitis A,2015,International Travel,Missing/Unknown,NA,Case,590
Hepatitis A,2016,International Travel,Missing/Unknown,NA,Case,1028
Hepatitis A,2017,International Travel,Missing/Unknown,NA,Case,1907
Hepatitis A,2018,International Travel,Missing/Unknown,NA,Case,5296
Hepatitis A,2019,International Travel,Missing/Unknown,NA,Case,8672
Hepatitis A,2020,International Travel,Missing/Unknown,NA,Case,5609
Hepatitis A,2021,International Travel,Missing/Unknown,NA,Case,3141
Hepatitis A,2022,International Travel,Missing/Unknown,NA,Case,1199
Hepatitis A,2023,International Travel,Missing/Unknown,NA,Case,707
Acute Hepatitis B,2011,Injection Drug Use,Yes,NA,Case,245
Acute Hepatitis B,2012,Injection Drug Use,Yes,NA,Case,280
Acute Hepatitis B,2013,Injection Drug Use,Yes,NA,Case,332
Acute Hepatitis B,2014,Injection Drug Use,Yes,NA,Case,340
Acute Hepatitis B,2015,Injection Drug Use,Yes,NA,Case,502
Acute Hepatitis B,2016,Injection Drug Use,Yes,NA,Case,472
Acute Hepatitis B,2017,Injection Drug Use,Yes,NA,Case,715
Acute Hepatitis B,2018,Injection Drug Use,Yes,NA,Case,549
Acute Hepatitis B,2019,Injection Drug Use,Yes,NA,Case,631
Acute Hepatitis B,2020,Injection Drug Use,Yes,NA,Case,402
Acute Hepatitis B,2021,Injection Drug Use,Yes,NA,Case,289
Acute Hepatitis B,2022,Injection Drug Use,Yes,NA,Case,239
Acute Hepatitis B,2023,Injection Drug Use,Yes,NA,Case,186
Acute Hepatitis B,2011,Injection Drug Use,No,NA,Case,1093
Acute Hepatitis B,2012,Injection Drug Use,No,NA,Case,1065
Acute Hepatitis B,2013,Injection Drug Use,No,NA,Case,1096
Acute Hepatitis B,2014,Injection Drug Use,No,NA,Case,979
Acute Hepatitis B,2015,Injection Drug Use,No,NA,Case,1155
Acute Hepatitis B,2016,Injection Drug Use,No,NA,Case,899
Acute Hepatitis B,2017,Injection Drug Use,No,NA,Case,1213
Acute Hepatitis B,2018,Injection Drug Use,No,NA,Case,969
Acute Hepatitis B,2019,Injection Drug Use,No,NA,Case,1149
Acute Hepatitis B,2020,Injection Drug Use,No,NA,Case,713
Acute Hepatitis B,2021,Injection Drug Use,No,NA,Case,666
Acute Hepatitis B,2022,Injection Drug Use,No,NA,Case,737
Acute Hepatitis B,2023,Injection Drug Use,No,NA,Case,777
Acute Hepatitis B,2011,Injection Drug Use,Missing/Unknown,NA,Case,1565
Acute Hepatitis B,2012,Injection Drug Use,Missing/Unknown,NA,Case,1550
Acute Hepatitis B,2013,Injection Drug Use,Missing/Unknown,NA,Case,1622
Acute Hepatitis B,2014,Injection Drug Use,Missing/Unknown,NA,Case,1472
Acute Hepatitis B,2015,Injection Drug Use,Missing/Unknown,NA,Case,1713
Acute Hepatitis B,2016,Injection Drug Use,Missing/Unknown,NA,Case,1847
Acute Hepatitis B,2017,Injection Drug Use,Missing/Unknown,NA,Case,1481
Acute Hepatitis B,2018,Injection Drug Use,Missing/Unknown,NA,Case,1804
Acute Hepatitis B,2019,Injection Drug Use,Missing/Unknown,NA,Case,1412
Acute Hepatitis B,2020,Injection Drug Use,Missing/Unknown,NA,Case,1042
Acute Hepatitis B,2021,Injection Drug Use,Missing/Unknown,NA,Case,1090
Acute Hepatitis B,2022,Injection Drug Use,Missing/Unknown,NA,Case,1150
Acute Hepatitis B,2023,Injection Drug Use,Missing/Unknown,NA,Case,1251
Acute Hepatitis B,2011,Multi-Sex Partners,Yes,NA,Case,236
Acute Hepatitis B,2012,Multi-Sex Partners,Yes,NA,Case,194
Acute Hepatitis B,2013,Multi-Sex Partners,Yes,NA,Case,174
Acute Hepatitis B,2014,Multi-Sex Partners,Yes,NA,Case,193
Acute Hepatitis B,2015,Multi-Sex Partners,Yes,NA,Case,245
Acute Hepatitis B,2016,Multi-Sex Partners,Yes,NA,Case,143
Acute Hepatitis B,2017,Multi-Sex Partners,Yes,NA,Case,190
Acute Hepatitis B,2018,Multi-Sex Partners,Yes,NA,Case,199
Acute Hepatitis B,2019,Multi-Sex Partners,Yes,NA,Case,241
Acute Hepatitis B,2020,Multi-Sex Partners,Yes,NA,Case,124
Acute Hepatitis B,2021,Multi-Sex Partners,Yes,NA,Case,130
Acute Hepatitis B,2022,Multi-Sex Partners,Yes,NA,Case,129
Acute Hepatitis B,2023,Multi-Sex Partners,Yes,NA,Case,104
Acute Hepatitis B,2011,Multi-Sex Partners,No,NA,Case,472
Acute Hepatitis B,2012,Multi-Sex Partners,No,NA,Case,467
Acute Hepatitis B,2013,Multi-Sex Partners,No,NA,Case,491
Acute Hepatitis B,2014,Multi-Sex Partners,No,NA,Case,480
Acute Hepatitis B,2015,Multi-Sex Partners,No,NA,Case,604
Acute Hepatitis B,2016,Multi-Sex Partners,No,NA,Case,339
Acute Hepatitis B,2017,Multi-Sex Partners,No,NA,Case,505
Acute Hepatitis B,2018,Multi-Sex Partners,No,NA,Case,671
Acute Hepatitis B,2019,Multi-Sex Partners,No,NA,Case,801
Acute Hepatitis B,2020,Multi-Sex Partners,No,NA,Case,512
Acute Hepatitis B,2021,Multi-Sex Partners,No,NA,Case,529
Acute Hepatitis B,2022,Multi-Sex Partners,No,NA,Case,525
Acute Hepatitis B,2023,Multi-Sex Partners,No,NA,Case,424
Acute Hepatitis B,2011,Multi-Sex Partners,Missing/Unknown,NA,Case,2195
Acute Hepatitis B,2012,Multi-Sex Partners,Missing/Unknown,NA,Case,2234
Acute Hepatitis B,2013,Multi-Sex Partners,Missing/Unknown,NA,Case,2385
Acute Hepatitis B,2014,Multi-Sex Partners,Missing/Unknown,NA,Case,2118
Acute Hepatitis B,2015,Multi-Sex Partners,Missing/Unknown,NA,Case,2521
Acute Hepatitis B,2016,Multi-Sex Partners,Missing/Unknown,NA,Case,2736
Acute Hepatitis B,2017,Multi-Sex Partners,Missing/Unknown,NA,Case,2714
Acute Hepatitis B,2018,Multi-Sex Partners,Missing/Unknown,NA,Case,2452
Acute Hepatitis B,2019,Multi-Sex Partners,Missing/Unknown,NA,Case,2150
Acute Hepatitis B,2020,Multi-Sex Partners,Missing/Unknown,NA,Case,1521
Acute Hepatitis B,2021,Multi-Sex Partners,Missing/Unknown,NA,Case,1386
Acute Hepatitis B,2022,Multi-Sex Partners,Missing/Unknown,NA,Case,1472
Acute Hepatitis B,2023,Multi-Sex Partners,Missing/Unknown,NA,Case,1686
Acute Hepatitis B,2011,Surgery,Yes,NA,Case,119
Acute Hepatitis B,2012,Surgery,Yes,NA,Case,148
Acute Hepatitis B,2013,Surgery,Yes,NA,Case,147
Acute Hepatitis B,2014,Surgery,Yes,NA,Case,147
Acute Hepatitis B,2015,Surgery,Yes,NA,Case,176
Acute Hepatitis B,2016,Surgery,Yes,NA,Case,135
Acute Hepatitis B,2017,Surgery,Yes,NA,Case,125
Acute Hepatitis B,2018,Surgery,Yes,NA,Case,117
Acute Hepatitis B,2019,Surgery,Yes,NA,Case,120
Acute Hepatitis B,2020,Surgery,Yes,NA,Case,91
Acute Hepatitis B,2021,Surgery,Yes,NA,Case,73
Acute Hepatitis B,2022,Surgery,Yes,NA,Case,66
Acute Hepatitis B,2023,Surgery,Yes,NA,Case,84
Acute Hepatitis B,2011,Surgery,No,NA,Case,1201
Acute Hepatitis B,2012,Surgery,No,NA,Case,1228
Acute Hepatitis B,2013,Surgery,No,NA,Case,1335
Acute Hepatitis B,2014,Surgery,No,NA,Case,1208
Acute Hepatitis B,2015,Surgery,No,NA,Case,1483
Acute Hepatitis B,2016,Surgery,No,NA,Case,990
Acute Hepatitis B,2017,Surgery,No,NA,Case,1317
Acute Hepatitis B,2018,Surgery,No,NA,Case,962
Acute Hepatitis B,2019,Surgery,No,NA,Case,1139
Acute Hepatitis B,2020,Surgery,No,NA,Case,688
Acute Hepatitis B,2021,Surgery,No,NA,Case,585
Acute Hepatitis B,2022,Surgery,No,NA,Case,622
Acute Hepatitis B,2023,Surgery,No,NA,Case,647
Acute Hepatitis B,2011,Surgery,Missing/Unknown,NA,Case,1583
Acute Hepatitis B,2012,Surgery,Missing/Unknown,NA,Case,1519
Acute Hepatitis B,2013,Surgery,Missing/Unknown,NA,Case,1568
Acute Hepatitis B,2014,Surgery,Missing/Unknown,NA,Case,1436
Acute Hepatitis B,2015,Surgery,Missing/Unknown,NA,Case,1711
Acute Hepatitis B,2016,Surgery,Missing/Unknown,NA,Case,2093
Acute Hepatitis B,2017,Surgery,Missing/Unknown,NA,Case,1967
Acute Hepatitis B,2018,Surgery,Missing/Unknown,NA,Case,2243
Acute Hepatitis B,2019,Surgery,Missing/Unknown,NA,Case,1933
Acute Hepatitis B,2020,Surgery,Missing/Unknown,NA,Case,1378
Acute Hepatitis B,2021,Surgery,Missing/Unknown,NA,Case,1387
Acute Hepatitis B,2022,Surgery,Missing/Unknown,NA,Case,1438
Acute Hepatitis B,2023,Surgery,Missing/Unknown,NA,Case,1483
Acute Hepatitis B,2011,MSM,Yes,NA,Case,38
Acute Hepatitis B,2012,MSM,Yes,NA,Case,36
Acute Hepatitis B,2013,MSM,Yes,NA,Case,45
Acute Hepatitis B,2014,MSM,Yes,NA,Case,26
Acute Hepatitis B,2015,MSM,Yes,NA,Case,24
Acute Hepatitis B,2016,MSM,Yes,NA,Case,9
Acute Hepatitis B,2017,MSM,Yes,NA,Case,36
Acute Hepatitis B,2018,MSM,Yes,NA,Case,49
Acute Hepatitis B,2019,MSM,Yes,NA,Case,79
Acute Hepatitis B,2020,MSM,Yes,NA,Case,64
Acute Hepatitis B,2021,MSM,Yes,NA,Case,54
Acute Hepatitis B,2022,MSM,Yes,NA,Case,61
Acute Hepatitis B,2023,MSM,Yes,NA,Case,54
Acute Hepatitis B,2011,MSM,No,NA,Case,161
Acute Hepatitis B,2012,MSM,No,NA,Case,106
Acute Hepatitis B,2013,MSM,No,NA,Case,122
Acute Hepatitis B,2014,MSM,No,NA,Case,117
Acute Hepatitis B,2015,MSM,No,NA,Case,124
Acute Hepatitis B,2016,MSM,No,NA,Case,95
Acute Hepatitis B,2017,MSM,No,NA,Case,230
Acute Hepatitis B,2018,MSM,No,NA,Case,353
Acute Hepatitis B,2019,MSM,No,NA,Case,374
Acute Hepatitis B,2020,MSM,No,NA,Case,281
Acute Hepatitis B,2021,MSM,No,NA,Case,239
Acute Hepatitis B,2022,MSM,No,NA,Case,216
Acute Hepatitis B,2023,MSM,No,NA,Case,202
Acute Hepatitis B,2011,MSM,Missing/Unknown,NA,Case,1597
Acute Hepatitis B,2012,MSM,Missing/Unknown,NA,Case,1661
Acute Hepatitis B,2013,MSM,Missing/Unknown,NA,Case,1706
Acute Hepatitis B,2014,MSM,Missing/Unknown,NA,Case,1635
Acute Hepatitis B,2015,MSM,Missing/Unknown,NA,Case,1932
Acute Hepatitis B,2016,MSM,Missing/Unknown,NA,Case,1853
Acute Hepatitis B,2017,MSM,Missing/Unknown,NA,Case,1829
Acute Hepatitis B,2018,MSM,Missing/Unknown,NA,Case,1648
Acute Hepatitis B,2019,MSM,Missing/Unknown,NA,Case,1568
Acute Hepatitis B,2020,MSM,Missing/Unknown,NA,Case,952
Acute Hepatitis B,2021,MSM,Missing/Unknown,NA,Case,922
Acute Hepatitis B,2022,MSM,Missing/Unknown,NA,Case,1003
Acute Hepatitis B,2023,MSM,Missing/Unknown,NA,Case,1114
Acute Hepatitis B,2011,Sexual Contact,Yes,NA,Case,60
Acute Hepatitis B,2012,Sexual Contact,Yes,NA,Case,46
Acute Hepatitis B,2013,Sexual Contact,Yes,NA,Case,48
Acute Hepatitis B,2014,Sexual Contact,Yes,NA,Case,34
Acute Hepatitis B,2015,Sexual Contact,Yes,NA,Case,34
Acute Hepatitis B,2016,Sexual Contact,Yes,NA,Case,28
Acute Hepatitis B,2017,Sexual Contact,Yes,NA,Case,61
Acute Hepatitis B,2018,Sexual Contact,Yes,NA,Case,42
Acute Hepatitis B,2019,Sexual Contact,Yes,NA,Case,92
Acute Hepatitis B,2020,Sexual Contact,Yes,NA,Case,46
Acute Hepatitis B,2021,Sexual Contact,Yes,NA,Case,51
Acute Hepatitis B,2022,Sexual Contact,Yes,NA,Case,37
Acute Hepatitis B,2023,Sexual Contact,Yes,NA,Case,33
Acute Hepatitis B,2011,Sexual Contact,No,NA,Case,866
Acute Hepatitis B,2012,Sexual Contact,No,NA,Case,866
Acute Hepatitis B,2013,Sexual Contact,No,NA,Case,917
Acute Hepatitis B,2014,Sexual Contact,No,NA,Case,834
Acute Hepatitis B,2015,Sexual Contact,No,NA,Case,991
Acute Hepatitis B,2016,Sexual Contact,No,NA,Case,635
Acute Hepatitis B,2017,Sexual Contact,No,NA,Case,914
Acute Hepatitis B,2018,Sexual Contact,No,NA,Case,603
Acute Hepatitis B,2019,Sexual Contact,No,NA,Case,807
Acute Hepatitis B,2020,Sexual Contact,No,NA,Case,498
Acute Hepatitis B,2021,Sexual Contact,No,NA,Case,400
Acute Hepatitis B,2022,Sexual Contact,No,NA,Case,454
Acute Hepatitis B,2023,Sexual Contact,No,NA,Case,484
Acute Hepatitis B,2011,Sexual Contact,Missing/Unknown,NA,Case,1977
Acute Hepatitis B,2012,Sexual Contact,Missing/Unknown,NA,Case,1983
Acute Hepatitis B,2013,Sexual Contact,Missing/Unknown,NA,Case,2085
Acute Hepatitis B,2014,Sexual Contact,Missing/Unknown,NA,Case,1923
Acute Hepatitis B,2015,Sexual Contact,Missing/Unknown,NA,Case,2345
Acute Hepatitis B,2016,Sexual Contact,Missing/Unknown,NA,Case,2555
Acute Hepatitis B,2017,Sexual Contact,Missing/Unknown,NA,Case,2434
Acute Hepatitis B,2018,Sexual Contact,Missing/Unknown,NA,Case,2677
Acute Hepatitis B,2019,Sexual Contact,Missing/Unknown,NA,Case,2293
Acute Hepatitis B,2020,Sexual Contact,Missing/Unknown,NA,Case,1613
Acute Hepatitis B,2021,Sexual Contact,Missing/Unknown,NA,Case,1594
Acute Hepatitis B,2022,Sexual Contact,Missing/Unknown,NA,Case,1635
Acute Hepatitis B,2023,Sexual Contact,Missing/Unknown,NA,Case,1697
Acute Hepatitis B,2011,Household Contact,Yes,NA,Case,10
Acute Hepatitis B,2012,Household Contact,Yes,NA,Case,10
Acute Hepatitis B,2013,Household Contact,Yes,NA,Case,7
Acute Hepatitis B,2014,Household Contact,Yes,NA,Case,8
Acute Hepatitis B,2015,Household Contact,Yes,NA,Case,17
Acute Hepatitis B,2016,Household Contact,Yes,NA,Case,4
Acute Hepatitis B,2017,Household Contact,Yes,NA,Case,14
Acute Hepatitis B,2018,Household Contact,Yes,NA,Case,12
Acute Hepatitis B,2019,Household Contact,Yes,NA,Case,17
Acute Hepatitis B,2020,Household Contact,Yes,NA,Case,9
Acute Hepatitis B,2021,Household Contact,Yes,NA,Case,4
Acute Hepatitis B,2022,Household Contact,Yes,NA,Case,5
Acute Hepatitis B,2023,Household Contact,Yes,NA,Case,10
Acute Hepatitis B,2011,Household Contact,No,NA,Case,916
Acute Hepatitis B,2012,Household Contact,No,NA,Case,902
Acute Hepatitis B,2013,Household Contact,No,NA,Case,958
Acute Hepatitis B,2014,Household Contact,No,NA,Case,860
Acute Hepatitis B,2015,Household Contact,No,NA,Case,1008
Acute Hepatitis B,2016,Household Contact,No,NA,Case,659
Acute Hepatitis B,2017,Household Contact,No,NA,Case,961
Acute Hepatitis B,2018,Household Contact,No,NA,Case,633
Acute Hepatitis B,2019,Household Contact,No,NA,Case,882
Acute Hepatitis B,2020,Household Contact,No,NA,Case,535
Acute Hepatitis B,2021,Household Contact,No,NA,Case,447
Acute Hepatitis B,2022,Household Contact,No,NA,Case,486
Acute Hepatitis B,2023,Household Contact,No,NA,Case,507
Acute Hepatitis B,2011,Household Contact,Missing/Unknown,NA,Case,1977
Acute Hepatitis B,2012,Household Contact,Missing/Unknown,NA,Case,1983
Acute Hepatitis B,2013,Household Contact,Missing/Unknown,NA,Case,2085
Acute Hepatitis B,2014,Household Contact,Missing/Unknown,NA,Case,1923
Acute Hepatitis B,2015,Household Contact,Missing/Unknown,NA,Case,2345
Acute Hepatitis B,2016,Household Contact,Missing/Unknown,NA,Case,2555
Acute Hepatitis B,2017,Household Contact,Missing/Unknown,NA,Case,2434
Acute Hepatitis B,2018,Household Contact,Missing/Unknown,NA,Case,2677
Acute Hepatitis B,2019,Household Contact,Missing/Unknown,NA,Case,2293
Acute Hepatitis B,2020,Household Contact,Missing/Unknown,NA,Case,1613
Acute Hepatitis B,2021,Household Contact,Missing/Unknown,NA,Case,1594
Acute Hepatitis B,2022,Household Contact,Missing/Unknown,NA,Case,1635
Acute Hepatitis B,2023,Household Contact,Missing/Unknown,NA,Case,1697
Acute Hepatitis B,2011,Needlestick,Yes,NA,Case,59
Acute Hepatitis B,2012,Needlestick,Yes,NA,Case,67
Acute Hepatitis B,2013,Needlestick,Yes,NA,Case,61
Acute Hepatitis B,2014,Needlestick,Yes,NA,Case,63
Acute Hepatitis B,2015,Needlestick,Yes,NA,Case,71
Acute Hepatitis B,2016,Needlestick,Yes,NA,Case,56
Acute Hepatitis B,2017,Needlestick,Yes,NA,Case,56
Acute Hepatitis B,2018,Needlestick,Yes,NA,Case,71
Acute Hepatitis B,2019,Needlestick,Yes,NA,Case,73
Acute Hepatitis B,2020,Needlestick,Yes,NA,Case,36
Acute Hepatitis B,2021,Needlestick,Yes,NA,Case,29
Acute Hepatitis B,2022,Needlestick,Yes,NA,Case,33
Acute Hepatitis B,2023,Needlestick,Yes,NA,Case,29
Acute Hepatitis B,2011,Needlestick,No,NA,Case,1262
Acute Hepatitis B,2012,Needlestick,No,NA,Case,1239
Acute Hepatitis B,2013,Needlestick,No,NA,Case,1297
Acute Hepatitis B,2014,Needlestick,No,NA,Case,1214
Acute Hepatitis B,2015,Needlestick,No,NA,Case,1446
Acute Hepatitis B,2016,Needlestick,No,NA,Case,993
Acute Hepatitis B,2017,Needlestick,No,NA,Case,817
Acute Hepatitis B,2018,Needlestick,No,NA,Case,959
Acute Hepatitis B,2019,Needlestick,No,NA,Case,1121
Acute Hepatitis B,2020,Needlestick,No,NA,Case,742
Acute Hepatitis B,2021,Needlestick,No,NA,Case,621
Acute Hepatitis B,2022,Needlestick,No,NA,Case,666
Acute Hepatitis B,2023,Needlestick,No,NA,Case,704
Acute Hepatitis B,2011,Needlestick,Missing/Unknown,NA,Case,1582
Acute Hepatitis B,2012,Needlestick,Missing/Unknown,NA,Case,1589
Acute Hepatitis B,2013,Needlestick,Missing/Unknown,NA,Case,1692
Acute Hepatitis B,2014,Needlestick,Missing/Unknown,NA,Case,1514
Acute Hepatitis B,2015,Needlestick,Missing/Unknown,NA,Case,1853
Acute Hepatitis B,2016,Needlestick,Missing/Unknown,NA,Case,2169
Acute Hepatitis B,2017,Needlestick,Missing/Unknown,NA,Case,2536
Acute Hepatitis B,2018,Needlestick,Missing/Unknown,NA,Case,2292
Acute Hepatitis B,2019,Needlestick,Missing/Unknown,NA,Case,1998
Acute Hepatitis B,2020,Needlestick,Missing/Unknown,NA,Case,1379
Acute Hepatitis B,2021,Needlestick,Missing/Unknown,NA,Case,1395
Acute Hepatitis B,2022,Needlestick,Missing/Unknown,NA,Case,1427
Acute Hepatitis B,2023,Needlestick,Missing/Unknown,NA,Case,1481
Acute Hepatitis B,2011,Occupational,Yes,NA,Case,5
Acute Hepatitis B,2012,Occupational,Yes,NA,Case,11
Acute Hepatitis B,2013,Occupational,Yes,NA,Case,1
Acute Hepatitis B,2014,Occupational,Yes,NA,Case,5
Acute Hepatitis B,2015,Occupational,Yes,NA,Case,12
Acute Hepatitis B,2016,Occupational,Yes,NA,Case,7
Acute Hepatitis B,2017,Occupational,Yes,NA,Case,11
Acute Hepatitis B,2018,Occupational,Yes,NA,Case,4
Acute Hepatitis B,2019,Occupational,Yes,NA,Case,2
Acute Hepatitis B,2020,Occupational,Yes,NA,Case,1
Acute Hepatitis B,2021,Occupational,Yes,NA,Case,4
Acute Hepatitis B,2022,Occupational,Yes,NA,Case,7
Acute Hepatitis B,2023,Occupational,Yes,NA,Case,5
Acute Hepatitis B,2011,Occupational,No,NA,Case,1493
Acute Hepatitis B,2012,Occupational,No,NA,Case,1473
Acute Hepatitis B,2013,Occupational,No,NA,Case,1576
Acute Hepatitis B,2014,Occupational,No,NA,Case,1545
Acute Hepatitis B,2015,Occupational,No,NA,Case,1925
Acute Hepatitis B,2016,Occupational,No,NA,Case,1364
Acute Hepatitis B,2017,Occupational,No,NA,Case,1731
Acute Hepatitis B,2018,Occupational,No,NA,Case,1369
Acute Hepatitis B,2019,Occupational,No,NA,Case,1536
Acute Hepatitis B,2020,Occupational,No,NA,Case,970
Acute Hepatitis B,2021,Occupational,No,NA,Case,840
Acute Hepatitis B,2022,Occupational,No,NA,Case,847
Acute Hepatitis B,2023,Occupational,No,NA,Case,869
Acute Hepatitis B,2011,Occupational,Missing/Unknown,NA,Case,1405
Acute Hepatitis B,2012,Occupational,Missing/Unknown,NA,Case,1411
Acute Hepatitis B,2013,Occupational,Missing/Unknown,NA,Case,1473
Acute Hepatitis B,2014,Occupational,Missing/Unknown,NA,Case,1241
Acute Hepatitis B,2015,Occupational,Missing/Unknown,NA,Case,1433
Acute Hepatitis B,2016,Occupational,Missing/Unknown,NA,Case,1847
Acute Hepatitis B,2017,Occupational,Missing/Unknown,NA,Case,1667
Acute Hepatitis B,2018,Occupational,Missing/Unknown,NA,Case,1949
Acute Hepatitis B,2019,Occupational,Missing/Unknown,NA,Case,1654
Acute Hepatitis B,2020,Occupational,Missing/Unknown,NA,Case,1186
Acute Hepatitis B,2021,Occupational,Missing/Unknown,NA,Case,1201
Acute Hepatitis B,2022,Occupational,Missing/Unknown,NA,Case,1272
Acute Hepatitis B,2023,Occupational,Missing/Unknown,NA,Case,1340
Acute Hepatitis B,2011,Dialysis patient,Yes,NA,Case,13
Acute Hepatitis B,2012,Dialysis patient,Yes,NA,Case,9
Acute Hepatitis B,2013,Dialysis patient,Yes,NA,Case,9
Acute Hepatitis B,2014,Dialysis patient,Yes,NA,Case,13
Acute Hepatitis B,2015,Dialysis patient,Yes,NA,Case,6
Acute Hepatitis B,2016,Dialysis patient,Yes,NA,Case,4
Acute Hepatitis B,2017,Dialysis patient,Yes,NA,Case,24
Acute Hepatitis B,2018,Dialysis patient,Yes,NA,Case,13
Acute Hepatitis B,2019,Dialysis patient,Yes,NA,Case,34
Acute Hepatitis B,2020,Dialysis patient,Yes,NA,Case,31
Acute Hepatitis B,2021,Dialysis patient,Yes,NA,Case,37
Acute Hepatitis B,2022,Dialysis patient,Yes,NA,Case,98
Acute Hepatitis B,2023,Dialysis patient,Yes,NA,Case,84
Acute Hepatitis B,2011,Dialysis patient,No,NA,Case,1232
Acute Hepatitis B,2012,Dialysis patient,No,NA,Case,1174
Acute Hepatitis B,2013,Dialysis patient,No,NA,Case,1216
Acute Hepatitis B,2014,Dialysis patient,No,NA,Case,1123
Acute Hepatitis B,2015,Dialysis patient,No,NA,Case,1285
Acute Hepatitis B,2016,Dialysis patient,No,NA,Case,1078
Acute Hepatitis B,2017,Dialysis patient,No,NA,Case,1488
Acute Hepatitis B,2018,Dialysis patient,No,NA,Case,1022
Acute Hepatitis B,2019,Dialysis patient,No,NA,Case,1258
Acute Hepatitis B,2020,Dialysis patient,No,NA,Case,786
Acute Hepatitis B,2021,Dialysis patient,No,NA,Case,652
Acute Hepatitis B,2022,Dialysis patient,No,NA,Case,684
Acute Hepatitis B,2023,Dialysis patient,No,NA,Case,739
Acute Hepatitis B,2011,Dialysis patient,Missing/Unknown,NA,Case,1658
Acute Hepatitis B,2012,Dialysis patient,Missing/Unknown,NA,Case,1712
Acute Hepatitis B,2013,Dialysis patient,Missing/Unknown,NA,Case,1825
Acute Hepatitis B,2014,Dialysis patient,Missing/Unknown,NA,Case,1655
Acute Hepatitis B,2015,Dialysis patient,Missing/Unknown,NA,Case,2079
Acute Hepatitis B,2016,Dialysis patient,Missing/Unknown,NA,Case,2136
Acute Hepatitis B,2017,Dialysis patient,Missing/Unknown,NA,Case,1897
Acute Hepatitis B,2018,Dialysis patient,Missing/Unknown,NA,Case,2287
Acute Hepatitis B,2019,Dialysis patient,Missing/Unknown,NA,Case,1900
Acute Hepatitis B,2020,Dialysis patient,Missing/Unknown,NA,Case,1340
Acute Hepatitis B,2021,Dialysis patient,Missing/Unknown,NA,Case,1356
Acute Hepatitis B,2022,Dialysis patient,Missing/Unknown,NA,Case,1344
Acute Hepatitis B,2023,Dialysis patient,Missing/Unknown,NA,Case,1391
Acute Hepatitis B,2011,Transfusion,Yes,NA,Case,12
Acute Hepatitis B,2012,Transfusion,Yes,NA,Case,5
Acute Hepatitis B,2013,Transfusion,Yes,NA,Case,11
Acute Hepatitis B,2014,Transfusion,Yes,NA,Case,1
Acute Hepatitis B,2015,Transfusion,Yes,NA,Case,3
Acute Hepatitis B,2016,Transfusion,Yes,NA,Case,2
Acute Hepatitis B,2017,Transfusion,Yes,NA,Case,4
Acute Hepatitis B,2018,Transfusion,Yes,NA,Case,1
Acute Hepatitis B,2019,Transfusion,Yes,NA,Case,4
Acute Hepatitis B,2020,Transfusion,Yes,NA,Case,1
Acute Hepatitis B,2021,Transfusion,Yes,NA,Case,1
Acute Hepatitis B,2022,Transfusion,Yes,NA,Case,1
Acute Hepatitis B,2023,Transfusion,Yes,NA,Case,3
Acute Hepatitis B,2011,Transfusion,No,NA,Case,1344
Acute Hepatitis B,2012,Transfusion,No,NA,Case,1373
Acute Hepatitis B,2013,Transfusion,No,NA,Case,1482
Acute Hepatitis B,2014,Transfusion,No,NA,Case,1383
Acute Hepatitis B,2015,Transfusion,No,NA,Case,1697
Acute Hepatitis B,2016,Transfusion,No,NA,Case,1135
Acute Hepatitis B,2017,Transfusion,No,NA,Case,1483
Acute Hepatitis B,2018,Transfusion,No,NA,Case,1103
Acute Hepatitis B,2019,Transfusion,No,NA,Case,1269
Acute Hepatitis B,2020,Transfusion,No,NA,Case,809
Acute Hepatitis B,2021,Transfusion,No,NA,Case,664
Acute Hepatitis B,2022,Transfusion,No,NA,Case,700
Acute Hepatitis B,2023,Transfusion,No,NA,Case,712
Acute Hepatitis B,2011,Transfusion,Missing/Unknown,NA,Case,1547
Acute Hepatitis B,2012,Transfusion,Missing/Unknown,NA,Case,1517
Acute Hepatitis B,2013,Transfusion,Missing/Unknown,NA,Case,1557
Acute Hepatitis B,2014,Transfusion,Missing/Unknown,NA,Case,1407
Acute Hepatitis B,2015,Transfusion,Missing/Unknown,NA,Case,1670
Acute Hepatitis B,2016,Transfusion,Missing/Unknown,NA,Case,2081
Acute Hepatitis B,2017,Transfusion,Missing/Unknown,NA,Case,1922
Acute Hepatitis B,2018,Transfusion,Missing/Unknown,NA,Case,2218
Acute Hepatitis B,2019,Transfusion,Missing/Unknown,NA,Case,1919
Acute Hepatitis B,2020,Transfusion,Missing/Unknown,NA,Case,1347
Acute Hepatitis B,2021,Transfusion,Missing/Unknown,NA,Case,1380
Acute Hepatitis B,2022,Transfusion,Missing/Unknown,NA,Case,1425
Acute Hepatitis B,2023,Transfusion,Missing/Unknown,NA,Case,1499
Acute Hepatitis C,2011,Injection Drug Use,Yes,NA,Case,387
Acute Hepatitis C,2012,Injection Drug Use,Yes,NA,Case,513
Acute Hepatitis C,2013,Injection Drug Use,Yes,NA,Case,588
Acute Hepatitis C,2014,Injection Drug Use,Yes,NA,Case,702
Acute Hepatitis C,2015,Injection Drug Use,Yes,NA,Case,759
Acute Hepatitis C,2016,Injection Drug Use,Yes,NA,Case,767
Acute Hepatitis C,2017,Injection Drug Use,Yes,NA,Case,1059
Acute Hepatitis C,2018,Injection Drug Use,Yes,NA,Case,1102
Acute Hepatitis C,2019,Injection Drug Use,Yes,NA,Case,1302
Acute Hepatitis C,2020,Injection Drug Use,Yes,NA,Case,1017
Acute Hepatitis C,2021,Injection Drug Use,Yes,NA,Case,817
Acute Hepatitis C,2022,Injection Drug Use,Yes,NA,Case,834
Acute Hepatitis C,2023,Injection Drug Use,Yes,NA,Case,743
Acute Hepatitis C,2011,Injection Drug Use,No,NA,Case,259
Acute Hepatitis C,2012,Injection Drug Use,No,NA,Case,346
Acute Hepatitis C,2013,Injection Drug Use,No,NA,Case,367
Acute Hepatitis C,2014,Injection Drug Use,No,NA,Case,328
Acute Hepatitis C,2015,Injection Drug Use,No,NA,Case,423
Acute Hepatitis C,2016,Injection Drug Use,No,NA,Case,351
Acute Hepatitis C,2017,Injection Drug Use,No,NA,Case,400
Acute Hepatitis C,2018,Injection Drug Use,No,NA,Case,433
Acute Hepatitis C,2019,Injection Drug Use,No,NA,Case,650
Acute Hepatitis C,2020,Injection Drug Use,No,NA,Case,523
Acute Hepatitis C,2021,Injection Drug Use,No,NA,Case,628
Acute Hepatitis C,2022,Injection Drug Use,No,NA,Case,761
Acute Hepatitis C,2023,Injection Drug Use,No,NA,Case,993
Acute Hepatitis C,2011,Injection Drug Use,Missing/unknown,NA,Case,586
Acute Hepatitis C,2012,Injection Drug Use,Missing/unknown,NA,Case,919
Acute Hepatitis C,2013,Injection Drug Use,Missing/unknown,NA,Case,1183
Acute Hepatitis C,2014,Injection Drug Use,Missing/unknown,NA,Case,1164
Acute Hepatitis C,2015,Injection Drug Use,Missing/unknown,NA,Case,1254
Acute Hepatitis C,2016,Injection Drug Use,Missing/unknown,NA,Case,1849
Acute Hepatitis C,2017,Injection Drug Use,Missing/unknown,NA,Case,1757
Acute Hepatitis C,2018,Injection Drug Use,Missing/unknown,NA,Case,2086
Acute Hepatitis C,2019,Injection Drug Use,Missing/unknown,NA,Case,2184
Acute Hepatitis C,2020,Injection Drug Use,Missing/unknown,NA,Case,3258
Acute Hepatitis C,2021,Injection Drug Use,Missing/unknown,NA,Case,3578
Acute Hepatitis C,2022,Injection Drug Use,Missing/unknown,NA,Case,3253
Acute Hepatitis C,2023,Injection Drug Use,Missing/unknown,NA,Case,3230
Acute Hepatitis C,2011,Multi-Sex Partners,Yes,NA,Case,150
Acute Hepatitis C,2012,Multi-Sex Partners,Yes,NA,Case,187
Acute Hepatitis C,2013,Multi-Sex Partners,Yes,NA,Case,193
Acute Hepatitis C,2014,Multi-Sex Partners,Yes,NA,Case,150
Acute Hepatitis C,2015,Multi-Sex Partners,Yes,NA,Case,158
Acute Hepatitis C,2016,Multi-Sex Partners,Yes,NA,Case,176
Acute Hepatitis C,2017,Multi-Sex Partners,Yes,NA,Case,131
Acute Hepatitis C,2018,Multi-Sex Partners,Yes,NA,Case,212
Acute Hepatitis C,2019,Multi-Sex Partners,Yes,NA,Case,223
Acute Hepatitis C,2020,Multi-Sex Partners,Yes,NA,Case,167
Acute Hepatitis C,2021,Multi-Sex Partners,Yes,NA,Case,141
Acute Hepatitis C,2022,Multi-Sex Partners,Yes,NA,Case,164
Acute Hepatitis C,2023,Multi-Sex Partners,Yes,NA,Case,157
Acute Hepatitis C,2011,Multi-Sex Partners,No,NA,Case,328
Acute Hepatitis C,2012,Multi-Sex Partners,No,NA,Case,442
Acute Hepatitis C,2013,Multi-Sex Partners,No,NA,Case,423
Acute Hepatitis C,2014,Multi-Sex Partners,No,NA,Case,344
Acute Hepatitis C,2015,Multi-Sex Partners,No,NA,Case,379
Acute Hepatitis C,2016,Multi-Sex Partners,No,NA,Case,298
Acute Hepatitis C,2017,Multi-Sex Partners,No,NA,Case,312
Acute Hepatitis C,2018,Multi-Sex Partners,No,NA,Case,462
Acute Hepatitis C,2019,Multi-Sex Partners,No,NA,Case,594
Acute Hepatitis C,2020,Multi-Sex Partners,No,NA,Case,352
Acute Hepatitis C,2021,Multi-Sex Partners,No,NA,Case,397
Acute Hepatitis C,2022,Multi-Sex Partners,No,NA,Case,467
Acute Hepatitis C,2023,Multi-Sex Partners,No,NA,Case,517
Acute Hepatitis C,2011,Multi-Sex Partners,Missing/unknown,NA,Case,754
Acute Hepatitis C,2012,Multi-Sex Partners,Missing/unknown,NA,Case,1149
Acute Hepatitis C,2013,Multi-Sex Partners,Missing/unknown,NA,Case,1522
Acute Hepatitis C,2014,Multi-Sex Partners,Missing/unknown,NA,Case,1700
Acute Hepatitis C,2015,Multi-Sex Partners,Missing/unknown,NA,Case,1899
Acute Hepatitis C,2016,Multi-Sex Partners,Missing/unknown,NA,Case,2493
Acute Hepatitis C,2017,Multi-Sex Partners,Missing/unknown,NA,Case,2773
Acute Hepatitis C,2018,Multi-Sex Partners,Missing/unknown,NA,Case,2947
Acute Hepatitis C,2019,Multi-Sex Partners,Missing/unknown,NA,Case,3319
Acute Hepatitis C,2020,Multi-Sex Partners,Missing/unknown,NA,Case,4279
Acute Hepatitis C,2021,Multi-Sex Partners,Missing/unknown,NA,Case,4485
Acute Hepatitis C,2022,Multi-Sex Partners,Missing/unknown,NA,Case,4217
Acute Hepatitis C,2023,Multi-Sex Partners,Missing/unknown,NA,Case,4292
Acute Hepatitis C,2011,Surgery,Yes,NA,Case,62
Acute Hepatitis C,2012,Surgery,Yes,NA,Case,86
Acute Hepatitis C,2013,Surgery,Yes,NA,Case,89
Acute Hepatitis C,2014,Surgery,Yes,NA,Case,73
Acute Hepatitis C,2015,Surgery,Yes,NA,Case,94
Acute Hepatitis C,2016,Surgery,Yes,NA,Case,96
Acute Hepatitis C,2017,Surgery,Yes,NA,Case,123
Acute Hepatitis C,2018,Surgery,Yes,NA,Case,124
Acute Hepatitis C,2019,Surgery,Yes,NA,Case,179
Acute Hepatitis C,2020,Surgery,Yes,NA,Case,142
Acute Hepatitis C,2021,Surgery,Yes,NA,Case,158
Acute Hepatitis C,2022,Surgery,Yes,NA,Case,177
Acute Hepatitis C,2023,Surgery,Yes,NA,Case,286
Acute Hepatitis C,2011,Surgery,No,NA,Case,459
Acute Hepatitis C,2012,Surgery,No,NA,Case,585
Acute Hepatitis C,2013,Surgery,No,NA,Case,640
Acute Hepatitis C,2014,Surgery,No,NA,Case,643
Acute Hepatitis C,2015,Surgery,No,NA,Case,813
Acute Hepatitis C,2016,Surgery,No,NA,Case,746
Acute Hepatitis C,2017,Surgery,No,NA,Case,855
Acute Hepatitis C,2018,Surgery,No,NA,Case,832
Acute Hepatitis C,2019,Surgery,No,NA,Case,888
Acute Hepatitis C,2020,Surgery,No,NA,Case,713
Acute Hepatitis C,2021,Surgery,No,NA,Case,661
Acute Hepatitis C,2022,Surgery,No,NA,Case,767
Acute Hepatitis C,2023,Surgery,No,NA,Case,840
Acute Hepatitis C,2020,Surgery,Missing/Unknown,NA,Case,1
Acute Hepatitis C,2011,Surgery,Missing/unknown,NA,Case,711
Acute Hepatitis C,2012,Surgery,Missing/unknown,NA,Case,1107
Acute Hepatitis C,2013,Surgery,Missing/unknown,NA,Case,1409
Acute Hepatitis C,2014,Surgery,Missing/unknown,NA,Case,1478
Acute Hepatitis C,2015,Surgery,Missing/unknown,NA,Case,1529
Acute Hepatitis C,2016,Surgery,Missing/unknown,NA,Case,2125
Acute Hepatitis C,2017,Surgery,Missing/unknown,NA,Case,2238
Acute Hepatitis C,2018,Surgery,Missing/unknown,NA,Case,2665
Acute Hepatitis C,2019,Surgery,Missing/unknown,NA,Case,3069
Acute Hepatitis C,2020,Surgery,Missing/unknown,NA,Case,3942
Acute Hepatitis C,2021,Surgery,Missing/unknown,NA,Case,4204
Acute Hepatitis C,2022,Surgery,Missing/unknown,NA,Case,3904
Acute Hepatitis C,2023,Surgery,Missing/unknown,NA,Case,3840
Acute Hepatitis C,2011,MSM,Yes,NA,Case,6
Acute Hepatitis C,2012,MSM,Yes,NA,Case,17
Acute Hepatitis C,2013,MSM,Yes,NA,Case,30
Acute Hepatitis C,2014,MSM,Yes,NA,Case,27
Acute Hepatitis C,2015,MSM,Yes,NA,Case,23
Acute Hepatitis C,2016,MSM,Yes,NA,Case,26
Acute Hepatitis C,2017,MSM,Yes,NA,Case,40
Acute Hepatitis C,2018,MSM,Yes,NA,Case,33
Acute Hepatitis C,2019,MSM,Yes,NA,Case,42
Acute Hepatitis C,2020,MSM,Yes,NA,Case,44
Acute Hepatitis C,2021,MSM,Yes,NA,Case,69
Acute Hepatitis C,2022,MSM,Yes,NA,Case,88
Acute Hepatitis C,2023,MSM,Yes,NA,Case,100
Acute Hepatitis C,2011,MSM,No,NA,Case,139
Acute Hepatitis C,2012,MSM,No,NA,Case,204
Acute Hepatitis C,2013,MSM,No,NA,Case,153
Acute Hepatitis C,2014,MSM,No,NA,Case,203
Acute Hepatitis C,2015,MSM,No,NA,Case,245
Acute Hepatitis C,2016,MSM,No,NA,Case,233
Acute Hepatitis C,2017,MSM,No,NA,Case,274
Acute Hepatitis C,2018,MSM,No,NA,Case,277
Acute Hepatitis C,2019,MSM,No,NA,Case,315
Acute Hepatitis C,2020,MSM,No,NA,Case,258
Acute Hepatitis C,2021,MSM,No,NA,Case,218
Acute Hepatitis C,2022,MSM,No,NA,Case,236
Acute Hepatitis C,2023,MSM,No,NA,Case,303
Acute Hepatitis C,2011,MSM,Missing/unknown,NA,Case,496
Acute Hepatitis C,2012,MSM,Missing/unknown,NA,Case,734
Acute Hepatitis C,2013,MSM,Missing/unknown,NA,Case,959
Acute Hepatitis C,2014,MSM,Missing/unknown,NA,Case,937
Acute Hepatitis C,2015,MSM,Missing/unknown,NA,Case,1066
Acute Hepatitis C,2016,MSM,Missing/unknown,NA,Case,1368
Acute Hepatitis C,2017,MSM,Missing/unknown,NA,Case,1461
Acute Hepatitis C,2018,MSM,Missing/unknown,NA,Case,1702
Acute Hepatitis C,2019,MSM,Missing/unknown,NA,Case,2114
Acute Hepatitis C,2020,MSM,Missing/unknown,NA,Case,2803
Acute Hepatitis C,2021,MSM,Missing/unknown,NA,Case,3061
Acute Hepatitis C,2022,MSM,Missing/unknown,NA,Case,2903
Acute Hepatitis C,2023,MSM,Missing/unknown,NA,Case,2918
Acute Hepatitis C,2011,Sexual Contact,Yes,NA,Case,15
Acute Hepatitis C,2012,Sexual Contact,Yes,NA,Case,18
Acute Hepatitis C,2013,Sexual Contact,Yes,NA,Case,14
Acute Hepatitis C,2014,Sexual Contact,Yes,NA,Case,3
Acute Hepatitis C,2015,Sexual Contact,Yes,NA,Case,6
Acute Hepatitis C,2016,Sexual Contact,Yes,NA,Case,4
Acute Hepatitis C,2017,Sexual Contact,Yes,NA,Case,66
Acute Hepatitis C,2018,Sexual Contact,Yes,NA,Case,105
Acute Hepatitis C,2019,Sexual Contact,Yes,NA,Case,142
Acute Hepatitis C,2020,Sexual Contact,Yes,NA,Case,83
Acute Hepatitis C,2021,Sexual Contact,Yes,NA,Case,61
Acute Hepatitis C,2022,Sexual Contact,Yes,NA,Case,63
Acute Hepatitis C,2023,Sexual Contact,Yes,NA,Case,39
Acute Hepatitis C,2011,Sexual Contact,No,NA,Case,101
Acute Hepatitis C,2012,Sexual Contact,No,NA,Case,104
Acute Hepatitis C,2013,Sexual Contact,No,NA,Case,62
Acute Hepatitis C,2014,Sexual Contact,No,NA,Case,32
Acute Hepatitis C,2015,Sexual Contact,No,NA,Case,37
Acute Hepatitis C,2016,Sexual Contact,No,NA,Case,5
Acute Hepatitis C,2017,Sexual Contact,No,NA,Case,270
Acute Hepatitis C,2018,Sexual Contact,No,NA,Case,278
Acute Hepatitis C,2019,Sexual Contact,No,NA,Case,334
Acute Hepatitis C,2020,Sexual Contact,No,NA,Case,336
Acute Hepatitis C,2021,Sexual Contact,No,NA,Case,288
Acute Hepatitis C,2022,Sexual Contact,No,NA,Case,339
Acute Hepatitis C,2023,Sexual Contact,No,NA,Case,362
Acute Hepatitis C,2011,Sexual Contact,Missing/unknown,NA,Case,1116
Acute Hepatitis C,2012,Sexual Contact,Missing/unknown,NA,Case,1656
Acute Hepatitis C,2013,Sexual Contact,Missing/unknown,NA,Case,2062
Acute Hepatitis C,2014,Sexual Contact,Missing/unknown,NA,Case,2159
Acute Hepatitis C,2015,Sexual Contact,Missing/unknown,NA,Case,2393
Acute Hepatitis C,2016,Sexual Contact,Missing/unknown,NA,Case,2958
Acute Hepatitis C,2017,Sexual Contact,Missing/unknown,NA,Case,2880
Acute Hepatitis C,2018,Sexual Contact,Missing/unknown,NA,Case,3238
Acute Hepatitis C,2019,Sexual Contact,Missing/unknown,NA,Case,3660
Acute Hepatitis C,2020,Sexual Contact,Missing/unknown,NA,Case,4379
Acute Hepatitis C,2021,Sexual Contact,Missing/unknown,NA,Case,4674
Acute Hepatitis C,2022,Sexual Contact,Missing/unknown,NA,Case,4446
Acute Hepatitis C,2023,Sexual Contact,Missing/unknown,NA,Case,4565
Acute Hepatitis C,2011,Household Contact,Yes,NA,Case,8
Acute Hepatitis C,2012,Household Contact,Yes,NA,Case,8
Acute Hepatitis C,2013,Household Contact,Yes,NA,Case,9
Acute Hepatitis C,2014,Household Contact,Yes,NA,Case,2
Acute Hepatitis C,2015,Household Contact,Yes,NA,Case,1
Acute Hepatitis C,2017,Household Contact,Yes,NA,Case,20
Acute Hepatitis C,2018,Household Contact,Yes,NA,Case,30
Acute Hepatitis C,2019,Household Contact,Yes,NA,Case,36
Acute Hepatitis C,2020,Household Contact,Yes,NA,Case,17
Acute Hepatitis C,2021,Household Contact,Yes,NA,Case,14
Acute Hepatitis C,2022,Household Contact,Yes,NA,Case,12
Acute Hepatitis C,2023,Household Contact,Yes,NA,Case,14
Acute Hepatitis C,2011,Household Contact,No,NA,Case,108
Acute Hepatitis C,2012,Household Contact,No,NA,Case,114
Acute Hepatitis C,2013,Household Contact,No,NA,Case,67
Acute Hepatitis C,2014,Household Contact,No,NA,Case,33
Acute Hepatitis C,2015,Household Contact,No,NA,Case,42
Acute Hepatitis C,2016,Household Contact,No,NA,Case,9
Acute Hepatitis C,2017,Household Contact,No,NA,Case,316
Acute Hepatitis C,2018,Household Contact,No,NA,Case,353
Acute Hepatitis C,2019,Household Contact,No,NA,Case,440
Acute Hepatitis C,2020,Household Contact,No,NA,Case,402
Acute Hepatitis C,2021,Household Contact,No,NA,Case,335
Acute Hepatitis C,2022,Household Contact,No,NA,Case,390
Acute Hepatitis C,2023,Household Contact,No,NA,Case,387
Acute Hepatitis C,2011,Household Contact,Missing/unknown,NA,Case,1116
Acute Hepatitis C,2012,Household Contact,Missing/unknown,NA,Case,1656
Acute Hepatitis C,2013,Household Contact,Missing/unknown,NA,Case,2062
Acute Hepatitis C,2014,Household Contact,Missing/unknown,NA,Case,2159
Acute Hepatitis C,2015,Household Contact,Missing/unknown,NA,Case,2393
Acute Hepatitis C,2016,Household Contact,Missing/unknown,NA,Case,2958
Acute Hepatitis C,2017,Household Contact,Missing/unknown,NA,Case,2880
Acute Hepatitis C,2018,Household Contact,Missing/unknown,NA,Case,3238
Acute Hepatitis C,2019,Household Contact,Missing/unknown,NA,Case,3660
Acute Hepatitis C,2020,Household Contact,Missing/unknown,NA,Case,4379
Acute Hepatitis C,2021,Household Contact,Missing/unknown,NA,Case,4674
Acute Hepatitis C,2022,Household Contact,Missing/unknown,NA,Case,4446
Acute Hepatitis C,2023,Household Contact,Missing/unknown,NA,Case,4565
Acute Hepatitis C,2011,Needlestick,Yes,NA,Case,47
Acute Hepatitis C,2012,Needlestick,Yes,NA,Case,52
Acute Hepatitis C,2013,Needlestick,Yes,NA,Case,52
Acute Hepatitis C,2014,Needlestick,Yes,NA,Case,64
Acute Hepatitis C,2015,Needlestick,Yes,NA,Case,71
Acute Hepatitis C,2016,Needlestick,Yes,NA,Case,64
Acute Hepatitis C,2017,Needlestick,Yes,NA,Case,36
Acute Hepatitis C,2018,Needlestick,Yes,NA,Case,91
Acute Hepatitis C,2019,Needlestick,Yes,NA,Case,91
Acute Hepatitis C,2020,Needlestick,Yes,NA,Case,64
Acute Hepatitis C,2021,Needlestick,Yes,NA,Case,50
Acute Hepatitis C,2022,Needlestick,Yes,NA,Case,65
Acute Hepatitis C,2023,Needlestick,Yes,NA,Case,46
Acute Hepatitis C,2011,Needlestick,No,NA,Case,478
Acute Hepatitis C,2012,Needlestick,No,NA,Case,659
Acute Hepatitis C,2013,Needlestick,No,NA,Case,627
Acute Hepatitis C,2014,Needlestick,No,NA,Case,648
Acute Hepatitis C,2015,Needlestick,No,NA,Case,813
Acute Hepatitis C,2016,Needlestick,No,NA,Case,654
Acute Hepatitis C,2017,Needlestick,No,NA,Case,441
Acute Hepatitis C,2018,Needlestick,No,NA,Case,781
Acute Hepatitis C,2019,Needlestick,No,NA,Case,886
Acute Hepatitis C,2020,Needlestick,No,NA,Case,706
Acute Hepatitis C,2021,Needlestick,No,NA,Case,700
Acute Hepatitis C,2022,Needlestick,No,NA,Case,811
Acute Hepatitis C,2023,Needlestick,No,NA,Case,990
Acute Hepatitis C,2011,Needlestick,Missing/unknown,NA,Case,707
Acute Hepatitis C,2012,Needlestick,Missing/unknown,NA,Case,1067
Acute Hepatitis C,2013,Needlestick,Missing/unknown,NA,Case,1459
Acute Hepatitis C,2014,Needlestick,Missing/unknown,NA,Case,1482
Acute Hepatitis C,2015,Needlestick,Missing/unknown,NA,Case,1552
Acute Hepatitis C,2016,Needlestick,Missing/unknown,NA,Case,2249
Acute Hepatitis C,2017,Needlestick,Missing/unknown,NA,Case,2739
Acute Hepatitis C,2018,Needlestick,Missing/unknown,NA,Case,2749
Acute Hepatitis C,2019,Needlestick,Missing/unknown,NA,Case,3159
Acute Hepatitis C,2020,Needlestick,Missing/unknown,NA,Case,4028
Acute Hepatitis C,2021,Needlestick,Missing/unknown,NA,Case,4273
Acute Hepatitis C,2022,Needlestick,Missing/unknown,NA,Case,3972
Acute Hepatitis C,2023,Needlestick,Missing/unknown,NA,Case,3930
Acute Hepatitis C,2011,Occupational,Yes,NA,Case,9
Acute Hepatitis C,2012,Occupational,Yes,NA,Case,14
Acute Hepatitis C,2013,Occupational,Yes,NA,Case,9
Acute Hepatitis C,2014,Occupational,Yes,NA,Case,9
Acute Hepatitis C,2015,Occupational,Yes,NA,Case,8
Acute Hepatitis C,2016,Occupational,Yes,NA,Case,5
Acute Hepatitis C,2017,Occupational,Yes,NA,Case,11
Acute Hepatitis C,2018,Occupational,Yes,NA,Case,7
Acute Hepatitis C,2019,Occupational,Yes,NA,Case,7
Acute Hepatitis C,2020,Occupational,Yes,NA,Case,9
Acute Hepatitis C,2021,Occupational,Yes,NA,Case,8
Acute Hepatitis C,2022,Occupational,Yes,NA,Case,6
Acute Hepatitis C,2023,Occupational,Yes,NA,Case,16
Acute Hepatitis C,2011,Occupational,No,NA,Case,615
Acute Hepatitis C,2012,Occupational,No,NA,Case,790
Acute Hepatitis C,2013,Occupational,No,NA,Case,878
Acute Hepatitis C,2014,Occupational,No,NA,Case,887
Acute Hepatitis C,2015,Occupational,No,NA,Case,1063
Acute Hepatitis C,2016,Occupational,No,NA,Case,967
Acute Hepatitis C,2017,Occupational,No,NA,Case,1082
Acute Hepatitis C,2018,Occupational,No,NA,Case,1145
Acute Hepatitis C,2019,Occupational,No,NA,Case,1278
Acute Hepatitis C,2020,Occupational,No,NA,Case,923
Acute Hepatitis C,2021,Occupational,No,NA,Case,864
Acute Hepatitis C,2022,Occupational,No,NA,Case,1045
Acute Hepatitis C,2023,Occupational,No,NA,Case,1157
Acute Hepatitis C,2011,Occupational,Missing/unknown,NA,Case,608
Acute Hepatitis C,2012,Occupational,Missing/unknown,NA,Case,974
Acute Hepatitis C,2013,Occupational,Missing/unknown,NA,Case,1251
Acute Hepatitis C,2014,Occupational,Missing/unknown,NA,Case,1298
Acute Hepatitis C,2015,Occupational,Missing/unknown,NA,Case,1365
Acute Hepatitis C,2016,Occupational,Missing/unknown,NA,Case,1995
Acute Hepatitis C,2017,Occupational,Missing/unknown,NA,Case,2123
Acute Hepatitis C,2018,Occupational,Missing/unknown,NA,Case,2469
Acute Hepatitis C,2019,Occupational,Missing/unknown,NA,Case,2851
Acute Hepatitis C,2020,Occupational,Missing/unknown,NA,Case,3866
Acute Hepatitis C,2021,Occupational,Missing/unknown,NA,Case,4151
Acute Hepatitis C,2022,Occupational,Missing/unknown,NA,Case,3797
Acute Hepatitis C,2023,Occupational,Missing/unknown,NA,Case,3793
Acute Hepatitis C,2011,Dialysis patient,Yes,NA,Case,5
Acute Hepatitis C,2012,Dialysis patient,Yes,NA,Case,11
Acute Hepatitis C,2013,Dialysis patient,Yes,NA,Case,4
Acute Hepatitis C,2014,Dialysis patient,Yes,NA,Case,8
Acute Hepatitis C,2015,Dialysis patient,Yes,NA,Case,6
Acute Hepatitis C,2016,Dialysis patient,Yes,NA,Case,11
Acute Hepatitis C,2017,Dialysis patient,Yes,NA,Case,24
Acute Hepatitis C,2018,Dialysis patient,Yes,NA,Case,18
Acute Hepatitis C,2019,Dialysis patient,Yes,NA,Case,61
Acute Hepatitis C,2020,Dialysis patient,Yes,NA,Case,69
Acute Hepatitis C,2021,Dialysis patient,Yes,NA,Case,68
Acute Hepatitis C,2022,Dialysis patient,Yes,NA,Case,101
Acute Hepatitis C,2023,Dialysis patient,Yes,NA,Case,142
Acute Hepatitis C,2011,Dialysis patient,No,NA,Case,562
Acute Hepatitis C,2012,Dialysis patient,No,NA,Case,713
Acute Hepatitis C,2013,Dialysis patient,No,NA,Case,808
Acute Hepatitis C,2014,Dialysis patient,No,NA,Case,862
Acute Hepatitis C,2015,Dialysis patient,No,NA,Case,987
Acute Hepatitis C,2016,Dialysis patient,No,NA,Case,991
Acute Hepatitis C,2017,Dialysis patient,No,NA,Case,1147
Acute Hepatitis C,2018,Dialysis patient,No,NA,Case,1041
Acute Hepatitis C,2019,Dialysis patient,No,NA,Case,1249
Acute Hepatitis C,2020,Dialysis patient,No,NA,Case,964
Acute Hepatitis C,2021,Dialysis patient,No,NA,Case,915
Acute Hepatitis C,2022,Dialysis patient,No,NA,Case,1080
Acute Hepatitis C,2023,Dialysis patient,No,NA,Case,1228
Acute Hepatitis C,2011,Dialysis patient,Missing/unknown,NA,Case,665
Acute Hepatitis C,2012,Dialysis patient,Missing/unknown,NA,Case,1054
Acute Hepatitis C,2013,Dialysis patient,Missing/unknown,NA,Case,1326
Acute Hepatitis C,2014,Dialysis patient,Missing/unknown,NA,Case,1324
Acute Hepatitis C,2015,Dialysis patient,Missing/unknown,NA,Case,1443
Acute Hepatitis C,2016,Dialysis patient,Missing/unknown,NA,Case,1965
Acute Hepatitis C,2017,Dialysis patient,Missing/unknown,NA,Case,2045
Acute Hepatitis C,2018,Dialysis patient,Missing/unknown,NA,Case,2562
Acute Hepatitis C,2019,Dialysis patient,Missing/unknown,NA,Case,2826
Acute Hepatitis C,2020,Dialysis patient,Missing/unknown,NA,Case,3765
Acute Hepatitis C,2021,Dialysis patient,Missing/unknown,NA,Case,4040
Acute Hepatitis C,2022,Dialysis patient,Missing/unknown,NA,Case,3667
Acute Hepatitis C,2023,Dialysis patient,Missing/unknown,NA,Case,3596
Acute Hepatitis C,2011,Transfusion,Yes,NA,Case,2
Acute Hepatitis C,2012,Transfusion,Yes,NA,Case,2
Acute Hepatitis C,2017,Transfusion,Yes,NA,Case,2
Acute Hepatitis C,2018,Transfusion,Yes,NA,Case,1
Acute Hepatitis C,2019,Transfusion,Yes,NA,Case,3
Acute Hepatitis C,2020,Transfusion,Yes,NA,Case,1
Acute Hepatitis C,2021,Transfusion,Yes,NA,Case,2
Acute Hepatitis C,2022,Transfusion,Yes,NA,Case,5
Acute Hepatitis C,2023,Transfusion,Yes,NA,Case,4
Acute Hepatitis C,2011,Transfusion,No,NA,Case,549
Acute Hepatitis C,2012,Transfusion,No,NA,Case,732
Acute Hepatitis C,2013,Transfusion,No,NA,Case,816
Acute Hepatitis C,2014,Transfusion,No,NA,Case,769
Acute Hepatitis C,2015,Transfusion,No,NA,Case,939
Acute Hepatitis C,2016,Transfusion,No,NA,Case,900
Acute Hepatitis C,2017,Transfusion,No,NA,Case,990
Acute Hepatitis C,2018,Transfusion,No,NA,Case,956
Acute Hepatitis C,2019,Transfusion,No,NA,Case,1105
Acute Hepatitis C,2020,Transfusion,No,NA,Case,885
Acute Hepatitis C,2021,Transfusion,No,NA,Case,818
Acute Hepatitis C,2022,Transfusion,No,NA,Case,957
Acute Hepatitis C,2023,Transfusion,No,NA,Case,1025
Acute Hepatitis C,2011,Transfusion,Missing/unknown,NA,Case,681
Acute Hepatitis C,2012,Transfusion,Missing/unknown,NA,Case,1044
Acute Hepatitis C,2013,Transfusion,Missing/unknown,NA,Case,1322
Acute Hepatitis C,2014,Transfusion,Missing/unknown,NA,Case,1425
Acute Hepatitis C,2015,Transfusion,Missing/unknown,NA,Case,1497
Acute Hepatitis C,2016,Transfusion,Missing/unknown,NA,Case,2067
Acute Hepatitis C,2017,Transfusion,Missing/unknown,NA,Case,2224
Acute Hepatitis C,2018,Transfusion,Missing/unknown,NA,Case,2664
Acute Hepatitis C,2019,Transfusion,Missing/unknown,NA,Case,3028
Acute Hepatitis C,2020,Transfusion,Missing/unknown,NA,Case,3912
Acute Hepatitis C,2021,Transfusion,Missing/unknown,NA,Case,4203
Acute Hepatitis C,2022,Transfusion,Missing/unknown,NA,Case,3886
Acute Hepatitis C,2023,Transfusion,Missing/unknown,NA,Case,3937
Hepatitis A,2011,Area,Total,0.02,Death,69
Hepatitis A,2012,Area,Total,0.02,Death,77
Hepatitis A,2013,Area,Total,0.02,Death,80
Hepatitis A,2014,Area,Total,0.02,Death,76
Hepatitis A,2015,Area,Total,0.01,Death,67
Hepatitis A,2016,Area,Total,0.01,Death,70
Hepatitis A,2017,Area,Total,0.02,Death,91
Hepatitis A,2018,Area,Total,0.05,Death,171
Hepatitis A,2019,Area,Total,0.04,Death,225
Hepatitis A,2020,Area,Total,0.04,Death,179
Hepatitis A,2021,Area,Total,0.03,Death,135
Hepatitis A,2022,Area,Total,0.02,Death,118
Hepatitis A,2023,Area,Total,0.01,Death,85
Hepatitis B,2011,Area,Total,0.51,Death,NA
Hepatitis B,2011,Area,Alabama,0.4,Death,23
Hepatitis B,2011,Area,Alaska,NA,Death,NA
Hepatitis B,2011,Area,Arizona,0.35,Death,27
Hepatitis B,2011,Area,Arkansas,0.69,Death,22
Hepatitis B,2011,Area,California,0.94,Death,361
Hepatitis B,2011,Area,Colorado,0.43,Death,25
Hepatitis B,2011,Area,Connecticut,NA,Death,10
Hepatitis B,2011,Area,Delaware,NA,Death,11
Hepatitis B,2011,Area,District of Columbia,NA,Death,13
Hepatitis B,2011,Area,Florida,0.47,Death,113
Hepatitis B,2011,Area,Georgia,0.44,Death,45
Hepatitis B,2011,Area,Hawaii,1.22,Death,20
Hepatitis B,2011,Area,Idaho,NA,Death,NA
Hepatitis B,2011,Area,Illinois,0.22,Death,29
Hepatitis B,2011,Area,Indiana,0.37,Death,27
Hepatitis B,2011,Area,Iowa,NA,Death,10
Hepatitis B,2011,Area,Kansas,NA,Death,NA
Hepatitis B,2011,Area,Kentucky,0.42,Death,22
Hepatitis B,2011,Area,Louisiana,0.48,Death,23
Hepatitis B,2011,Area,Maine,NA,Death,NA
Hepatitis B,2011,Area,Maryland,0.59,Death,40
Hepatitis B,2011,Area,Massachusetts,0.44,Death,33
Hepatitis B,2011,Area,Michigan,0.3,Death,36
Hepatitis B,2011,Area,Minnesota,0.36,Death,22
Hepatitis B,2011,Area,Mississippi,NA,Death,19
Hepatitis B,2011,Area,Missouri,0.28,Death,20
Hepatitis B,2011,Area,Montana,NA,Death,NA
Hepatitis B,2011,Area,Nebraska,NA,Death,NA
Hepatitis B,2011,Area,Nevada,NA,Death,13
Hepatitis B,2011,Area,New Hampshire,NA,Death,NA
Hepatitis B,2011,Area,New Jersey,0.39,Death,41
Hepatitis B,2011,Area,New Mexico,NA,Death,NA
Hepatitis B,2011,Area,New York,0.74,Death,165
Hepatitis B,2011,Area,North Carolina,0.37,Death,41
Hepatitis B,2011,Area,North Dakota,NA,Death,NA
Hepatitis B,2011,Area,Ohio,0.46,Death,68
Hepatitis B,2011,Area,Oklahoma,0.73,Death,31
Hepatitis B,2011,Area,Oregon,0.6,Death,27
Hepatitis B,2011,Area,Pennsylvania,0.28,Death,39
Hepatitis B,2011,Area,Rhode Island,NA,Death,12
Hepatitis B,2011,Area,South Carolina,0.47,Death,26
Hepatitis B,2011,Area,South Dakota,NA,Death,NA
Hepatitis B,2011,Area,Tennessee,0.66,Death,48
Hepatitis B,2011,Area,Texas,0.65,Death,159
Hepatitis B,2011,Area,Utah,NA,Death,10
Hepatitis B,2011,Area,Vermont,NA,Death,NA
Hepatitis B,2011,Area,Virginia,0.4,Death,36
Hepatitis B,2011,Area,Washington,0.69,Death,54
Hepatitis B,2011,Area,West Virginia,NA,Death,14
Hepatitis B,2011,Area,Wisconsin,NA,Death,17
Hepatitis B,2011,Area,Wyoming,NA,Death,NA
Hepatitis B,2012,Area,Total,0.51,Death,NA
Hepatitis B,2012,Area,Alabama,NA,Death,11
Hepatitis B,2012,Area,Alaska,NA,Death,NA
Hepatitis B,2012,Area,Arizona,0.46,Death,33
Hepatitis B,2012,Area,Arkansas,NA,Death,16
Hepatitis B,2012,Area,California,0.96,Death,381
Hepatitis B,2012,Area,Colorado,0.39,Death,22
Hepatitis B,2012,Area,Connecticut,NA,Death,NA
Hepatitis B,2012,Area,Delaware,NA,Death,NA
Hepatitis B,2012,Area,District of Columbia,NA,Death,13
Hepatitis B,2012,Area,Florida,0.41,Death,101
Hepatitis B,2012,Area,Georgia,0.36,Death,39
Hepatitis B,2012,Area,Hawaii,1.68,Death,28
Hepatitis B,2012,Area,Idaho,NA,Death,NA
Hepatitis B,2012,Area,Illinois,0.22,Death,30
Hepatitis B,2012,Area,Indiana,0.32,Death,25
Hepatitis B,2012,Area,Iowa,0.6,Death,20
Hepatitis B,2012,Area,Kansas,NA,Death,NA
Hepatitis B,2012,Area,Kentucky,0.54,Death,26
Hepatitis B,2012,Area,Louisiana,0.76,Death,41
Hepatitis B,2012,Area,Maine,NA,Death,NA
Hepatitis B,2012,Area,Maryland,0.55,Death,37
Hepatitis B,2012,Area,Massachusetts,0.31,Death,25
Hepatitis B,2012,Area,Michigan,0.33,Death,39
Hepatitis B,2012,Area,Minnesota,NA,Death,19
Hepatitis B,2012,Area,Mississippi,0.7,Death,22
Hepatitis B,2012,Area,Missouri,0.35,Death,24
Hepatitis B,2012,Area,Montana,NA,Death,NA
Hepatitis B,2012,Area,Nebraska,NA,Death,NA
Hepatitis B,2012,Area,Nevada,NA,Death,14
Hepatitis B,2012,Area,New Hampshire,NA,Death,NA
Hepatitis B,2012,Area,New Jersey,0.49,Death,49
Hepatitis B,2012,Area,New Mexico,NA,Death,14
Hepatitis B,2012,Area,New York,0.66,Death,143
Hepatitis B,2012,Area,North Carolina,0.34,Death,40
Hepatitis B,2012,Area,North Dakota,NA,Death,NA
Hepatitis B,2012,Area,Ohio,0.45,Death,59
Hepatitis B,2012,Area,Oklahoma,0.79,Death,33
Hepatitis B,2012,Area,Oregon,0.74,Death,35
Hepatitis B,2012,Area,Pennsylvania,0.27,Death,44
Hepatitis B,2012,Area,Rhode Island,NA,Death,NA
Hepatitis B,2012,Area,South Carolina,0.37,Death,20
Hepatitis B,2012,Area,South Dakota,NA,Death,NA
Hepatitis B,2012,Area,Tennessee,0.67,Death,50
Hepatitis B,2012,Area,Texas,0.51,Death,135
Hepatitis B,2012,Area,Utah,NA,Death,10
Hepatitis B,2012,Area,Vermont,NA,Death,NA
Hepatitis B,2012,Area,Virginia,0.4,Death,34
Hepatitis B,2012,Area,Washington,0.61,Death,47
Hepatitis B,2012,Area,West Virginia,NA,Death,14
Hepatitis B,2012,Area,Wisconsin,NA,Death,11
Hepatitis B,2012,Area,Wyoming,NA,Death,NA
Hepatitis B,2013,Area,Total,0.53,Death,NA
Hepatitis B,2013,Area,Alabama,0.5,Death,24
Hepatitis B,2013,Area,Alaska,NA,Death,NA
Hepatitis B,2013,Area,Arizona,0.37,Death,28
Hepatitis B,2013,Area,Arkansas,NA,Death,NA
Hepatitis B,2013,Area,California,0.91,Death,374
Hepatitis B,2013,Area,Colorado,NA,Death,19
Hepatitis B,2013,Area,Connecticut,NA,Death,14
Hepatitis B,2013,Area,Delaware,NA,Death,NA
Hepatitis B,2013,Area,District of Columbia,NA,Death,14
Hepatitis B,2013,Area,Florida,0.45,Death,115
Hepatitis B,2013,Area,Georgia,0.41,Death,45
Hepatitis B,2013,Area,Hawaii,1.49,Death,23
Hepatitis B,2013,Area,Idaho,NA,Death,NA
Hepatitis B,2013,Area,Illinois,0.25,Death,38
Hepatitis B,2013,Area,Indiana,0.36,Death,25
Hepatitis B,2013,Area,Iowa,NA,Death,NA
Hepatitis B,2013,Area,Kansas,NA,Death,10
Hepatitis B,2013,Area,Kentucky,0.46,Death,23
Hepatitis B,2013,Area,Louisiana,0.54,Death,29
Hepatitis B,2013,Area,Maine,NA,Death,NA
Hepatitis B,2013,Area,Maryland,0.5,Death,34
Hepatitis B,2013,Area,Massachusetts,0.43,Death,34
Hepatitis B,2013,Area,Michigan,0.47,Death,56
Hepatitis B,2013,Area,Minnesota,NA,Death,16
Hepatitis B,2013,Area,Mississippi,0.61,Death,20
Hepatitis B,2013,Area,Missouri,0.36,Death,23
Hepatitis B,2013,Area,Montana,NA,Death,NA
Hepatitis B,2013,Area,Nebraska,NA,Death,10
Hepatitis B,2013,Area,Nevada,NA,Death,19
Hepatitis B,2013,Area,New Hampshire,NA,Death,NA
Hepatitis B,2013,Area,New Jersey,0.44,Death,50
Hepatitis B,2013,Area,New Mexico,NA,Death,NA
Hepatitis B,2013,Area,New York,0.78,Death,179
Hepatitis B,2013,Area,North Carolina,0.46,Death,52
Hepatitis B,2013,Area,North Dakota,NA,Death,NA
Hepatitis B,2013,Area,Ohio,0.42,Death,58
Hepatitis B,2013,Area,Oklahoma,1.08,Death,45
Hepatitis B,2013,Area,Oregon,0.61,Death,27
Hepatitis B,2013,Area,Pennsylvania,0.28,Death,44
Hepatitis B,2013,Area,Rhode Island,NA,Death,10
Hepatitis B,2013,Area,South Carolina,0.53,Death,31
Hepatitis B,2013,Area,South Dakota,NA,Death,NA
Hepatitis B,2013,Area,Tennessee,0.81,Death,60
Hepatitis B,2013,Area,Texas,0.54,Death,143
Hepatitis B,2013,Area,Utah,NA,Death,10
Hepatitis B,2013,Area,Vermont,NA,Death,NA
Hepatitis B,2013,Area,Virginia,0.34,Death,32
Hepatitis B,2013,Area,Washington,0.72,Death,60
Hepatitis B,2013,Area,West Virginia,NA,Death,NA
Hepatitis B,2013,Area,Wisconsin,NA,Death,14
Hepatitis B,2013,Area,Wyoming,NA,Death,NA
Hepatitis B,2014,Area,Total,0.5,Death,NA
Hepatitis B,2014,Area,Alabama,0.37,Death,20
Hepatitis B,2014,Area,Alaska,NA,Death,NA
Hepatitis B,2014,Area,Arizona,0.48,Death,38
Hepatitis B,2014,Area,Arkansas,NA,Death,18
Hepatitis B,2014,Area,California,0.96,Death,406
Hepatitis B,2014,Area,Colorado,0.38,Death,23
Hepatitis B,2014,Area,Connecticut,NA,Death,14
Hepatitis B,2014,Area,Delaware,NA,Death,NA
Hepatitis B,2014,Area,District of Columbia,NA,Death,NA
Hepatitis B,2014,Area,Florida,0.4,Death,105
Hepatitis B,2014,Area,Georgia,0.47,Death,51
Hepatitis B,2014,Area,Hawaii,1.47,Death,25
Hepatitis B,2014,Area,Idaho,NA,Death,NA
Hepatitis B,2014,Area,Illinois,0.21,Death,31
Hepatitis B,2014,Area,Indiana,0.35,Death,26
Hepatitis B,2014,Area,Iowa,NA,Death,12
Hepatitis B,2014,Area,Kansas,NA,Death,NA
Hepatitis B,2014,Area,Kentucky,0.66,Death,30
Hepatitis B,2014,Area,Louisiana,0.88,Death,49
Hepatitis B,2014,Area,Maine,NA,Death,NA
Hepatitis B,2014,Area,Maryland,0.44,Death,29
Hepatitis B,2014,Area,Massachusetts,0.47,Death,38
Hepatitis B,2014,Area,Michigan,0.27,Death,33
Hepatitis B,2014,Area,Minnesota,NA,Death,18
Hepatitis B,2014,Area,Mississippi,0.65,Death,23
Hepatitis B,2014,Area,Missouri,NA,Death,18
Hepatitis B,2014,Area,Montana,NA,Death,NA
Hepatitis B,2014,Area,Nebraska,NA,Death,NA
Hepatitis B,2014,Area,Nevada,NA,Death,10
Hepatitis B,2014,Area,New Hampshire,NA,Death,NA
Hepatitis B,2014,Area,New Jersey,0.44,Death,49
Hepatitis B,2014,Area,New Mexico,NA,Death,11
Hepatitis B,2014,Area,New York,0.64,Death,147
Hepatitis B,2014,Area,North Carolina,0.29,Death,34
Hepatitis B,2014,Area,North Dakota,NA,Death,NA
Hepatitis B,2014,Area,Ohio,0.41,Death,58
Hepatitis B,2014,Area,Oklahoma,0.71,Death,31
Hepatitis B,2014,Area,Oregon,0.59,Death,28
Hepatitis B,2014,Area,Pennsylvania,0.29,Death,46
Hepatitis B,2014,Area,Rhode Island,NA,Death,NA
Hepatitis B,2014,Area,South Carolina,0.54,Death,30
Hepatitis B,2014,Area,South Dakota,NA,Death,NA
Hepatitis B,2014,Area,Tennessee,0.68,Death,54
Hepatitis B,2014,Area,Texas,0.49,Death,140
Hepatitis B,2014,Area,Utah,NA,Death,NA
Hepatitis B,2014,Area,Vermont,NA,Death,NA
Hepatitis B,2014,Area,Virginia,0.23,Death,23
Hepatitis B,2014,Area,Washington,0.66,Death,56
Hepatitis B,2014,Area,West Virginia,NA,Death,16
Hepatitis B,2014,Area,Wisconsin,NA,Death,16
Hepatitis B,2014,Area,Wyoming,NA,Death,NA
Hepatitis B,2015,Area,Total,0.46,Death,NA
Hepatitis B,2015,Area,Alabama,NA,Death,15
Hepatitis B,2015,Area,Alaska,NA,Death,NA
Hepatitis B,2015,Area,Arizona,0.36,Death,30
Hepatitis B,2015,Area,Arkansas,NA,Death,12
Hepatitis B,2015,Area,California,0.82,Death,355
Hepatitis B,2015,Area,Colorado,0.4,Death,23
Hepatitis B,2015,Area,Connecticut,NA,Death,17
Hepatitis B,2015,Area,Delaware,NA,Death,NA
Hepatitis B,2015,Area,District of Columbia,NA,Death,NA
Hepatitis B,2015,Area,Florida,0.4,Death,108
Hepatitis B,2015,Area,Georgia,0.37,Death,43
Hepatitis B,2015,Area,Hawaii,NA,Death,13
Hepatitis B,2015,Area,Idaho,NA,Death,NA
Hepatitis B,2015,Area,Illinois,0.21,Death,30
Hepatitis B,2015,Area,Indiana,0.27,Death,21
Hepatitis B,2015,Area,Iowa,NA,Death,NA
Hepatitis B,2015,Area,Kansas,NA,Death,NA
Hepatitis B,2015,Area,Kentucky,0.54,Death,26
Hepatitis B,2015,Area,Louisiana,0.63,Death,36
Hepatitis B,2015,Area,Maine,NA,Death,NA
Hepatitis B,2015,Area,Maryland,0.38,Death,25
Hepatitis B,2015,Area,Massachusetts,0.54,Death,46
Hepatitis B,2015,Area,Michigan,0.29,Death,35
Hepatitis B,2015,Area,Minnesota,0.45,Death,31
Hepatitis B,2015,Area,Mississippi,0.61,Death,20
Hepatitis B,2015,Area,Missouri,0.25,Death,20
Hepatitis B,2015,Area,Montana,NA,Death,NA
Hepatitis B,2015,Area,Nebraska,NA,Death,NA
Hepatitis B,2015,Area,Nevada,NA,Death,18
Hepatitis B,2015,Area,New Hampshire,NA,Death,NA
Hepatitis B,2015,Area,New Jersey,0.45,Death,48
Hepatitis B,2015,Area,New Mexico,NA,Death,NA
Hepatitis B,2015,Area,New York,0.5,Death,115
Hepatitis B,2015,Area,North Carolina,0.34,Death,40
Hepatitis B,2015,Area,North Dakota,NA,Death,NA
Hepatitis B,2015,Area,Ohio,0.44,Death,58
Hepatitis B,2015,Area,Oklahoma,0.77,Death,34
Hepatitis B,2015,Area,Oregon,0.67,Death,35
Hepatitis B,2015,Area,Pennsylvania,0.27,Death,44
Hepatitis B,2015,Area,Rhode Island,NA,Death,NA
Hepatitis B,2015,Area,South Carolina,0.35,Death,22
Hepatitis B,2015,Area,South Dakota,NA,Death,NA
Hepatitis B,2015,Area,Tennessee,0.7,Death,54
Hepatitis B,2015,Area,Texas,0.43,Death,130
Hepatitis B,2015,Area,Utah,NA,Death,10
Hepatitis B,2015,Area,Vermont,NA,Death,NA
Hepatitis B,2015,Area,Virginia,0.26,Death,25
Hepatitis B,2015,Area,Washington,0.53,Death,48
Hepatitis B,2015,Area,West Virginia,0.89,Death,21
Hepatitis B,2015,Area,Wisconsin,NA,Death,18
Hepatitis B,2015,Area,Wyoming,NA,Death,NA
Hepatitis B,2016,Area,Total,0.45,Death,NA
Hepatitis B,2016,Area,Alabama,NA,Death,19
Hepatitis B,2016,Area,Alaska,NA,Death,NA
Hepatitis B,2016,Area,Arizona,0.34,Death,29
Hepatitis B,2016,Area,Arkansas,NA,Death,10
Hepatitis B,2016,Area,California,0.78,Death,337
Hepatitis B,2016,Area,Colorado,0.39,Death,23
Hepatitis B,2016,Area,Connecticut,NA,Death,NA
Hepatitis B,2016,Area,Delaware,NA,Death,NA
Hepatitis B,2016,Area,District of Columbia,NA,Death,11
Hepatitis B,2016,Area,Florida,0.36,Death,98
Hepatitis B,2016,Area,Georgia,0.3,Death,35
Hepatitis B,2016,Area,Hawaii,1.5,Death,26
Hepatitis B,2016,Area,Idaho,NA,Death,NA
Hepatitis B,2016,Area,Illinois,0.28,Death,40
Hepatitis B,2016,Area,Indiana,0.32,Death,26
Hepatitis B,2016,Area,Iowa,NA,Death,16
Hepatitis B,2016,Area,Kansas,NA,Death,15
Hepatitis B,2016,Area,Kentucky,0.72,Death,36
Hepatitis B,2016,Area,Louisiana,0.49,Death,26
Hepatitis B,2016,Area,Maine,NA,Death,NA
Hepatitis B,2016,Area,Maryland,0.43,Death,31
Hepatitis B,2016,Area,Massachusetts,0.37,Death,32
Hepatitis B,2016,Area,Michigan,0.18,Death,27
Hepatitis B,2016,Area,Minnesota,0.42,Death,25
Hepatitis B,2016,Area,Mississippi,0.64,Death,22
Hepatitis B,2016,Area,Missouri,NA,Death,13
Hepatitis B,2016,Area,Montana,NA,Death,NA
Hepatitis B,2016,Area,Nebraska,NA,Death,NA
Hepatitis B,2016,Area,Nevada,0.66,Death,23
Hepatitis B,2016,Area,New Hampshire,NA,Death,NA
Hepatitis B,2016,Area,New Jersey,0.34,Death,39
Hepatitis B,2016,Area,New Mexico,NA,Death,NA
Hepatitis B,2016,Area,New York,0.6,Death,138
Hepatitis B,2016,Area,North Carolina,0.37,Death,42
Hepatitis B,2016,Area,North Dakota,NA,Death,NA
Hepatitis B,2016,Area,Ohio,0.34,Death,44
Hepatitis B,2016,Area,Oklahoma,0.95,Death,43
Hepatitis B,2016,Area,Oregon,0.54,Death,27
Hepatitis B,2016,Area,Pennsylvania,0.25,Death,41
Hepatitis B,2016,Area,Rhode Island,NA,Death,NA
Hepatitis B,2016,Area,South Carolina,0.6,Death,38
Hepatitis B,2016,Area,South Dakota,NA,Death,NA
Hepatitis B,2016,Area,Tennessee,0.71,Death,55
Hepatitis B,2016,Area,Texas,0.51,Death,149
Hepatitis B,2016,Area,Utah,NA,Death,NA
Hepatitis B,2016,Area,Vermont,NA,Death,NA
Hepatitis B,2016,Area,Virginia,0.24,Death,23
Hepatitis B,2016,Area,Washington,0.55,Death,47
Hepatitis B,2016,Area,West Virginia,NA,Death,11
Hepatitis B,2016,Area,Wisconsin,NA,Death,19
Hepatitis B,2016,Area,Wyoming,NA,Death,NA
Hepatitis B,2017,Area,Total,0.46,Death,NA
Hepatitis B,2017,Area,Alabama,NA,Death,19
Hepatitis B,2017,Area,Alaska,NA,Death,NA
Hepatitis B,2017,Area,Arizona,NA,Death,19
Hepatitis B,2017,Area,Arkansas,0.6,Death,22
Hepatitis B,2017,Area,California,0.8,Death,346
Hepatitis B,2017,Area,Colorado,0.51,Death,32
Hepatitis B,2017,Area,Connecticut,NA,Death,NA
Hepatitis B,2017,Area,Delaware,NA,Death,NA
Hepatitis B,2017,Area,District of Columbia,NA,Death,12
Hepatitis B,2017,Area,Florida,0.45,Death,129
Hepatitis B,2017,Area,Georgia,0.28,Death,34
Hepatitis B,2017,Area,Hawaii,NA,Death,15
Hepatitis B,2017,Area,Idaho,NA,Death,NA
Hepatitis B,2017,Area,Illinois,0.19,Death,30
Hepatitis B,2017,Area,Indiana,0.34,Death,29
Hepatitis B,2017,Area,Iowa,NA,Death,15
Hepatitis B,2017,Area,Kansas,NA,Death,11
Hepatitis B,2017,Area,Kentucky,0.75,Death,35
Hepatitis B,2017,Area,Louisiana,0.53,Death,30
Hepatitis B,2017,Area,Maine,NA,Death,NA
Hepatitis B,2017,Area,Maryland,0.43,Death,31
Hepatitis B,2017,Area,Massachusetts,0.47,Death,36
Hepatitis B,2017,Area,Michigan,0.22,Death,28
Hepatitis B,2017,Area,Minnesota,0.3,Death,21
Hepatitis B,2017,Area,Mississippi,0.67,Death,23
Hepatitis B,2017,Area,Missouri,NA,Death,19
Hepatitis B,2017,Area,Montana,NA,Death,NA
Hepatitis B,2017,Area,Nebraska,NA,Death,NA
Hepatitis B,2017,Area,Nevada,NA,Death,13
Hepatitis B,2017,Area,New Hampshire,NA,Death,NA
Hepatitis B,2017,Area,New Jersey,0.43,Death,43
Hepatitis B,2017,Area,New Mexico,NA,Death,NA
Hepatitis B,2017,Area,New York,0.5,Death,123
Hepatitis B,2017,Area,North Carolina,0.29,Death,36
Hepatitis B,2017,Area,North Dakota,NA,Death,NA
Hepatitis B,2017,Area,Ohio,0.42,Death,55
Hepatitis B,2017,Area,Oklahoma,0.95,Death,40
Hepatitis B,2017,Area,Oregon,0.52,Death,29
Hepatitis B,2017,Area,Pennsylvania,0.2,Death,35
Hepatitis B,2017,Area,Rhode Island,NA,Death,NA
Hepatitis B,2017,Area,South Carolina,0.39,Death,26
Hepatitis B,2017,Area,South Dakota,NA,Death,NA
Hepatitis B,2017,Area,Tennessee,0.83,Death,63
Hepatitis B,2017,Area,Texas,0.51,Death,150
Hepatitis B,2017,Area,Utah,NA,Death,11
Hepatitis B,2017,Area,Vermont,NA,Death,NA
Hepatitis B,2017,Area,Virginia,0.3,Death,29
Hepatitis B,2017,Area,Washington,0.56,Death,47
Hepatitis B,2017,Area,West Virginia,NA,Death,14
Hepatitis B,2017,Area,Wisconsin,0.31,Death,21
Hepatitis B,2017,Area,Wyoming,NA,Death,NA
Hepatitis B,2018,Area,Total,0.43,Death,NA
Hepatitis B,2018,Area,Alabama,NA,Death,19
Hepatitis B,2018,Area,Alaska,NA,Death,NA
Hepatitis B,2018,Area,Arizona,0.34,Death,31
Hepatitis B,2018,Area,Arkansas,NA,Death,17
Hepatitis B,2018,Area,California,0.67,Death,304
Hepatitis B,2018,Area,Colorado,0.39,Death,26
Hepatitis B,2018,Area,Connecticut,NA,Death,13
Hepatitis B,2018,Area,Delaware,NA,Death,NA
Hepatitis B,2018,Area,District of Columbia,NA,Death,NA
Hepatitis B,2018,Area,Florida,0.41,Death,109
Hepatitis B,2018,Area,Georgia,0.35,Death,40
Hepatitis B,2018,Area,Hawaii,NA,Death,14
Hepatitis B,2018,Area,Idaho,NA,Death,NA
Hepatitis B,2018,Area,Illinois,0.2,Death,31
Hepatitis B,2018,Area,Indiana,NA,Death,16
Hepatitis B,2018,Area,Iowa,NA,Death,19
Hepatitis B,2018,Area,Kansas,NA,Death,12
Hepatitis B,2018,Area,Kentucky,0.98,Death,47
Hepatitis B,2018,Area,Louisiana,0.6,Death,36
Hepatitis B,2018,Area,Maine,NA,Death,NA
Hepatitis B,2018,Area,Maryland,0.52,Death,37
Hepatitis B,2018,Area,Massachusetts,0.36,Death,28
Hepatitis B,2018,Area,Michigan,0.25,Death,33
Hepatitis B,2018,Area,Minnesota,0.51,Death,33
Hepatitis B,2018,Area,Mississippi,0.61,Death,20
Hepatitis B,2018,Area,Missouri,0.31,Death,24
Hepatitis B,2018,Area,Montana,NA,Death,NA
Hepatitis B,2018,Area,Nebraska,NA,Death,10
Hepatitis B,2018,Area,Nevada,0.51,Death,20
Hepatitis B,2018,Area,New Hampshire,NA,Death,NA
Hepatitis B,2018,Area,New Jersey,0.39,Death,41
Hepatitis B,2018,Area,New Mexico,NA,Death,NA
Hepatitis B,2018,Area,New York,0.47,Death,115
Hepatitis B,2018,Area,North Carolina,0.27,Death,35
Hepatitis B,2018,Area,North Dakota,NA,Death,NA
Hepatitis B,2018,Area,Ohio,0.32,Death,42
Hepatitis B,2018,Area,Oklahoma,1.16,Death,54
Hepatitis B,2018,Area,Oregon,0.45,Death,23
Hepatitis B,2018,Area,Pennsylvania,0.22,Death,34
Hepatitis B,2018,Area,Rhode Island,NA,Death,11
Hepatitis B,2018,Area,South Carolina,0.42,Death,26
Hepatitis B,2018,Area,South Dakota,NA,Death,NA
Hepatitis B,2018,Area,Tennessee,0.61,Death,50
Hepatitis B,2018,Area,Texas,0.4,Death,119
Hepatitis B,2018,Area,Utah,NA,Death,NA
Hepatitis B,2018,Area,Vermont,NA,Death,NA
Hepatitis B,2018,Area,Virginia,0.28,Death,28
Hepatitis B,2018,Area,Washington,0.57,Death,53
Hepatitis B,2018,Area,West Virginia,1.26,Death,23
Hepatitis B,2018,Area,Wisconsin,NA,Death,19
Hepatitis B,2018,Area,Wyoming,NA,Death,NA
Hepatitis B,2019,Area,Total,0.42,Death,NA
Hepatitis B,2019,Area,Alabama,NA,Death,12
Hepatitis B,2019,Area,Alaska,NA,Death,NA
Hepatitis B,2019,Area,Arizona,0.34,Death,30
Hepatitis B,2019,Area,Arkansas,NA,Death,16
Hepatitis B,2019,Area,California,0.7,Death,327
Hepatitis B,2019,Area,Colorado,0.49,Death,35
Hepatitis B,2019,Area,Connecticut,NA,Death,NA
Hepatitis B,2019,Area,Delaware,NA,Death,NA
Hepatitis B,2019,Area,District of Columbia,NA,Death,NA
Hepatitis B,2019,Area,Florida,0.4,Death,111
Hepatitis B,2019,Area,Georgia,0.35,Death,44
Hepatitis B,2019,Area,Hawaii,1.17,Death,21
Hepatitis B,2019,Area,Idaho,NA,Death,NA
Hepatitis B,2019,Area,Illinois,0.17,Death,25
Hepatitis B,2019,Area,Indiana,0.26,Death,21
Hepatitis B,2019,Area,Iowa,NA,Death,11
Hepatitis B,2019,Area,Kansas,NA,Death,13
Hepatitis B,2019,Area,Kentucky,0.77,Death,37
Hepatitis B,2019,Area,Louisiana,0.55,Death,31
Hepatitis B,2019,Area,Maine,NA,Death,NA
Hepatitis B,2019,Area,Maryland,0.53,Death,39
Hepatitis B,2019,Area,Massachusetts,0.24,Death,22
Hepatitis B,2019,Area,Michigan,0.17,Death,23
Hepatitis B,2019,Area,Minnesota,0.7,Death,48
Hepatitis B,2019,Area,Mississippi,0.72,Death,25
Hepatitis B,2019,Area,Missouri,NA,Death,19
Hepatitis B,2019,Area,Montana,NA,Death,NA
Hepatitis B,2019,Area,Nebraska,NA,Death,NA
Hepatitis B,2019,Area,Nevada,NA,Death,16
Hepatitis B,2019,Area,New Hampshire,NA,Death,NA
Hepatitis B,2019,Area,New Jersey,0.29,Death,34
Hepatitis B,2019,Area,New Mexico,NA,Death,NA
Hepatitis B,2019,Area,New York,0.48,Death,113
Hepatitis B,2019,Area,North Carolina,0.29,Death,39
Hepatitis B,2019,Area,North Dakota,NA,Death,NA
Hepatitis B,2019,Area,Ohio,0.36,Death,49
Hepatitis B,2019,Area,Oklahoma,0.98,Death,45
Hepatitis B,2019,Area,Oregon,0.78,Death,42
Hepatitis B,2019,Area,Pennsylvania,0.25,Death,37
Hepatitis B,2019,Area,Rhode Island,NA,Death,NA
Hepatitis B,2019,Area,South Carolina,NA,Death,17
Hepatitis B,2019,Area,South Dakota,NA,Death,NA
Hepatitis B,2019,Area,Tennessee,0.87,Death,63
Hepatitis B,2019,Area,Texas,0.43,Death,135
Hepatitis B,2019,Area,Utah,NA,Death,NA
Hepatitis B,2019,Area,Vermont,NA,Death,NA
Hepatitis B,2019,Area,Virginia,0.18,Death,20
Hepatitis B,2019,Area,Washington,0.54,Death,50
Hepatitis B,2019,Area,West Virginia,NA,Death,18
Hepatitis B,2019,Area,Wisconsin,NA,Death,NA
Hepatitis B,2019,Area,Wyoming,NA,Death,NA
Hepatitis B,2020,Area,Total,0.45,Death,NA
Hepatitis B,2020,Area,Alabama,NA,Death,12
Hepatitis B,2020,Area,Alaska,NA,Death,NA
Hepatitis B,2020,Area,Arizona,0.24,Death,20
Hepatitis B,2020,Area,Arkansas,NA,Death,19
Hepatitis B,2020,Area,California,0.75,Death,357
Hepatitis B,2020,Area,Colorado,0.5,Death,34
Hepatitis B,2020,Area,Connecticut,NA,Death,NA
Hepatitis B,2020,Area,Delaware,NA,Death,NA
Hepatitis B,2020,Area,District of Columbia,NA,Death,NA
Hepatitis B,2020,Area,Florida,0.41,Death,121
Hepatitis B,2020,Area,Georgia,0.28,Death,37
Hepatitis B,2020,Area,Hawaii,NA,Death,18
Hepatitis B,2020,Area,Idaho,NA,Death,NA
Hepatitis B,2020,Area,Illinois,0.24,Death,36
Hepatitis B,2020,Area,Indiana,0.37,Death,27
Hepatitis B,2020,Area,Iowa,NA,Death,NA
Hepatitis B,2020,Area,Kansas,NA,Death,14
Hepatitis B,2020,Area,Kentucky,0.83,Death,40
Hepatitis B,2020,Area,Louisiana,0.56,Death,31
Hepatitis B,2020,Area,Maine,NA,Death,NA
Hepatitis B,2020,Area,Maryland,0.57,Death,44
Hepatitis B,2020,Area,Massachusetts,0.3,Death,28
Hepatitis B,2020,Area,Michigan,0.25,Death,31
Hepatitis B,2020,Area,Minnesota,0.65,Death,45
Hepatitis B,2020,Area,Mississippi,0.61,Death,23
Hepatitis B,2020,Area,Missouri,NA,Death,18
Hepatitis B,2020,Area,Montana,NA,Death,NA
Hepatitis B,2020,Area,Nebraska,NA,Death,10
Hepatitis B,2020,Area,Nevada,NA,Death,16
Hepatitis B,2020,Area,New Hampshire,NA,Death,NA
Hepatitis B,2020,Area,New Jersey,0.26,Death,29
Hepatitis B,2020,Area,New Mexico,NA,Death,NA
Hepatitis B,2020,Area,New York,0.5,Death,125
Hepatitis B,2020,Area,North Carolina,0.3,Death,38
Hepatitis B,2020,Area,North Dakota,NA,Death,NA
Hepatitis B,2020,Area,Ohio,0.39,Death,53
Hepatitis B,2020,Area,Oklahoma,0.74,Death,37
Hepatitis B,2020,Area,Oregon,0.82,Death,44
Hepatitis B,2020,Area,Pennsylvania,0.19,Death,31
Hepatitis B,2020,Area,Rhode Island,NA,Death,NA
Hepatitis B,2020,Area,South Carolina,0.38,Death,25
Hepatitis B,2020,Area,South Dakota,NA,Death,NA
Hepatitis B,2020,Area,Tennessee,0.73,Death,56
Hepatitis B,2020,Area,Texas,0.44,Death,141
Hepatitis B,2020,Area,Utah,NA,Death,NA
Hepatitis B,2020,Area,Vermont,NA,Death,NA
Hepatitis B,2020,Area,Virginia,0.34,Death,36
Hepatitis B,2020,Area,Washington,0.53,Death,50
Hepatitis B,2020,Area,West Virginia,NA,Death,15
Hepatitis B,2020,Area,Wisconsin,0.27,Death,20
Hepatitis B,2020,Area,Wyoming,NA,Death,NA
Hepatitis B,2021,Area,Total,0.44,Death,NA
Hepatitis B,2021,Area,Alabama,NA,Death,19
Hepatitis B,2021,Area,Alaska,NA,Death,NA
Hepatitis B,2021,Area,Arizona,NA,Death,16
Hepatitis B,2021,Area,Arkansas,0.69,Death,25
Hepatitis B,2021,Area,California,0.77,Death,354
Hepatitis B,2021,Area,Colorado,0.53,Death,35
Hepatitis B,2021,Area,Connecticut,NA,Death,11
Hepatitis B,2021,Area,Delaware,NA,Death,NA
Hepatitis B,2021,Area,District of Columbia,NA,Death,14
Hepatitis B,2021,Area,Florida,0.41,Death,114
Hepatitis B,2021,Area,Georgia,0.35,Death,43
Hepatitis B,2021,Area,Hawaii,1.36,Death,25
Hepatitis B,2021,Area,Idaho,NA,Death,NA
Hepatitis B,2021,Area,Illinois,0.17,Death,31
Hepatitis B,2021,Area,Indiana,0.43,Death,36
Hepatitis B,2021,Area,Iowa,NA,Death,NA
Hepatitis B,2021,Area,Kansas,NA,Death,NA
Hepatitis B,2021,Area,Kentucky,0.84,Death,41
Hepatitis B,2021,Area,Louisiana,0.68,Death,39
Hepatitis B,2021,Area,Maine,NA,Death,NA
Hepatitis B,2021,Area,Maryland,0.45,Death,34
Hepatitis B,2021,Area,Massachusetts,0.29,Death,28
Hepatitis B,2021,Area,Michigan,0.25,Death,32
Hepatitis B,2021,Area,Minnesota,0.57,Death,41
Hepatitis B,2021,Area,Mississippi,0.59,Death,21
Hepatitis B,2021,Area,Missouri,NA,Death,11
Hepatitis B,2021,Area,Montana,NA,Death,NA
Hepatitis B,2021,Area,Nebraska,NA,Death,NA
Hepatitis B,2021,Area,Nevada,NA,Death,13
Hepatitis B,2021,Area,New Hampshire,NA,Death,NA
Hepatitis B,2021,Area,New Jersey,0.23,Death,25
Hepatitis B,2021,Area,New Mexico,NA,Death,NA
Hepatitis B,2021,Area,New York,0.5,Death,124
Hepatitis B,2021,Area,North Carolina,0.34,Death,42
Hepatitis B,2021,Area,North Dakota,NA,Death,NA
Hepatitis B,2021,Area,Ohio,0.37,Death,52
Hepatitis B,2021,Area,Oklahoma,1.03,Death,49
Hepatitis B,2021,Area,Oregon,0.66,Death,34
Hepatitis B,2021,Area,Pennsylvania,0.19,Death,32
Hepatitis B,2021,Area,Rhode Island,NA,Death,NA
Hepatitis B,2021,Area,South Carolina,NA,Death,14
Hepatitis B,2021,Area,South Dakota,NA,Death,NA
Hepatitis B,2021,Area,Tennessee,0.56,Death,44
Hepatitis B,2021,Area,Texas,0.44,Death,143
Hepatitis B,2021,Area,Utah,NA,Death,NA
Hepatitis B,2021,Area,Vermont,NA,Death,NA
Hepatitis B,2021,Area,Virginia,0.34,Death,33
Hepatitis B,2021,Area,Washington,0.66,Death,59
Hepatitis B,2021,Area,West Virginia,NA,Death,15
Hepatitis B,2021,Area,Wisconsin,0.31,Death,25
Hepatitis B,2021,Area,Wyoming,NA,Death,NA
Hepatitis B,2022,Area,Total,0.43,Death,NA
Hepatitis B,2022,Area,Alabama,NA,Death,19
Hepatitis B,2022,Area,Alaska,NA,Death,NA
Hepatitis B,2022,Area,Arizona,NA,Death,18
Hepatitis B,2022,Area,Arkansas,0.53,Death,20
Hepatitis B,2022,Area,California,0.73,Death,352
Hepatitis B,2022,Area,Colorado,0.42,Death,29
Hepatitis B,2022,Area,Connecticut,NA,Death,NA
Hepatitis B,2022,Area,Delaware,NA,Death,NA
Hepatitis B,2022,Area,District of Columbia,NA,Death,NA
Hepatitis B,2022,Area,Florida,0.32,Death,96
Hepatitis B,2022,Area,Georgia,0.41,Death,52
Hepatitis B,2022,Area,Hawaii,1.04,Death,20
Hepatitis B,2022,Area,Idaho,NA,Death,11
Hepatitis B,2022,Area,Illinois,0.2,Death,31
Hepatitis B,2022,Area,Indiana,0.48,Death,37
Hepatitis B,2022,Area,Iowa,NA,Death,18
Hepatitis B,2022,Area,Kansas,NA,Death,12
Hepatitis B,2022,Area,Kentucky,0.77,Death,40
Hepatitis B,2022,Area,Louisiana,0.43,Death,21
Hepatitis B,2022,Area,Maine,NA,Death,NA
Hepatitis B,2022,Area,Maryland,0.64,Death,49
Hepatitis B,2022,Area,Massachusetts,0.25,Death,22
Hepatitis B,2022,Area,Michigan,0.18,Death,26
Hepatitis B,2022,Area,Minnesota,0.48,Death,35
Hepatitis B,2022,Area,Mississippi,0.67,Death,25
Hepatitis B,2022,Area,Missouri,NA,Death,16
Hepatitis B,2022,Area,Montana,NA,Death,NA
Hepatitis B,2022,Area,Nebraska,NA,Death,14
Hepatitis B,2022,Area,Nevada,0.65,Death,24
Hepatitis B,2022,Area,New Hampshire,NA,Death,NA
Hepatitis B,2022,Area,New Jersey,0.34,Death,41
Hepatitis B,2022,Area,New Mexico,NA,Death,NA
Hepatitis B,2022,Area,New York,0.48,Death,123
Hepatitis B,2022,Area,North Carolina,0.3,Death,42
Hepatitis B,2022,Area,North Dakota,NA,Death,NA
Hepatitis B,2022,Area,Ohio,0.34,Death,45
Hepatitis B,2022,Area,Oklahoma,1.03,Death,50
Hepatitis B,2022,Area,Oregon,0.9,Death,49
Hepatitis B,2022,Area,Pennsylvania,0.2,Death,35
Hepatitis B,2022,Area,Rhode Island,NA,Death,NA
Hepatitis B,2022,Area,South Carolina,0.49,Death,30
Hepatitis B,2022,Area,South Dakota,NA,Death,NA
Hepatitis B,2022,Area,Tennessee,0.66,Death,52
Hepatitis B,2022,Area,Texas,0.39,Death,130
Hepatitis B,2022,Area,Utah,NA,Death,NA
Hepatitis B,2022,Area,Vermont,NA,Death,NA
Hepatitis B,2022,Area,Virginia,0.4,Death,44
Hepatitis B,2022,Area,Washington,0.67,Death,61
Hepatitis B,2022,Area,West Virginia,NA,Death,14
Hepatitis B,2022,Area,Wisconsin,0.34,Death,30
Hepatitis B,2022,Area,Wyoming,NA,Death,NA
Hepatitis B,2023,Area,Total,0.43,Death,NA
Hepatitis B,2023,Area,Alabama,NA,Death,15
Hepatitis B,2023,Area,Alaska,NA,Death,11
Hepatitis B,2023,Area,Arizona,NA,Death,15
Hepatitis B,2023,Area,Arkansas,0.55,Death,21
Hepatitis B,2023,Area,California,0.7,Death,331
Hepatitis B,2023,Area,Colorado,0.51,Death,36
Hepatitis B,2023,Area,Connecticut,NA,Death,NA
Hepatitis B,2023,Area,Delaware,NA,Death,NA
Hepatitis B,2023,Area,District of Columbia,NA,Death,NA
Hepatitis B,2023,Area,Florida,0.37,Death,120
Hepatitis B,2023,Area,Georgia,0.32,Death,41
Hepatitis B,2023,Area,Hawaii,1.24,Death,21
Hepatitis B,2023,Area,Idaho,NA,Death,NA
Hepatitis B,2023,Area,Illinois,0.2,Death,32
Hepatitis B,2023,Area,Indiana,0.45,Death,36
Hepatitis B,2023,Area,Iowa,NA,Death,13
Hepatitis B,2023,Area,Kansas,NA,Death,12
Hepatitis B,2023,Area,Kentucky,0.49,Death,27
Hepatitis B,2023,Area,Louisiana,0.46,Death,23
Hepatitis B,2023,Area,Maine,NA,Death,NA
Hepatitis B,2023,Area,Maryland,0.66,Death,52
Hepatitis B,2023,Area,Massachusetts,0.28,Death,25
Hepatitis B,2023,Area,Michigan,0.28,Death,34
Hepatitis B,2023,Area,Minnesota,0.79,Death,53
Hepatitis B,2023,Area,Mississippi,0.66,Death,25
Hepatitis B,2023,Area,Missouri,NA,Death,19
Hepatitis B,2023,Area,Montana,NA,Death,NA
Hepatitis B,2023,Area,Nebraska,NA,Death,NA
Hepatitis B,2023,Area,Nevada,0.65,Death,25
Hepatitis B,2023,Area,New Hampshire,NA,Death,NA
Hepatitis B,2023,Area,New Jersey,0.34,Death,39
Hepatitis B,2023,Area,New Mexico,NA,Death,NA
Hepatitis B,2023,Area,New York,0.47,Death,113
Hepatitis B,2023,Area,North Carolina,0.3,Death,40
Hepatitis B,2023,Area,North Dakota,NA,Death,NA
Hepatitis B,2023,Area,Ohio,0.46,Death,69
Hepatitis B,2023,Area,Oklahoma,0.79,Death,37
Hepatitis B,2023,Area,Oregon,0.74,Death,41
Hepatitis B,2023,Area,Pennsylvania,0.2,Death,33
Hepatitis B,2023,Area,Rhode Island,NA,Death,NA
Hepatitis B,2023,Area,South Carolina,0.34,Death,26
Hepatitis B,2023,Area,South Dakota,NA,Death,NA
Hepatitis B,2023,Area,Tennessee,0.44,Death,38
Hepatitis B,2023,Area,Texas,0.42,Death,138
Hepatitis B,2023,Area,Utah,NA,Death,NA
Hepatitis B,2023,Area,Vermont,NA,Death,NA
Hepatitis B,2023,Area,Virginia,0.31,Death,34
Hepatitis B,2023,Area,Washington,0.61,Death,61
Hepatitis B,2023,Area,West Virginia,NA,Death,15
Hepatitis B,2023,Area,Wisconsin,0.34,Death,26
Hepatitis B,2023,Area,Wyoming,NA,Death,NA
Hepatitis C,2011,Area,Total,4.82,Death,NA
Hepatitis C,2012,Area,Total,4.94,Death,NA
Hepatitis C,2013,Area,Total,5.03,Death,NA
Hepatitis C,2014,Area,Total,5.01,Death,NA
Hepatitis C,2015,Area,Total,4.91,Death,NA
Hepatitis C,2016,Area,Total,4.42,Death,NA
Hepatitis C,2017,Area,Total,4.13,Death,NA
Hepatitis C,2018,Area,Total,3.72,Death,NA
Hepatitis C,2019,Area,Total,3.33,Death,NA
Hepatitis C,2020,Area,Total,3.45,Death,NA
Hepatitis C,2021,Area,Total,3.18,Death,NA
Hepatitis C,2022,Area,Total,2.87,Death,NA
Hepatitis C,2023,Area,Total,2.49,Death,NA
Hepatitis C,2011,Area,Alabama,3.24,Death,186
Hepatitis C,2012,Area,Alabama,3.62,Death,217
Hepatitis C,2013,Area,Alabama,3.88,Death,234
Hepatitis C,2014,Area,Alabama,3.97,Death,246
Hepatitis C,2015,Area,Alabama,3.08,Death,187
Hepatitis C,2016,Area,Alabama,2.63,Death,166
Hepatitis C,2017,Area,Alabama,2.97,Death,188
Hepatitis C,2018,Area,Alabama,2.54,Death,167
Hepatitis C,2019,Area,Alabama,2.06,Death,134
Hepatitis C,2020,Area,Alabama,2.67,Death,178
Hepatitis C,2021,Area,Alabama,2.29,Death,160
Hepatitis C,2022,Area,Alabama,2.53,Death,166
Hepatitis C,2023,Area,Alabama,2.16,Death,146
Hepatitis C,2011,Area,Alaska,5.57,Death,45
Hepatitis C,2012,Area,Alaska,6.71,Death,55
Hepatitis C,2013,Area,Alaska,7.76,Death,62
Hepatitis C,2014,Area,Alaska,7.13,Death,60
Hepatitis C,2015,Area,Alaska,4.95,Death,41
Hepatitis C,2016,Area,Alaska,5.38,Death,50
Hepatitis C,2017,Area,Alaska,4.38,Death,38
Hepatitis C,2018,Area,Alaska,5,Death,40
Hepatitis C,2019,Area,Alaska,4.66,Death,41
Hepatitis C,2020,Area,Alaska,5.17,Death,46
Hepatitis C,2021,Area,Alaska,4.66,Death,40
Hepatitis C,2022,Area,Alaska,3.67,Death,32
Hepatitis C,2023,Area,Alaska,5.96,Death,49
Hepatitis C,2011,Area,Arizona,6.33,Death,465
Hepatitis C,2012,Area,Arizona,7.68,Death,574
Hepatitis C,2013,Area,Arizona,6.87,Death,531
Hepatitis C,2014,Area,Arizona,6.9,Death,553
Hepatitis C,2015,Area,Arizona,6.9,Death,567
Hepatitis C,2016,Area,Arizona,5.81,Death,500
Hepatitis C,2017,Area,Arizona,5.45,Death,480
Hepatitis C,2018,Area,Arizona,3.84,Death,348
Hepatitis C,2019,Area,Arizona,3.01,Death,277
Hepatitis C,2020,Area,Arizona,3.36,Death,329
Hepatitis C,2021,Area,Arizona,2.82,Death,267
Hepatitis C,2022,Area,Arizona,2.46,Death,233
Hepatitis C,2023,Area,Arizona,2.14,Death,212
Hepatitis C,2011,Area,Arkansas,4.62,Death,160
Hepatitis C,2012,Area,Arkansas,4.76,Death,171
Hepatitis C,2013,Area,Arkansas,4.83,Death,171
Hepatitis C,2014,Area,Arkansas,4.39,Death,160
Hepatitis C,2015,Area,Arkansas,5.01,Death,183
Hepatitis C,2016,Area,Arkansas,4.91,Death,184
Hepatitis C,2017,Area,Arkansas,4.43,Death,169
Hepatitis C,2018,Area,Arkansas,3.86,Death,150
Hepatitis C,2019,Area,Arkansas,3.45,Death,134
Hepatitis C,2020,Area,Arkansas,3.43,Death,138
Hepatitis C,2021,Area,Arkansas,3.58,Death,141
Hepatitis C,2022,Area,Arkansas,2.77,Death,114
Hepatitis C,2023,Area,Arkansas,2.29,Death,95
Hepatitis C,2011,Area,California,7.69,Death,NA
Hepatitis C,2012,Area,California,8.06,Death,NA
Hepatitis C,2013,Area,California,8.06,Death,NA
Hepatitis C,2014,Area,California,7.66,Death,NA
Hepatitis C,2015,Area,California,7.19,Death,NA
Hepatitis C,2016,Area,California,6.33,Death,NA
Hepatitis C,2017,Area,California,5.58,Death,NA
Hepatitis C,2018,Area,California,4.98,Death,NA
Hepatitis C,2019,Area,California,4.36,Death,NA
Hepatitis C,2020,Area,California,4.54,Death,NA
Hepatitis C,2021,Area,California,4.07,Death,NA
Hepatitis C,2022,Area,California,3.5,Death,NA
Hepatitis C,2023,Area,California,3.08,Death,NA
Hepatitis C,2011,Area,Colorado,5.04,Death,304
Hepatitis C,2012,Area,Colorado,5.69,Death,344
Hepatitis C,2013,Area,Colorado,5.7,Death,349
Hepatitis C,2014,Area,Colorado,5.49,Death,352
Hepatitis C,2015,Area,Colorado,5.51,Death,362
Hepatitis C,2016,Area,Colorado,5.74,Death,385
Hepatitis C,2017,Area,Colorado,5.62,Death,386
Hepatitis C,2018,Area,Colorado,5.48,Death,387
Hepatitis C,2019,Area,Colorado,5.24,Death,376
Hepatitis C,2020,Area,Colorado,5.84,Death,424
Hepatitis C,2021,Area,Colorado,5.59,Death,411
Hepatitis C,2022,Area,Colorado,4.61,Death,342
Hepatitis C,2023,Area,Colorado,3.99,Death,299
Hepatitis C,2011,Area,Connecticut,2.69,Death,119
Hepatitis C,2012,Area,Connecticut,3.33,Death,153
Hepatitis C,2013,Area,Connecticut,3.42,Death,160
Hepatitis C,2014,Area,Connecticut,3.25,Death,156
Hepatitis C,2015,Area,Connecticut,3.2,Death,153
Hepatitis C,2016,Area,Connecticut,2.52,Death,123
Hepatitis C,2017,Area,Connecticut,2.61,Death,130
Hepatitis C,2018,Area,Connecticut,1.72,Death,89
Hepatitis C,2019,Area,Connecticut,2.03,Death,102
Hepatitis C,2020,Area,Connecticut,1.97,Death,102
Hepatitis C,2021,Area,Connecticut,1.18,Death,60
Hepatitis C,2022,Area,Connecticut,1.22,Death,60
Hepatitis C,2023,Area,Connecticut,1.21,Death,67
Hepatitis C,2011,Area,Delaware,5.33,Death,59
Hepatitis C,2012,Area,Delaware,4.25,Death,49
Hepatitis C,2013,Area,Delaware,4.56,Death,53
Hepatitis C,2014,Area,Delaware,3.91,Death,50
Hepatitis C,2015,Area,Delaware,3.41,Death,45
Hepatitis C,2016,Area,Delaware,3.63,Death,47
Hepatitis C,2017,Area,Delaware,3.8,Death,49
Hepatitis C,2018,Area,Delaware,2.33,Death,34
Hepatitis C,2019,Area,Delaware,2.12,Death,26
Hepatitis C,2020,Area,Delaware,1.94,Death,30
Hepatitis C,2021,Area,Delaware,2.43,Death,36
Hepatitis C,2022,Area,Delaware,3.5,Death,50
Hepatitis C,2023,Area,Delaware,2.49,Death,35
Hepatitis C,2011,Area,District of Columbia,17.01,Death,113
Hepatitis C,2012,Area,District of Columbia,11.76,Death,79
Hepatitis C,2013,Area,District of Columbia,14.73,Death,103
Hepatitis C,2014,Area,District of Columbia,31.21,Death,92
Hepatitis C,2015,Area,District of Columbia,13.93,Death,101
Hepatitis C,2016,Area,District of Columbia,13.37,Death,95
Hepatitis C,2017,Area,District of Columbia,11.42,Death,83
Hepatitis C,2018,Area,District of Columbia,9.4,Death,70
Hepatitis C,2019,Area,District of Columbia,10.08,Death,75
Hepatitis C,2020,Area,District of Columbia,9.65,Death,73
Hepatitis C,2021,Area,District of Columbia,9.2,Death,66
Hepatitis C,2022,Area,District of Columbia,7.25,Death,53
Hepatitis C,2023,Area,District of Columbia,7.52,Death,56
Hepatitis C,2011,Area,Florida,4.35,Death,NA
Hepatitis C,2012,Area,Florida,4.02,Death,NA
Hepatitis C,2013,Area,Florida,4.83,Death,NA
Hepatitis C,2014,Area,Florida,4.71,Death,NA
Hepatitis C,2015,Area,Florida,4.62,Death,NA
Hepatitis C,2016,Area,Florida,4.26,Death,NA
Hepatitis C,2017,Area,Florida,4.16,Death,NA
Hepatitis C,2018,Area,Florida,3.34,Death,NA
Hepatitis C,2019,Area,Florida,3.31,Death,NA
Hepatitis C,2020,Area,Florida,3.22,Death,NA
Hepatitis C,2021,Area,Florida,2.89,Death,913
Hepatitis C,2022,Area,Florida,2.36,Death,778
Hepatitis C,2023,Area,Florida,2.12,Death,698
Hepatitis C,2011,Area,Georgia,3.19,Death,344
Hepatitis C,2012,Area,Georgia,3.5,Death,392
Hepatitis C,2013,Area,Georgia,3.55,Death,409
Hepatitis C,2014,Area,Georgia,3.58,Death,426
Hepatitis C,2015,Area,Georgia,3.26,Death,396
Hepatitis C,2016,Area,Georgia,2.98,Death,368
Hepatitis C,2017,Area,Georgia,2.66,Death,344
Hepatitis C,2018,Area,Georgia,2.46,Death,326
Hepatitis C,2019,Area,Georgia,2.33,Death,313
Hepatitis C,2020,Area,Georgia,2.38,Death,318
Hepatitis C,2021,Area,Georgia,1.97,Death,264
Hepatitis C,2022,Area,Georgia,1.75,Death,240
Hepatitis C,2023,Area,Georgia,1.7,Death,238
Hepatitis C,2011,Area,Hawaii,4.91,Death,82
Hepatitis C,2012,Area,Hawaii,3.8,Death,68
Hepatitis C,2013,Area,Hawaii,3.78,Death,67
Hepatitis C,2014,Area,Hawaii,4.99,Death,87
Hepatitis C,2015,Area,Hawaii,3.7,Death,68
Hepatitis C,2016,Area,Hawaii,3.75,Death,70
Hepatitis C,2017,Area,Hawaii,3.48,Death,67
Hepatitis C,2018,Area,Hawaii,2.42,Death,49
Hepatitis C,2019,Area,Hawaii,2.38,Death,45
Hepatitis C,2020,Area,Hawaii,2.63,Death,55
Hepatitis C,2021,Area,Hawaii,1.85,Death,42
Hepatitis C,2022,Area,Hawaii,1.58,Death,34
Hepatitis C,2023,Area,Hawaii,1.9,Death,41
Hepatitis C,2011,Area,Idaho,3.86,Death,71
Hepatitis C,2012,Area,Idaho,5.76,Death,102
Hepatitis C,2013,Area,Idaho,5.72,Death,110
Hepatitis C,2014,Area,Idaho,5.44,Death,110
Hepatitis C,2015,Area,Idaho,4.79,Death,99
Hepatitis C,2016,Area,Idaho,5.4,Death,115
Hepatitis C,2017,Area,Idaho,3.82,Death,84
Hepatitis C,2018,Area,Idaho,4.87,Death,108
Hepatitis C,2019,Area,Idaho,4.07,Death,93
Hepatitis C,2020,Area,Idaho,3.88,Death,90
Hepatitis C,2021,Area,Idaho,3.14,Death,80
Hepatitis C,2022,Area,Idaho,3.16,Death,81
Hepatitis C,2023,Area,Idaho,2.6,Death,71
Hepatitis C,2011,Area,Illinois,2.05,Death,300
Hepatitis C,2012,Area,Illinois,2.21,Death,340
Hepatitis C,2013,Area,Illinois,2.28,Death,349
Hepatitis C,2014,Area,Illinois,2.33,Death,364
Hepatitis C,2015,Area,Illinois,2.56,Death,399
Hepatitis C,2016,Area,Illinois,2.18,Death,354
Hepatitis C,2017,Area,Illinois,1.72,Death,288
Hepatitis C,2018,Area,Illinois,1.67,Death,279
Hepatitis C,2019,Area,Illinois,1.31,Death,221
Hepatitis C,2020,Area,Illinois,1.68,Death,288
Hepatitis C,2021,Area,Illinois,1.6,Death,272
Hepatitis C,2022,Area,Illinois,1.26,Death,218
Hepatitis C,2023,Area,Illinois,1.13,Death,193
Hepatitis C,2011,Area,Indiana,3.81,Death,289
Hepatitis C,2012,Area,Indiana,3.61,Death,278
Hepatitis C,2013,Area,Indiana,3.34,Death,264
Hepatitis C,2014,Area,Indiana,3.26,Death,263
Hepatitis C,2015,Area,Indiana,3.26,Death,270
Hepatitis C,2016,Area,Indiana,3.6,Death,295
Hepatitis C,2017,Area,Indiana,3.16,Death,269
Hepatitis C,2018,Area,Indiana,2.98,Death,259
Hepatitis C,2019,Area,Indiana,2.76,Death,241
Hepatitis C,2020,Area,Indiana,2.56,Death,223
Hepatitis C,2021,Area,Indiana,2.89,Death,254
Hepatitis C,2022,Area,Indiana,2.47,Death,219
Hepatitis C,2023,Area,Indiana,2.2,Death,189
Hepatitis C,2011,Area,Iowa,2.79,Death,100
Hepatitis C,2012,Area,Iowa,3.22,Death,123
Hepatitis C,2013,Area,Iowa,3.75,Death,144
Hepatitis C,2014,Area,Iowa,3.04,Death,112
Hepatitis C,2015,Area,Iowa,3.19,Death,125
Hepatitis C,2016,Area,Iowa,2.67,Death,109
Hepatitis C,2017,Area,Iowa,3.01,Death,122
Hepatitis C,2018,Area,Iowa,2.4,Death,98
Hepatitis C,2019,Area,Iowa,2.82,Death,116
Hepatitis C,2020,Area,Iowa,2.36,Death,102
Hepatitis C,2021,Area,Iowa,2.06,Death,93
Hepatitis C,2022,Area,Iowa,1.86,Death,79
Hepatitis C,2023,Area,Iowa,1.33,Death,62
Hepatitis C,2011,Area,Kansas,3.5,Death,111
Hepatitis C,2012,Area,Kansas,3.88,Death,132
Hepatitis C,2013,Area,Kansas,3.35,Death,115
Hepatitis C,2014,Area,Kansas,3.62,Death,126
Hepatitis C,2015,Area,Kansas,4.11,Death,141
Hepatitis C,2016,Area,Kansas,4.2,Death,148
Hepatitis C,2017,Area,Kansas,3.83,Death,141
Hepatitis C,2018,Area,Kansas,3.48,Death,130
Hepatitis C,2019,Area,Kansas,3.12,Death,116
Hepatitis C,2020,Area,Kansas,3.54,Death,135
Hepatitis C,2021,Area,Kansas,2.8,Death,108
Hepatitis C,2022,Area,Kansas,2.4,Death,91
Hepatitis C,2023,Area,Kansas,2.18,Death,83
Hepatitis C,2011,Area,Kentucky,4.1,Death,208
Hepatitis C,2012,Area,Kentucky,4.31,Death,223
Hepatitis C,2013,Area,Kentucky,4.55,Death,239
Hepatitis C,2014,Area,Kentucky,4.7,Death,250
Hepatitis C,2015,Area,Kentucky,5.09,Death,270
Hepatitis C,2016,Area,Kentucky,5.05,Death,269
Hepatitis C,2017,Area,Kentucky,5.58,Death,306
Hepatitis C,2018,Area,Kentucky,5.77,Death,319
Hepatitis C,2019,Area,Kentucky,5.08,Death,267
Hepatitis C,2020,Area,Kentucky,6.17,Death,332
Hepatitis C,2021,Area,Kentucky,5.34,Death,296
Hepatitis C,2022,Area,Kentucky,5.32,Death,295
Hepatitis C,2023,Area,Kentucky,4.15,Death,229
Hepatitis C,2011,Area,Louisiana,5.34,Death,277
Hepatitis C,2012,Area,Louisiana,5.96,Death,322
Hepatitis C,2013,Area,Louisiana,5.69,Death,309
Hepatitis C,2014,Area,Louisiana,7.25,Death,400
Hepatitis C,2015,Area,Louisiana,7.15,Death,396
Hepatitis C,2016,Area,Louisiana,6.6,Death,383
Hepatitis C,2017,Area,Louisiana,6.49,Death,382
Hepatitis C,2018,Area,Louisiana,5.92,Death,352
Hepatitis C,2019,Area,Louisiana,5.7,Death,347
Hepatitis C,2020,Area,Louisiana,5.6,Death,349
Hepatitis C,2021,Area,Louisiana,5.34,Death,323
Hepatitis C,2022,Area,Louisiana,4.74,Death,288
Hepatitis C,2023,Area,Louisiana,4.88,Death,288
Hepatitis C,2011,Area,Maine,2.72,Death,52
Hepatitis C,2012,Area,Maine,2.64,Death,51
Hepatitis C,2013,Area,Maine,2.72,Death,52
Hepatitis C,2014,Area,Maine,3.42,Death,59
Hepatitis C,2015,Area,Maine,3.05,Death,57
Hepatitis C,2016,Area,Maine,1.87,Death,40
Hepatitis C,2017,Area,Maine,1.6,Death,32
Hepatitis C,2018,Area,Maine,1.69,Death,34
Hepatitis C,2019,Area,Maine,1.31,Death,23
Hepatitis C,2020,Area,Maine,2.14,Death,34
Hepatitis C,2021,Area,Maine,1.25,Death,25
Hepatitis C,2022,Area,Maine,1.31,Death,27
Hepatitis C,2023,Area,Maine,1.18,Death,28
Hepatitis C,2011,Area,Maryland,4.4,Death,314
Hepatitis C,2012,Area,Maryland,4.52,Death,324
Hepatitis C,2013,Area,Maryland,4.06,Death,299
Hepatitis C,2014,Area,Maryland,4.42,Death,335
Hepatitis C,2015,Area,Maryland,4.84,Death,366
Hepatitis C,2016,Area,Maryland,4.32,Death,327
Hepatitis C,2017,Area,Maryland,4.41,Death,340
Hepatitis C,2018,Area,Maryland,4.44,Death,352
Hepatitis C,2019,Area,Maryland,3.48,Death,282
Hepatitis C,2020,Area,Maryland,3.77,Death,311
Hepatitis C,2021,Area,Maryland,2.69,Death,227
Hepatitis C,2022,Area,Maryland,3.32,Death,275
Hepatitis C,2023,Area,Maryland,2.77,Death,238
Hepatitis C,2011,Area,Massachusetts,3.45,Death,281
Hepatitis C,2012,Area,Massachusetts,3.22,Death,269
Hepatitis C,2013,Area,Massachusetts,3.26,Death,275
Hepatitis C,2014,Area,Massachusetts,3.65,Death,303
Hepatitis C,2015,Area,Massachusetts,3.71,Death,317
Hepatitis C,2016,Area,Massachusetts,2.98,Death,261
Hepatitis C,2017,Area,Massachusetts,3,Death,267
Hepatitis C,2018,Area,Massachusetts,2.33,Death,211
Hepatitis C,2019,Area,Massachusetts,2.09,Death,192
Hepatitis C,2020,Area,Massachusetts,2.26,Death,205
Hepatitis C,2021,Area,Massachusetts,2.11,Death,190
Hepatitis C,2022,Area,Massachusetts,1.95,Death,184
Hepatitis C,2023,Area,Massachusetts,1.35,Death,128
Hepatitis C,2011,Area,Michigan,3.99,Death,506
Hepatitis C,2012,Area,Michigan,3.96,Death,506
Hepatitis C,2013,Area,Michigan,3.9,Death,516
Hepatitis C,2014,Area,Michigan,3.88,Death,511
Hepatitis C,2015,Area,Michigan,3.77,Death,512
Hepatitis C,2016,Area,Michigan,3.06,Death,415
Hepatitis C,2017,Area,Michigan,2.61,Death,368
Hepatitis C,2018,Area,Michigan,2.72,Death,384
Hepatitis C,2019,Area,Michigan,2.5,Death,359
Hepatitis C,2020,Area,Michigan,2.26,Death,326
Hepatitis C,2021,Area,Michigan,2.22,Death,324
Hepatitis C,2022,Area,Michigan,2.05,Death,299
Hepatitis C,2023,Area,Michigan,1.6,Death,238
Hepatitis C,2011,Area,Minnesota,2.81,Death,183
Hepatitis C,2012,Area,Minnesota,3.03,Death,204
Hepatitis C,2013,Area,Minnesota,3.38,Death,229
Hepatitis C,2014,Area,Minnesota,3.5,Death,245
Hepatitis C,2015,Area,Minnesota,3.4,Death,234
Hepatitis C,2016,Area,Minnesota,3.28,Death,240
Hepatitis C,2017,Area,Minnesota,3.19,Death,235
Hepatitis C,2018,Area,Minnesota,2.81,Death,209
Hepatitis C,2019,Area,Minnesota,2.65,Death,199
Hepatitis C,2020,Area,Minnesota,3.03,Death,220
Hepatitis C,2021,Area,Minnesota,2.79,Death,212
Hepatitis C,2022,Area,Minnesota,2.61,Death,205
Hepatitis C,2023,Area,Minnesota,2.3,Death,184
Hepatitis C,2011,Area,Mississippi,4.09,Death,140
Hepatitis C,2012,Area,Mississippi,4.45,Death,157
Hepatitis C,2013,Area,Mississippi,5.12,Death,179
Hepatitis C,2014,Area,Mississippi,4.82,Death,171
Hepatitis C,2015,Area,Mississippi,4.57,Death,162
Hepatitis C,2016,Area,Mississippi,5.08,Death,183
Hepatitis C,2017,Area,Mississippi,4.38,Death,159
Hepatitis C,2018,Area,Mississippi,3.7,Death,141
Hepatitis C,2019,Area,Mississippi,3.85,Death,144
Hepatitis C,2020,Area,Mississippi,4.05,Death,157
Hepatitis C,2021,Area,Mississippi,4.01,Death,152
Hepatitis C,2022,Area,Mississippi,3.83,Death,149
Hepatitis C,2023,Area,Mississippi,3.11,Death,120
Hepatitis C,2011,Area,Missouri,3.94,Death,286
Hepatitis C,2012,Area,Missouri,3.93,Death,291
Hepatitis C,2013,Area,Missouri,4.41,Death,330
Hepatitis C,2014,Area,Missouri,4.13,Death,314
Hepatitis C,2015,Area,Missouri,3.5,Death,275
Hepatitis C,2016,Area,Missouri,3.23,Death,258
Hepatitis C,2017,Area,Missouri,3.06,Death,247
Hepatitis C,2018,Area,Missouri,3.09,Death,244
Hepatitis C,2019,Area,Missouri,2.47,Death,205
Hepatitis C,2020,Area,Missouri,2.44,Death,200
Hepatitis C,2021,Area,Missouri,2.18,Death,183
Hepatitis C,2022,Area,Missouri,1.88,Death,153
Hepatitis C,2023,Area,Missouri,1.33,Death,112
Hepatitis C,2011,Area,Montana,4.97,Death,63
Hepatitis C,2012,Area,Montana,4.68,Death,60
Hepatitis C,2013,Area,Montana,4.74,Death,60
Hepatitis C,2014,Area,Montana,3.77,Death,55
Hepatitis C,2015,Area,Montana,5.76,Death,77
Hepatitis C,2016,Area,Montana,5.71,Death,75
Hepatitis C,2017,Area,Montana,4.89,Death,68
Hepatitis C,2018,Area,Montana,5.36,Death,76
Hepatitis C,2019,Area,Montana,4.02,Death,54
Hepatitis C,2020,Area,Montana,5.54,Death,80
Hepatitis C,2021,Area,Montana,4.23,Death,60
Hepatitis C,2022,Area,Montana,4.64,Death,69
Hepatitis C,2023,Area,Montana,3.34,Death,44
Hepatitis C,2011,Area,Nebraska,3.51,Death,76
Hepatitis C,2012,Area,Nebraska,3.62,Death,80
Hepatitis C,2013,Area,Nebraska,4.14,Death,90
Hepatitis C,2014,Area,Nebraska,3.49,Death,77
Hepatitis C,2015,Area,Nebraska,3.6,Death,82
Hepatitis C,2016,Area,Nebraska,3.25,Death,78
Hepatitis C,2017,Area,Nebraska,3.29,Death,79
Hepatitis C,2018,Area,Nebraska,3.26,Death,72
Hepatitis C,2019,Area,Nebraska,2.41,Death,59
Hepatitis C,2020,Area,Nebraska,2.53,Death,63
Hepatitis C,2021,Area,Nebraska,2.78,Death,73
Hepatitis C,2022,Area,Nebraska,2.41,Death,62
Hepatitis C,2023,Area,Nebraska,1.95,Death,52
Hepatitis C,2011,Area,Nevada,5.45,Death,175
Hepatitis C,2012,Area,Nevada,5.72,Death,191
Hepatitis C,2013,Area,Nevada,6.25,Death,212
Hepatitis C,2014,Area,Nevada,5.33,Death,181
Hepatitis C,2015,Area,Nevada,4.8,Death,173
Hepatitis C,2016,Area,Nevada,4.97,Death,181
Hepatitis C,2017,Area,Nevada,4,Death,153
Hepatitis C,2018,Area,Nevada,3.59,Death,140
Hepatitis C,2019,Area,Nevada,3.19,Death,128
Hepatitis C,2020,Area,Nevada,2.81,Death,115
Hepatitis C,2021,Area,Nevada,3.06,Death,129
Hepatitis C,2022,Area,Nevada,3.21,Death,135
Hepatitis C,2023,Area,Nevada,3.09,Death,133
Hepatitis C,2011,Area,New Hampshire,3.25,Death,58
Hepatitis C,2012,Area,New Hampshire,3.72,Death,69
Hepatitis C,2013,Area,New Hampshire,3.87,Death,73
Hepatitis C,2014,Area,New Hampshire,3.18,Death,62
Hepatitis C,2015,Area,New Hampshire,3.28,Death,65
Hepatitis C,2016,Area,New Hampshire,3.57,Death,68
Hepatitis C,2017,Area,New Hampshire,2.9,Death,57
Hepatitis C,2018,Area,New Hampshire,3.36,Death,64
Hepatitis C,2019,Area,New Hampshire,2.28,Death,44
Hepatitis C,2020,Area,New Hampshire,2.05,Death,38
Hepatitis C,2021,Area,New Hampshire,1.97,Death,35
Hepatitis C,2022,Area,New Hampshire,1.93,Death,40
Hepatitis C,2023,Area,New Hampshire,1.16,Death,25
Hepatitis C,2011,Area,New Jersey,4.11,Death,437
Hepatitis C,2012,Area,New Jersey,3.9,Death,428
Hepatitis C,2013,Area,New Jersey,3.77,Death,424
Hepatitis C,2014,Area,New Jersey,3.93,Death,446
Hepatitis C,2015,Area,New Jersey,3.52,Death,400
Hepatitis C,2016,Area,New Jersey,3.24,Death,378
Hepatitis C,2017,Area,New Jersey,2.9,Death,342
Hepatitis C,2018,Area,New Jersey,2.64,Death,309
Hepatitis C,2019,Area,New Jersey,1.89,Death,224
Hepatitis C,2020,Area,New Jersey,2.1,Death,252
Hepatitis C,2021,Area,New Jersey,1.5,Death,187
Hepatitis C,2022,Area,New Jersey,1.71,Death,213
Hepatitis C,2023,Area,New Jersey,1.29,Death,162
Hepatitis C,2011,Area,New Mexico,8.09,Death,197
Hepatitis C,2012,Area,New Mexico,9.42,Death,227
Hepatitis C,2013,Area,New Mexico,9.4,Death,229
Hepatitis C,2014,Area,New Mexico,8.29,Death,205
Hepatitis C,2015,Area,New Mexico,8.05,Death,195
Hepatitis C,2016,Area,New Mexico,8.12,Death,203
Hepatitis C,2017,Area,New Mexico,6.7,Death,175
Hepatitis C,2018,Area,New Mexico,6.3,Death,163
Hepatitis C,2019,Area,New Mexico,6.33,Death,165
Hepatitis C,2020,Area,New Mexico,6.91,Death,185
Hepatitis C,2021,Area,New Mexico,6.45,Death,171
Hepatitis C,2022,Area,New Mexico,4.04,Death,113
Hepatitis C,2023,Area,New Mexico,4.28,Death,119
Hepatitis C,2011,Area,New York,4.73,Death,NA
Hepatitis C,2012,Area,New York,4.74,Death,NA
Hepatitis C,2013,Area,New York,4.71,Death,NA
Hepatitis C,2014,Area,New York,4.42,Death,NA
Hepatitis C,2015,Area,New York,3.89,Death,979
Hepatitis C,2016,Area,New York,3.06,Death,789
Hepatitis C,2017,Area,New York,2.71,Death,701
Hepatitis C,2018,Area,New York,2.4,Death,615
Hepatitis C,2019,Area,New York,2.12,Death,556
Hepatitis C,2020,Area,New York,2.14,Death,567
Hepatitis C,2021,Area,New York,1.96,Death,535
Hepatitis C,2022,Area,New York,1.73,Death,487
Hepatitis C,2023,Area,New York,1.45,Death,407
Hepatitis C,2011,Area,North Carolina,3.87,Death,445
Hepatitis C,2012,Area,North Carolina,4.39,Death,514
Hepatitis C,2013,Area,North Carolina,4.33,Death,525
Hepatitis C,2014,Area,North Carolina,4.08,Death,495
Hepatitis C,2015,Area,North Carolina,4.19,Death,532
Hepatitis C,2016,Area,North Carolina,3.92,Death,511
Hepatitis C,2017,Area,North Carolina,3.44,Death,460
Hepatitis C,2018,Area,North Carolina,3.11,Death,426
Hepatitis C,2019,Area,North Carolina,2.82,Death,402
Hepatitis C,2020,Area,North Carolina,2.65,Death,369
Hepatitis C,2021,Area,North Carolina,2.49,Death,351
Hepatitis C,2022,Area,North Carolina,2.45,Death,349
Hepatitis C,2023,Area,North Carolina,1.88,Death,273
Hepatitis C,2011,Area,North Dakota,NA,Death,18
Hepatitis C,2012,Area,North Dakota,NA,Death,19
Hepatitis C,2013,Area,North Dakota,2.61,Death,22
Hepatitis C,2014,Area,North Dakota,2.78,Death,24
Hepatitis C,2015,Area,North Dakota,3.55,Death,32
Hepatitis C,2016,Area,North Dakota,2.25,Death,20
Hepatitis C,2017,Area,North Dakota,2.88,Death,23
Hepatitis C,2018,Area,North Dakota,2.52,Death,23
Hepatitis C,2019,Area,North Dakota,3.42,Death,30
Hepatitis C,2020,Area,North Dakota,2.34,Death,20
Hepatitis C,2021,Area,North Dakota,2.42,Death,22
Hepatitis C,2022,Area,North Dakota,4.01,Death,36
Hepatitis C,2023,Area,North Dakota,3.58,Death,29
Hepatitis C,2011,Area,Ohio,3.91,Death,563
Hepatitis C,2012,Area,Ohio,3.52,Death,515
Hepatitis C,2013,Area,Ohio,3.6,Death,534
Hepatitis C,2014,Area,Ohio,3.78,Death,567
Hepatitis C,2015,Area,Ohio,3.7,Death,559
Hepatitis C,2016,Area,Ohio,3.58,Death,546
Hepatitis C,2017,Area,Ohio,3.48,Death,541
Hepatitis C,2018,Area,Ohio,3.16,Death,480
Hepatitis C,2019,Area,Ohio,2.9,Death,450
Hepatitis C,2020,Area,Ohio,3.11,Death,491
Hepatitis C,2021,Area,Ohio,2.55,Death,393
Hepatitis C,2022,Area,Ohio,2.46,Death,382
Hepatitis C,2023,Area,Ohio,2.32,Death,373
Hepatitis C,2011,Area,Oklahoma,8.8,Death,376
Hepatitis C,2012,Area,Oklahoma,9.92,Death,439
Hepatitis C,2013,Area,Oklahoma,9.58,Death,422
Hepatitis C,2014,Area,Oklahoma,11.62,Death,523
Hepatitis C,2015,Area,Oklahoma,11.02,Death,510
Hepatitis C,2016,Area,Oklahoma,11.46,Death,538
Hepatitis C,2017,Area,Oklahoma,11.84,Death,555
Hepatitis C,2018,Area,Oklahoma,11,Death,534
Hepatitis C,2019,Area,Oklahoma,10.75,Death,533
Hepatitis C,2020,Area,Oklahoma,10.28,Death,501
Hepatitis C,2021,Area,Oklahoma,11.05,Death,553
Hepatitis C,2022,Area,Oklahoma,11.14,Death,558
Hepatitis C,2023,Area,Oklahoma,8.87,Death,447
Hepatitis C,2011,Area,Oregon,8.82,Death,429
Hepatitis C,2012,Area,Oregon,8.94,Death,441
Hepatitis C,2013,Area,Oregon,10.64,Death,549
Hepatitis C,2014,Area,Oregon,10.79,Death,563
Hepatitis C,2015,Area,Oregon,9.68,Death,514
Hepatitis C,2016,Area,Oregon,8.9,Death,491
Hepatitis C,2017,Area,Oregon,9.24,Death,518
Hepatitis C,2018,Area,Oregon,8.03,Death,466
Hepatitis C,2019,Area,Oregon,7.26,Death,425
Hepatitis C,2020,Area,Oregon,7.41,Death,448
Hepatitis C,2021,Area,Oregon,7.59,Death,457
Hepatitis C,2022,Area,Oregon,6.74,Death,406
Hepatitis C,2023,Area,Oregon,6.71,Death,414
Hepatitis C,2011,Area,Pennsylvania,3.58,Death,574
Hepatitis C,2012,Area,Pennsylvania,3.93,Death,644
Hepatitis C,2013,Area,Pennsylvania,3.77,Death,634
Hepatitis C,2014,Area,Pennsylvania,3.73,Death,629
Hepatitis C,2015,Area,Pennsylvania,4.18,Death,726
Hepatitis C,2016,Area,Pennsylvania,3.28,Death,564
Hepatitis C,2017,Area,Pennsylvania,3.15,Death,563
Hepatitis C,2018,Area,Pennsylvania,2.37,Death,417
Hepatitis C,2019,Area,Pennsylvania,2.48,Death,445
Hepatitis C,2020,Area,Pennsylvania,2.39,Death,423
Hepatitis C,2021,Area,Pennsylvania,2.56,Death,469
Hepatitis C,2022,Area,Pennsylvania,2.24,Death,404
Hepatitis C,2023,Area,Pennsylvania,2.41,Death,437
Hepatitis C,2011,Area,Rhode Island,5.36,Death,67
Hepatitis C,2012,Area,Rhode Island,6.24,Death,82
Hepatitis C,2013,Area,Rhode Island,5.57,Death,73
Hepatitis C,2014,Area,Rhode Island,7.7,Death,104
Hepatitis C,2015,Area,Rhode Island,7.26,Death,97
Hepatitis C,2016,Area,Rhode Island,6.57,Death,89
Hepatitis C,2017,Area,Rhode Island,5.15,Death,76
Hepatitis C,2018,Area,Rhode Island,6.37,Death,91
Hepatitis C,2019,Area,Rhode Island,3.79,Death,57
Hepatitis C,2020,Area,Rhode Island,3.5,Death,51
Hepatitis C,2021,Area,Rhode Island,3.33,Death,53
Hepatitis C,2022,Area,Rhode Island,2.66,Death,38
Hepatitis C,2023,Area,Rhode Island,2.74,Death,43
Hepatitis C,2011,Area,South Carolina,4.78,Death,269
Hepatitis C,2012,Area,South Carolina,4.67,Death,270
Hepatitis C,2013,Area,South Carolina,4.99,Death,293
Hepatitis C,2014,Area,South Carolina,4.38,Death,271
Hepatitis C,2015,Area,South Carolina,4.67,Death,294
Hepatitis C,2016,Area,South Carolina,4.51,Death,299
Hepatitis C,2017,Area,South Carolina,4.51,Death,302
Hepatitis C,2018,Area,South Carolina,3.7,Death,259
Hepatitis C,2019,Area,South Carolina,3.09,Death,220
Hepatitis C,2020,Area,South Carolina,3.27,Death,240
Hepatitis C,2021,Area,South Carolina,3.52,Death,257
Hepatitis C,2022,Area,South Carolina,3.21,Death,238
Hepatitis C,2023,Area,South Carolina,2.28,Death,179
Hepatitis C,2011,Area,South Dakota,3.33,Death,30
Hepatitis C,2012,Area,South Dakota,3.55,Death,34
Hepatitis C,2013,Area,South Dakota,2.9,Death,26
Hepatitis C,2014,Area,South Dakota,3.18,Death,31
Hepatitis C,2015,Area,South Dakota,3.33,Death,35
Hepatitis C,2016,Area,South Dakota,3.46,Death,37
Hepatitis C,2017,Area,South Dakota,2.56,Death,29
Hepatitis C,2018,Area,South Dakota,2.8,Death,30
Hepatitis C,2019,Area,South Dakota,2.61,Death,29
Hepatitis C,2020,Area,South Dakota,2.82,Death,32
Hepatitis C,2021,Area,South Dakota,3.14,Death,35
Hepatitis C,2022,Area,South Dakota,3.5,Death,41
Hepatitis C,2023,Area,South Dakota,2.67,Death,30
Hepatitis C,2011,Area,Tennessee,7.32,Death,560
Hepatitis C,2012,Area,Tennessee,7.01,Death,542
Hepatitis C,2013,Area,Tennessee,6.83,Death,534
Hepatitis C,2014,Area,Tennessee,6.83,Death,554
Hepatitis C,2015,Area,Tennessee,7.27,Death,592
Hepatitis C,2016,Area,Tennessee,5.89,Death,482
Hepatitis C,2017,Area,Tennessee,5.57,Death,469
Hepatitis C,2018,Area,Tennessee,6.01,Death,517
Hepatitis C,2019,Area,Tennessee,5.77,Death,491
Hepatitis C,2020,Area,Tennessee,5.66,Death,491
Hepatitis C,2021,Area,Tennessee,5.35,Death,472
Hepatitis C,2022,Area,Tennessee,4.85,Death,438
Hepatitis C,2023,Area,Tennessee,4.33,Death,399
Hepatitis C,2011,Area,Texas,6.62,Death,NA
Hepatitis C,2012,Area,Texas,6.5,Death,NA
Hepatitis C,2013,Area,Texas,6.52,Death,NA
Hepatitis C,2014,Area,Texas,6.41,Death,NA
Hepatitis C,2015,Area,Texas,6.72,Death,NA
Hepatitis C,2016,Area,Texas,6.12,Death,NA
Hepatitis C,2017,Area,Texas,6.03,Death,NA
Hepatitis C,2018,Area,Texas,5.3,Death,NA
Hepatitis C,2019,Area,Texas,4.2,Death,NA
Hepatitis C,2020,Area,Texas,4.15,Death,NA
Hepatitis C,2021,Area,Texas,3.94,Death,NA
Hepatitis C,2022,Area,Texas,3.51,Death,NA
Hepatitis C,2023,Area,Texas,2.88,Death,NA
Hepatitis C,2011,Area,Utah,3.51,Death,89
Hepatitis C,2012,Area,Utah,3.74,Death,94
Hepatitis C,2013,Area,Utah,2.98,Death,79
Hepatitis C,2014,Area,Utah,3.34,Death,91
Hepatitis C,2015,Area,Utah,3.47,Death,98
Hepatitis C,2016,Area,Utah,2.98,Death,85
Hepatitis C,2017,Area,Utah,2.29,Death,68
Hepatitis C,2018,Area,Utah,2.59,Death,78
Hepatitis C,2019,Area,Utah,2.17,Death,69
Hepatitis C,2020,Area,Utah,2.28,Death,73
Hepatitis C,2021,Area,Utah,1.57,Death,54
Hepatitis C,2022,Area,Utah,1.31,Death,44
Hepatitis C,2023,Area,Utah,1.45,Death,51
Hepatitis C,2011,Area,Vermont,5.09,Death,43
Hepatitis C,2012,Area,Vermont,4.37,Death,38
Hepatitis C,2013,Area,Vermont,3.63,Death,34
Hepatitis C,2014,Area,Vermont,3.86,Death,33
Hepatitis C,2015,Area,Vermont,4.87,Death,43
Hepatitis C,2016,Area,Vermont,3.72,Death,35
Hepatitis C,2017,Area,Vermont,4.44,Death,40
Hepatitis C,2018,Area,Vermont,3.32,Death,30
Hepatitis C,2019,Area,Vermont,2.95,Death,30
Hepatitis C,2020,Area,Vermont,4.54,Death,37
Hepatitis C,2021,Area,Vermont,3.82,Death,32
Hepatitis C,2022,Area,Vermont,4.31,Death,37
Hepatitis C,2023,Area,Vermont,3.5,Death,31
Hepatitis C,2011,Area,Virginia,2.76,Death,269
Hepatitis C,2012,Area,Virginia,3.03,Death,298
Hepatitis C,2013,Area,Virginia,3.34,Death,339
Hepatitis C,2014,Area,Virginia,3.27,Death,335
Hepatitis C,2015,Area,Virginia,3.15,Death,330
Hepatitis C,2016,Area,Virginia,3.03,Death,327
Hepatitis C,2017,Area,Virginia,2.68,Death,290
Hepatitis C,2018,Area,Virginia,2.48,Death,272
Hepatitis C,2019,Area,Virginia,2.29,Death,249
Hepatitis C,2020,Area,Virginia,2.62,Death,293
Hepatitis C,2021,Area,Virginia,2.68,Death,300
Hepatitis C,2022,Area,Virginia,2.62,Death,298
Hepatitis C,2023,Area,Virginia,2.06,Death,243
Hepatitis C,2011,Area,Washington,7.07,Death,574
Hepatitis C,2012,Area,Washington,7.17,Death,603
Hepatitis C,2013,Area,Washington,6.79,Death,592
Hepatitis C,2014,Area,Washington,7.21,Death,644
Hepatitis C,2015,Area,Washington,7.06,Death,651
Hepatitis C,2016,Area,Washington,5.53,Death,517
Hepatitis C,2017,Area,Washington,5.46,Death,528
Hepatitis C,2018,Area,Washington,4.76,Death,466
Hepatitis C,2019,Area,Washington,4.43,Death,441
Hepatitis C,2020,Area,Washington,4.32,Death,444
Hepatitis C,2021,Area,Washington,4.67,Death,480
Hepatitis C,2022,Area,Washington,4.13,Death,430
Hepatitis C,2023,Area,Washington,3.78,Death,405
Hepatitis C,2011,Area,West Virginia,4.34,Death,101
Hepatitis C,2012,Area,West Virginia,4.72,Death,112
Hepatitis C,2013,Area,West Virginia,4.35,Death,104
Hepatitis C,2014,Area,West Virginia,4.72,Death,110
Hepatitis C,2015,Area,West Virginia,4.65,Death,107
Hepatitis C,2016,Area,West Virginia,4.85,Death,118
Hepatitis C,2017,Area,West Virginia,4.94,Death,116
Hepatitis C,2018,Area,West Virginia,4.9,Death,108
Hepatitis C,2019,Area,West Virginia,4.92,Death,108
Hepatitis C,2020,Area,West Virginia,5.64,Death,112
Hepatitis C,2021,Area,West Virginia,6.65,Death,135
Hepatitis C,2022,Area,West Virginia,5.14,Death,112
Hepatitis C,2023,Area,West Virginia,4,Death,85
Hepatitis C,2011,Area,Wisconsin,2.27,Death,160
Hepatitis C,2012,Area,Wisconsin,1.82,Death,134
Hepatitis C,2013,Area,Wisconsin,2.31,Death,175
Hepatitis C,2014,Area,Wisconsin,2.7,Death,205
Hepatitis C,2015,Area,Wisconsin,2.78,Death,208
Hepatitis C,2016,Area,Wisconsin,2.7,Death,214
Hepatitis C,2017,Area,Wisconsin,1.82,Death,145
Hepatitis C,2018,Area,Wisconsin,1.9,Death,151
Hepatitis C,2019,Area,Wisconsin,1.72,Death,141
Hepatitis C,2020,Area,Wisconsin,2.49,Death,202
Hepatitis C,2021,Area,Wisconsin,1.96,Death,163
Hepatitis C,2022,Area,Wisconsin,1.73,Death,141
Hepatitis C,2023,Area,Wisconsin,1.38,Death,124
Hepatitis C,2011,Area,Wyoming,3.45,Death,26
Hepatitis C,2012,Area,Wyoming,4.47,Death,32
Hepatitis C,2013,Area,Wyoming,3.87,Death,28
Hepatitis C,2014,Area,Wyoming,4.77,Death,36
Hepatitis C,2015,Area,Wyoming,3.95,Death,30
Hepatitis C,2016,Area,Wyoming,4.89,Death,38
Hepatitis C,2017,Area,Wyoming,5.5,Death,41
Hepatitis C,2018,Area,Wyoming,5.84,Death,42
Hepatitis C,2019,Area,Wyoming,5.33,Death,42
Hepatitis C,2020,Area,Wyoming,6.31,Death,53
Hepatitis C,2021,Area,Wyoming,4.12,Death,32
Hepatitis C,2022,Area,Wyoming,4.84,Death,37
Hepatitis C,2023,Area,Wyoming,3.57,Death,31
Hepatitis A,2018,Sex,Female,0.02,Death,56
Hepatitis A,2019,Sex,Female,0.04,Death,66
Hepatitis A,2020,Sex,Female,0.01,Death,59
Hepatitis A,2021,Sex,Female,0.02,Death,46
Hepatitis A,2022,Sex,Female,0.02,Death,49
Hepatitis A,2023,Sex,Female,0.01,Death,36
Hepatitis A,2018,Sex,Male,0.07,Death,115
Hepatitis A,2019,Sex,Male,0.09,Death,159
Hepatitis A,2020,Sex,Male,0.06,Death,120
Hepatitis A,2021,Sex,Male,0.05,Death,89
Hepatitis A,2022,Sex,Male,0.03,Death,69
Hepatitis A,2023,Sex,Male,0.02,Death,49
Hepatitis A,2011,Sex,Female,0.01,Death,32
Hepatitis A,2012,Sex,Female,0.01,Death,31
Hepatitis A,2013,Sex,Female,0.01,Death,30
Hepatitis A,2014,Sex,Female,0.01,Death,34
Hepatitis A,2015,Sex,Female,0.01,Death,29
Hepatitis A,2016,Sex,Female,0.01,Death,32
Hepatitis A,2017,Sex,Female,0,Death,28
Hepatitis A,2011,Sex,Male,0.02,Death,37
Hepatitis A,2012,Sex,Male,0.02,Death,46
Hepatitis A,2013,Sex,Male,0.03,Death,50
Hepatitis A,2014,Sex,Male,0.02,Death,42
Hepatitis A,2015,Sex,Male,0.02,Death,38
Hepatitis A,2016,Sex,Male,0.01,Death,38
Hepatitis A,2017,Sex,Male,0.03,Death,63
Hepatitis B,2011,Sex,Female,0.27,Death,482
Hepatitis B,2011,Sex,Male,0.77,Death,1313
Hepatitis B,2012,Sex,Female,0.25,Death,497
Hepatitis B,2012,Sex,Male,0.74,Death,1264
Hepatitis B,2013,Sex,Female,0.26,Death,493
Hepatitis B,2013,Sex,Male,0.79,Death,1373
Hepatitis B,2014,Sex,Female,0.27,Death,536
Hepatitis B,2014,Sex,Male,0.74,Death,1301
Hepatitis B,2015,Sex,Female,0.21,Death,437
Hepatitis B,2015,Sex,Male,0.7,Death,1270
Hepatitis B,2016,Sex,Female,0.22,Death,459
Hepatitis B,2016,Sex,Male,0.67,Death,1231
Hepatitis B,2017,Sex,Female,0.23,Death,452
Hepatitis B,2017,Sex,Male,0.7,Death,1275
Hepatitis B,2023,Sex,Male,0.65,Death,1270
Hepatitis B,2023,Sex,Female,0.23,Death,497
Hepatitis B,2018,Sex,Male,0.65,Death,1191
Hepatitis B,2018,Sex,Female,0.22,Death,458
Hepatitis B,2019,Sex,Male,0.66,Death,1248
Hepatitis B,2019,Sex,Female,0.21,Death,414
Hepatitis B,2020,Sex,Male,0.66,Death,1278
Hepatitis B,2020,Sex,Female,0.22,Death,474
Hepatitis B,2021,Sex,Male,0.65,Death,1260
Hepatitis B,2021,Sex,Female,0.22,Death,488
Hepatitis B,2022,Sex,Male,0.66,Death,1283
Hepatitis B,2022,Sex,Female,0.22,Death,514
Hepatitis C,2011,Sex,Female,2.68,Death,5067
Hepatitis C,2011,Sex,Male,7.08,Death,12621
Hepatitis C,2012,Sex,Female,2.78,Death,5339
Hepatitis C,2012,Sex,Male,7.29,Death,13261
Hepatitis C,2013,Sex,Female,2.86,Death,5614
Hepatitis C,2013,Sex,Male,7.37,Death,13705
Hepatitis C,2014,Sex,Female,2.82,Death,5651
Hepatitis C,2014,Sex,Male,7.38,Death,13962
Hepatitis C,2015,Sex,Female,2.71,Death,5523
Hepatitis C,2015,Sex,Male,7.27,Death,14043
Hepatitis C,2016,Sex,Female,2.54,Death,5278
Hepatitis C,2016,Sex,Male,6.48,Death,12815
Hepatitis C,2017,Sex,Female,2.32,Death,4966
Hepatitis C,2017,Sex,Male,6.12,Death,12287
Hepatitis C,2023,Sex,Male,3.65,Death,7908
Hepatitis C,2023,Sex,Female,1.43,Death,3282
Hepatitis C,2018,Sex,Male,5.53,Death,11242
Hepatitis C,2018,Sex,Female,2.09,Death,4471
Hepatitis C,2019,Sex,Male,4.96,Death,10229
Hepatitis C,2019,Sex,Female,1.83,Death,4013
Hepatitis C,2020,Sex,Male,5.07,Death,10551
Hepatitis C,2020,Sex,Female,1.94,Death,4312
Hepatitis C,2021,Sex,Male,4.61,Death,9801
Hepatitis C,2021,Sex,Female,1.85,Death,4094
Hepatitis C,2022,Sex,Male,4.2,Death,8968
Hepatitis C,2022,Sex,Female,1.68,Death,3749
Hepatitis A,2011,AgeGroups,45–64,0.03,Death,27
Hepatitis A,2011,AgeGroups,65+,0.1,Death,41
Hepatitis A,2011,AgeGroups,0–44,NA,Death,NA
Hepatitis A,2012,AgeGroups,45–64,0.04,Death,35
Hepatitis A,2012,AgeGroups,65+,0.07,Death,27
Hepatitis A,2012,AgeGroups,0–44,NA,Death,NA
Hepatitis A,2013,AgeGroups,45–64,0.05,Death,43
Hepatitis A,2013,AgeGroups,65+,0.08,Death,19
Hepatitis A,2013,AgeGroups,0–44,NA,Death,NA
Hepatitis A,2014,AgeGroups,45–64,0.07,Death,28
Hepatitis A,2014,AgeGroups,65+,0.07,Death,30
Hepatitis A,2014,AgeGroups,0–44,NA,Death,NA
Hepatitis A,2015,AgeGroups,45–64,0.05,Death,19
Hepatitis A,2015,AgeGroups,65+,0.08,Death,28
Hepatitis A,2015,AgeGroups,0–44,NA,Death,NA
Hepatitis A,2016,AgeGroups,45–64,0.04,Death,33
Hepatitis A,2016,AgeGroups,65+,0.06,Death,24
Hepatitis A,2016,AgeGroups,0–44,NA,Death,NA
Hepatitis A,2017,AgeGroups,45–64,0.04,Death,35
Hepatitis A,2017,AgeGroups,65+,0.09,Death,40
Hepatitis A,2017,AgeGroups,0–44,NA,Death,NA
Hepatitis A,2023,AgeGroups,0–44,NA,Death,13
Hepatitis A,2023,AgeGroups,45–64,NA,Death,18
Hepatitis A,2023,AgeGroups,65+,0.08,Death,46
Hepatitis A,2018,AgeGroups,0–44,0.02,Death,33
Hepatitis A,2018,AgeGroups,45–64,0.09,Death,72
Hepatitis A,2018,AgeGroups,65+,0.13,Death,66
Hepatitis A,2019,AgeGroups,0–44,0.01,Death,24
Hepatitis A,2019,AgeGroups,45–64,0.14,Death,118
Hepatitis A,2019,AgeGroups,65+,0.15,Death,83
Hepatitis A,2020,AgeGroups,0–44,NA,Death,19
Hepatitis A,2020,AgeGroups,45–64,0.09,Death,72
Hepatitis A,2020,AgeGroups,65+,0.16,Death,88
Hepatitis A,2021,AgeGroups,0–44,NA,Death,12
Hepatitis A,2021,AgeGroups,45–64,0.06,Death,52
Hepatitis A,2021,AgeGroups,65+,0.13,Death,71
Hepatitis A,2022,AgeGroups,0–44,NA,Death,NA
Hepatitis A,2022,AgeGroups,45–64,0.04,Death,30
Hepatitis A,2022,AgeGroups,65+,0.15,Death,83
Hepatitis B,2011,AgeGroups,0–34,0.03,Death,41
Hepatitis B,2011,AgeGroups,35–44,0.35,Death,142
Hepatitis B,2011,AgeGroups,45–54,0.94,Death,420
Hepatitis B,2011,AgeGroups,55–64,1.69,Death,642
Hepatitis B,2011,AgeGroups,65–74,1.26,Death,283
Hepatitis B,2011,AgeGroups,75+,1.4117719466955099,Death,267
Hepatitis B,2012,AgeGroups,0–34,0.03,Death,37
Hepatitis B,2012,AgeGroups,35–44,0.3,Death,121
Hepatitis B,2012,AgeGroups,45–54,0.96,Death,424
Hepatitis B,2012,AgeGroups,55–64,1.65,Death,638
Hepatitis B,2012,AgeGroups,65–74,1.3,Death,313
Hepatitis B,2012,AgeGroups,75+,1.1899813590463948,Death,228
Hepatitis B,2013,AgeGroups,0–34,0.03,Death,39
Hepatitis B,2013,AgeGroups,35–44,0.36,Death,146
Hepatitis B,2013,AgeGroups,45–54,0.89,Death,388
Hepatitis B,2013,AgeGroups,55–64,1.78,Death,701
Hepatitis B,2013,AgeGroups,65–74,1.36,Death,342
Hepatitis B,2013,AgeGroups,75+,1.282886276544713,Death,250
Hepatitis B,2014,AgeGroups,0–34,0.02,Death,35
Hepatitis B,2014,AgeGroups,35–44,0.31,Death,126
Hepatitis B,2014,AgeGroups,45–54,0.88,Death,384
Hepatitis B,2014,AgeGroups,55–64,1.7,Death,682
Hepatitis B,2014,AgeGroups,65–74,1.35,Death,356
Hepatitis B,2014,AgeGroups,75+,1.2799244703468458,Death,254
Hepatitis B,2015,AgeGroups,0–34,0.02,Death,30
Hepatitis B,2015,AgeGroups,35–44,0.29,Death,118
Hepatitis B,2015,AgeGroups,45–54,0.76,Death,330
Hepatitis B,2015,AgeGroups,55–64,1.49,Death,610
Hepatitis B,2015,AgeGroups,65–74,1.39,Death,382
Hepatitis B,2015,AgeGroups,75+,1.1677193871353444,Death,236
Hepatitis B,2016,AgeGroups,0–34,0.03,Death,39
Hepatitis B,2016,AgeGroups,35–44,0.29,Death,116
Hepatitis B,2016,AgeGroups,45–54,0.76,Death,324
Hepatitis B,2016,AgeGroups,55–64,1.39,Death,576
Hepatitis B,2016,AgeGroups,65–74,1.34,Death,383
Hepatitis B,2016,AgeGroups,75+,1.2224781718518094,Death,252
Hepatitis B,2017,AgeGroups,0–34,0.02,Death,29
Hepatitis B,2017,AgeGroups,35–44,0.26,Death,106
Hepatitis B,2017,AgeGroups,45–54,0.76,Death,323
Hepatitis B,2017,AgeGroups,55–64,1.3,Death,548
Hepatitis B,2017,AgeGroups,65–74,1.4,Death,417
Hepatitis B,2017,AgeGroups,75+,1.43091695850525,Death,303
Hepatitis B,2023,AgeGroups,0–34,0.02,Death,32
Hepatitis B,2023,AgeGroups,35–44,0.29,Death,127
Hepatitis B,2023,AgeGroups,45–54,0.61,Death,247
Hepatitis B,2023,AgeGroups,55–64,1.12,Death,470
Hepatitis B,2023,AgeGroups,65–74,1.53,Death,529
Hepatitis B,2023,AgeGroups,75+,1.47,Death,362
Hepatitis B,2018,AgeGroups,0–34,0.02,Death,32
Hepatitis B,2018,AgeGroups,35–44,0.3,Death,122
Hepatitis B,2018,AgeGroups,45–54,0.68,Death,283
Hepatitis B,2018,AgeGroups,55–64,1.23,Death,520
Hepatitis B,2018,AgeGroups,65–74,1.38,Death,422
Hepatitis B,2018,AgeGroups,75+,1.23,Death,270
Hepatitis B,2019,AgeGroups,0–34,0.03,Death,45
Hepatitis B,2019,AgeGroups,35–44,0.26,Death,110
Hepatitis B,2019,AgeGroups,45–54,0.62,Death,255
Hepatitis B,2019,AgeGroups,55–64,1.18,Death,502
Hepatitis B,2019,AgeGroups,65–74,1.54,Death,484
Hepatitis B,2019,AgeGroups,75+,1.18,Death,266
Hepatitis B,2020,AgeGroups,0–34,0.02,Death,36
Hepatitis B,2020,AgeGroups,35–44,0.26,Death,109
Hepatitis B,2020,AgeGroups,45–54,0.67,Death,269
Hepatitis B,2020,AgeGroups,55–64,1.14,Death,483
Hepatitis B,2020,AgeGroups,65–74,1.52,Death,495
Hepatitis B,2020,AgeGroups,75+,1.56,Death,360
Hepatitis B,2021,AgeGroups,0–34,0.02,Death,30
Hepatitis B,2021,AgeGroups,35–44,0.28,Death,123
Hepatitis B,2021,AgeGroups,45–54,0.65,Death,265
Hepatitis B,2021,AgeGroups,55–64,1.14,Death,486
Hepatitis B,2021,AgeGroups,65–74,1.52,Death,513
Hepatitis B,2021,AgeGroups,75+,1.49,Death,331
Hepatitis B,2022,AgeGroups,0–34,0.02,Death,32
Hepatitis B,2022,AgeGroups,35–44,0.22,Death,97
Hepatitis B,2022,AgeGroups,45–54,0.63,Death,256
Hepatitis B,2022,AgeGroups,55–64,1.18,Death,503
Hepatitis B,2022,AgeGroups,65–74,1.59,Death,536
Hepatitis B,2022,AgeGroups,75+,1.68,Death,373
Hepatitis C,2011,AgeGroups,0–34,0.09,Death,128
Hepatitis C,2011,AgeGroups,35–44,1.71,Death,693
Hepatitis C,2011,AgeGroups,45–54,11.32,Death,5061
Hepatitis C,2011,AgeGroups,55–64,21.86,Death,8320
Hepatitis C,2011,AgeGroups,65–74,9.47,Death,2130
Hepatitis C,2011,AgeGroups,75+,7.16,Death,1355
Hepatitis C,2012,AgeGroups,0–34,0.11,Death,156
Hepatitis C,2012,AgeGroups,35–44,1.53,Death,619
Hepatitis C,2012,AgeGroups,45–54,10.7,Death,4737
Hepatitis C,2012,AgeGroups,55–64,23.87,Death,9211
Hepatitis C,2012,AgeGroups,65–74,10.46,Death,2510
Hepatitis C,2012,AgeGroups,75+,7.13,Death,1366
Hepatitis C,2013,AgeGroups,0–34,0.08,Death,121
Hepatitis C,2013,AgeGroups,35–44,1.41,Death,571
Hepatitis C,2013,AgeGroups,45–54,9.89,Death,4327
Hepatitis C,2013,AgeGroups,55–64,25.13,Death,9879
Hepatitis C,2013,AgeGroups,65–74,11.88,Death,2997
Hepatitis C,2013,AgeGroups,75+,7.3,Death,1423
Hepatitis C,2014,AgeGroups,0–34,0.11,Death,162
Hepatitis C,2014,AgeGroups,35–44,1.36,Death,549
Hepatitis C,2014,AgeGroups,45–54,9.45,Death,4108
Hepatitis C,2014,AgeGroups,55–64,24.89,Death,9976
Hepatitis C,2014,AgeGroups,65–74,12.81,Death,3382
Hepatitis C,2014,AgeGroups,75+,7.21,Death,1431
Hepatitis C,2015,AgeGroups,0–34,0.13,Death,196
Hepatitis C,2015,AgeGroups,35–44,1.46,Death,592
Hepatitis C,2015,AgeGroups,45–54,8.47,Death,3659
Hepatitis C,2015,AgeGroups,55–64,23.68,Death,9678
Hepatitis C,2015,AgeGroups,65–74,14.55,Death,4009
Hepatitis C,2015,AgeGroups,75+,7.08,Death,1431
Hepatitis C,2016,AgeGroups,0–34,0.11,Death,164
Hepatitis C,2016,AgeGroups,35–44,1.31,Death,532
Hepatitis C,2016,AgeGroups,45–54,7.07,Death,3026
Hepatitis C,2016,AgeGroups,55–64,21.73,Death,9011
Hepatitis C,2016,AgeGroups,65–74,14.22,Death,4071
Hepatitis C,2016,AgeGroups,75+,6.25,Death,1288
Hepatitis C,2017,AgeGroups,0–34,0.12,Death,180
Hepatitis C,2017,AgeGroups,35–44,1.24,Death,507
Hepatitis C,2017,AgeGroups,45–54,6.03,Death,2556
Hepatitis C,2017,AgeGroups,55–64,19.7,Death,8275
Hepatitis C,2017,AgeGroups,65–74,14.81,Death,4397
Hepatitis C,2017,AgeGroups,75+,6.28,Death,1329
Hepatitis C,2023,AgeGroups,0–34,0.11,Death,158
Hepatitis C,2023,AgeGroups,35–44,1,Death,442
Hepatitis C,2023,AgeGroups,45–54,2.29,Death,929
Hepatitis C,2023,AgeGroups,55–64,8.88,Death,3718
Hepatitis C,2023,AgeGroups,65–74,13.51,Death,4687
Hepatitis C,2023,AgeGroups,75+,5.11,Death,1256
Hepatitis C,2018,AgeGroups,0–34,0.14,Death,212
Hepatitis C,2018,AgeGroups,35–44,1.21,Death,499
Hepatitis C,2018,AgeGroups,45–54,4.9,Death,2040
Hepatitis C,2018,AgeGroups,55–64,17.26,Death,7297
Hepatitis C,2018,AgeGroups,65–74,14.52,Death,4429
Hepatitis C,2018,AgeGroups,75+,5.63,Death,1235
Hepatitis C,2019,AgeGroups,0–34,0.11,Death,170
Hepatitis C,2019,AgeGroups,35–44,1.13,Death,472
Hepatitis C,2019,AgeGroups,45–54,4.1,Death,1676
Hepatitis C,2019,AgeGroups,55–64,14.85,Death,6304
Hepatitis C,2019,AgeGroups,65–74,14.29,Death,4499
Hepatitis C,2019,AgeGroups,75+,4.95,Death,1117
Hepatitis C,2020,AgeGroups,0–34,0.15,Death,229
Hepatitis C,2020,AgeGroups,35–44,1.29,Death,544
Hepatitis C,2020,AgeGroups,45–54,3.85,Death,1555
Hepatitis C,2020,AgeGroups,55–64,14.27,Death,6053
Hepatitis C,2020,AgeGroups,65–74,15.96,Death,5195
Hepatitis C,2020,AgeGroups,75+,5.56,Death,1286
Hepatitis C,2021,AgeGroups,0–34,0.12,Death,181
Hepatitis C,2021,AgeGroups,35–44,1.35,Death,587
Hepatitis C,2021,AgeGroups,45–54,3.55,Death,1443
Hepatitis C,2021,AgeGroups,55–64,12.48,Death,5342
Hepatitis C,2021,AgeGroups,65–74,15.18,Death,5112
Hepatitis C,2021,AgeGroups,75+,5.55,Death,1230
Hepatitis C,2022,AgeGroups,0–34,0.12,Death,172
Hepatitis C,2022,AgeGroups,35–44,1.22,Death,528
Hepatitis C,2022,AgeGroups,45–54,2.73,Death,1112
Hepatitis C,2022,AgeGroups,55–64,10.66,Death,4561
Hepatitis C,2022,AgeGroups,65–74,15.02,Death,5056
Hepatitis C,2022,AgeGroups,75+,5.36,Death,1287
Hepatitis A,2011,RaceEth,Other,NA,Death,10
Hepatitis A,2011,RaceEth,White,0.01,Death,50
Hepatitis A,2012,RaceEth,White,0.01,Death,60
Hepatitis A,2012,RaceEth,Other,NA,Death,NA
Hepatitis A,2013,RaceEth,White,0.02,Death,71
Hepatitis A,2013,RaceEth,Other,NA,Death,NA
Hepatitis A,2014,RaceEth,Other,NA,Death,11
Hepatitis A,2014,RaceEth,White,0.02,Death,61
Hepatitis A,2015,RaceEth,White,0.01,Death,55
Hepatitis A,2015,RaceEth,Other,NA,Death,NA
Hepatitis A,2016,RaceEth,White,0.02,Death,59
Hepatitis A,2016,RaceEth,Other,NA,Death,NA
Hepatitis A,2017,RaceEth,White,0.02,Death,75
Hepatitis A,2017,RaceEth,Other,NA,Death,NA
Hepatitis A,2023,RaceEth,White,0.02,Death,64
Hepatitis A,2023,RaceEth,Other,NA,Death,21
Hepatitis A,2018,RaceEth,White,0.06,Death,150
Hepatitis A,2018,RaceEth,Other,NA,Death,21
Hepatitis A,2019,RaceEth,White,0.09,Death,194
Hepatitis A,2019,RaceEth,Other,NA,Death,31
Hepatitis A,2020,RaceEth,White,0.05,Death,146
Hepatitis A,2020,RaceEth,Other,NA,Death,33
Hepatitis A,2021,RaceEth,White,0.04,Death,103
Hepatitis A,2021,RaceEth,Other,NA,Death,32
Hepatitis A,2022,RaceEth,White,0.03,Death,88
Hepatitis A,2022,RaceEth,Other,NA,Death,30
Hepatitis B,2011,RaceEth,A/PI,2.68,Death,420
Hepatitis B,2011,RaceEth,Black,0.99,Death,372
Hepatitis B,2011,RaceEth,Hispanic,0.47,Death,158
Hepatitis B,2011,RaceEth,White,0.31,Death,829
Hepatitis B,2012,RaceEth,A/PI,2.87,Death,461
Hepatitis B,2012,RaceEth,AI/AN,NA,Death,13
Hepatitis B,2012,RaceEth,Black,0.81,Death,322
Hepatitis B,2012,RaceEth,Hispanic,0.39,Death,145
Hepatitis B,2012,RaceEth,White,0.31,Death,814
Hepatitis B,2013,RaceEth,A/PI,2.59,Death,446
Hepatitis B,2013,RaceEth,AI/AN,NA,Death,13
Hepatitis B,2013,RaceEth,Black,0.98,Death,384
Hepatitis B,2013,RaceEth,Hispanic,0.37,Death,150
Hepatitis B,2013,RaceEth,White,0.32,Death,866
Hepatitis B,2014,RaceEth,A/PI,2.69,Death,475
Hepatitis B,2014,RaceEth,AI/AN,NA,Death,10
Hepatitis B,2014,RaceEth,Black,0.81,Death,330
Hepatitis B,2014,RaceEth,Hispanic,0.4,Death,156
Hepatitis B,2014,RaceEth,White,0.33,Death,851
Hepatitis B,2015,RaceEth,A/PI,2.23,Death,419
Hepatitis B,2015,RaceEth,AI/AN,NA,Death,13
Hepatitis B,2015,RaceEth,Black,0.75,Death,318
Hepatitis B,2015,RaceEth,Hispanic,0.32,Death,136
Hepatitis B,2015,RaceEth,White,0.28,Death,805
Hepatitis B,2016,RaceEth,A/PI,2.38,Death,454
Hepatitis B,2016,RaceEth,AI/AN,NA,Death,16
Hepatitis B,2016,RaceEth,Black,0.73,Death,315
Hepatitis B,2016,RaceEth,Hispanic,0.3,Death,128
Hepatitis B,2016,RaceEth,White,0.29,Death,767
Hepatitis B,2017,RaceEth,A/PI,2.45,Death,492
Hepatitis B,2017,RaceEth,AI/AN,NA,Death,17
Hepatitis B,2017,RaceEth,Black,0.74,Death,320
Hepatitis B,2017,RaceEth,Hispanic,0.26,Death,109
Hepatitis B,2017,RaceEth,White,0.28,Death,776
Hepatitis B,2023,RaceEth,A/PI,2.4,Death,506
Hepatitis B,2023,RaceEth,AI/AN,NA,Death,18
Hepatitis B,2023,RaceEth,Black,0.69,Death,325
Hepatitis B,2023,RaceEth,Hispanic,0.26,Death,143
Hepatitis B,2023,RaceEth,White,0.26,Death,745
Hepatitis B,2018,RaceEth,A/PI,2.14,Death,434
Hepatitis B,2018,RaceEth,AI/AN,NA,Death,NA
Hepatitis B,2018,RaceEth,Black,0.72,Death,303
Hepatitis B,2018,RaceEth,Hispanic,0.28,Death,122
Hepatitis B,2018,RaceEth,White,0.27,Death,754
Hepatitis B,2019,RaceEth,A/PI,2.13,Death,457
Hepatitis B,2019,RaceEth,AI/AN,NA,Death,16
Hepatitis B,2019,RaceEth,Black,0.67,Death,290
Hepatitis B,2019,RaceEth,Hispanic,0.27,Death,117
Hepatitis B,2019,RaceEth,White,0.28,Death,757
Hepatitis B,2020,RaceEth,A/PI,2.51,Death,537
Hepatitis B,2020,RaceEth,AI/AN,NA,Death,16
Hepatitis B,2020,RaceEth,Black,0.69,Death,307
Hepatitis B,2020,RaceEth,Hispanic,0.28,Death,132
Hepatitis B,2020,RaceEth,White,0.27,Death,739
Hepatitis B,2021,RaceEth,A/PI,2.54,Death,564
Hepatitis B,2021,RaceEth,AI/AN,NA,Death,16
Hepatitis B,2021,RaceEth,Black,0.66,Death,306
Hepatitis B,2021,RaceEth,Hispanic,0.28,Death,136
Hepatitis B,2021,RaceEth,White,0.26,Death,702
Hepatitis B,2022,RaceEth,A/PI,2.3,Death,509
Hepatitis B,2022,RaceEth,AI/AN,NA,Death,17
Hepatitis B,2022,RaceEth,Black,0.7,Death,319
Hepatitis B,2022,RaceEth,Hispanic,0.31,Death,152
Hepatitis B,2022,RaceEth,White,0.27,Death,778
Hepatitis C,2018,RaceEth,AI/AN,9.21,Death,240
Hepatitis C,2019,RaceEth,AI/AN,8.55,Death,233
Hepatitis C,2020,RaceEth,AI/AN,10.64,Death,287
Hepatitis C,2021,RaceEth,AI/AN,9.99,Death,279
Hepatitis C,2022,RaceEth,AI/AN,9.08,Death,248
Hepatitis C,2023,RaceEth,AI/AN,7.62,Death,207
Hepatitis C,2011,RaceEth,AI/AN,9.32,Death,240
Hepatitis C,2012,RaceEth,AI/AN,10.46,Death,276
Hepatitis C,2013,RaceEth,AI/AN,10.79,Death,285
Hepatitis C,2014,RaceEth,AI/AN,10.05,Death,287
Hepatitis C,2015,RaceEth,AI/AN,11.45,Death,324
Hepatitis C,2016,RaceEth,AI/AN,9.8,Death,285
Hepatitis C,2017,RaceEth,AI/AN,10.24,Death,299
Hepatitis C,2018,RaceEth,A/PI,1.4,Death,278
Hepatitis C,2019,RaceEth,A/PI,1.38,Death,285
Hepatitis C,2020,RaceEth,A/PI,1.41,Death,304
Hepatitis C,2021,RaceEth,A/PI,1.32,Death,293
Hepatitis C,2022,RaceEth,A/PI,1.09,Death,240
Hepatitis C,2023,RaceEth,A/PI,1.14,Death,244
Hepatitis C,2011,RaceEth,A/PI,3.02,Death,436
Hepatitis C,2012,RaceEth,A/PI,3.06,Death,458
Hepatitis C,2013,RaceEth,A/PI,2.95,Death,473
Hepatitis C,2014,RaceEth,A/PI,2.43,Death,419
Hepatitis C,2015,RaceEth,A/PI,2.32,Death,415
Hepatitis C,2016,RaceEth,A/PI,2.03,Death,384
Hepatitis C,2017,RaceEth,A/PI,1.86,Death,368
Hepatitis C,2018,RaceEth,Black,6.37,Death,2958
Hepatitis C,2019,RaceEth,Black,5.53,Death,2637
Hepatitis C,2020,RaceEth,Black,5.72,Death,2735
Hepatitis C,2021,RaceEth,Black,5.01,Death,2442
Hepatitis C,2022,RaceEth,Black,4.75,Death,2294
Hepatitis C,2023,RaceEth,Black,3.91,Death,1971
Hepatitis C,2011,RaceEth,Black,7.88,Death,3164
Hepatitis C,2012,RaceEth,Black,7.8,Death,3232
Hepatitis C,2013,RaceEth,Black,8.33,Death,3520
Hepatitis C,2014,RaceEth,Black,8.12,Death,3535
Hepatitis C,2015,RaceEth,Black,8.13,Death,3602
Hepatitis C,2016,RaceEth,Black,7.42,Death,3360
Hepatitis C,2017,RaceEth,Black,7.03,Death,3262
Hepatitis C,2018,RaceEth,Hispanic,4.64,Death,2190
Hepatitis C,2019,RaceEth,Hispanic,3.84,Death,1865
Hepatitis C,2020,RaceEth,Hispanic,4,Death,1979
Hepatitis C,2021,RaceEth,Hispanic,3.67,Death,1901
Hepatitis C,2022,RaceEth,Hispanic,3.13,Death,1596
Hepatitis C,2023,RaceEth,Hispanic,2.49,Death,1373
Hepatitis C,2011,RaceEth,Hispanic,7.27,Death,2596
Hepatitis C,2012,RaceEth,Hispanic,7.29,Death,2698
Hepatitis C,2013,RaceEth,Hispanic,7.03,Death,2747
Hepatitis C,2014,RaceEth,Hispanic,6.9,Death,2792
Hepatitis C,2015,RaceEth,Hispanic,6.48,Death,2737
Hepatitis C,2016,RaceEth,Hispanic,5.76,Death,2510
Hepatitis C,2017,RaceEth,Hispanic,5.29,Death,2399
Hepatitis C,2018,RaceEth,White,3.36,Death,9798
Hepatitis C,2019,RaceEth,White,3.08,Death,8996
Hepatitis C,2020,RaceEth,White,3.18,Death,9333
Hepatitis C,2021,RaceEth,White,2.98,Death,8752
Hepatitis C,2022,RaceEth,White,2.72,Death,8107
Hepatitis C,2023,RaceEth,White,2.39,Death,7188
Hepatitis C,2011,RaceEth,White,4.18,Death,11180
Hepatitis C,2012,RaceEth,White,4.36,Death,11818
Hepatitis C,2013,RaceEth,White,4.41,Death,12188
Hepatitis C,2014,RaceEth,White,4.42,Death,12438
Hepatitis C,2015,RaceEth,White,4.35,Death,12329
Hepatitis C,2016,RaceEth,White,3.95,Death,11389
Hepatitis C,2017,RaceEth,White,3.7,Death,10781
Hepatitis B,2011,HHS,1,0.41,Death,68
Hepatitis B,2011,HHS,2,0.64,Death,206
Hepatitis B,2011,HHS,3,0.43,Death,153
Hepatitis B,2011,HHS,4,0.46,Death,337
Hepatitis B,2011,HHS,5,0.32,Death,199
Hepatitis B,2011,HHS,6,0.62,Death,242
Hepatitis B,2011,HHS,7,0.26,Death,39
Hepatitis B,2011,HHS,8,0.33,Death,40
Hepatitis B,2011,HHS,9,0.84,Death,421
Hepatitis B,2011,HHS,10,0.6,Death,90
Hepatitis B,2012,HHS,1,0.25,Death,47
Hepatitis B,2012,HHS,2,0.59,Death,192
Hepatitis B,2012,HHS,3,0.4,Death,148
Hepatitis B,2012,HHS,4,0.41,Death,309
Hepatitis B,2012,HHS,5,0.3,Death,183
Hepatitis B,2012,HHS,6,0.56,Death,239
Hepatitis B,2012,HHS,7,0.38,Death,61
Hepatitis B,2012,HHS,8,0.31,Death,39
Hepatitis B,2012,HHS,9,0.88,Death,456
Hepatitis B,2012,HHS,10,0.59,Death,87
Hepatitis B,2013,HHS,1,0.38,Death,71
Hepatitis B,2013,HHS,2,0.68,Death,229
Hepatitis B,2013,HHS,3,0.35,Death,130
Hepatitis B,2013,HHS,4,0.49,Death,370
Hepatitis B,2013,HHS,5,0.37,Death,207
Hepatitis B,2013,HHS,6,0.55,Death,234
Hepatitis B,2013,HHS,7,0.34,Death,52
Hepatitis B,2013,HHS,8,0.27,Death,33
Hepatitis B,2013,HHS,9,0.83,Death,444
Hepatitis B,2013,HHS,10,0.62,Death,96
Hepatitis B,2014,HHS,1,0.42,Death,76
Hepatitis B,2014,HHS,2,0.58,Death,196
Hepatitis B,2014,HHS,3,0.38,Death,137
Hepatitis B,2014,HHS,4,0.46,Death,347
Hepatitis B,2014,HHS,5,0.3,Death,182
Hepatitis B,2014,HHS,6,0.58,Death,249
Hepatitis B,2014,HHS,7,0.27,Death,41
Hepatitis B,2014,HHS,8,0.33,Death,39
Hepatitis B,2014,HHS,9,0.88,Death,479
Hepatitis B,2014,HHS,10,0.57,Death,91
Hepatitis B,2015,HHS,1,0.43,Death,81
Hepatitis B,2015,HHS,2,0.48,Death,163
Hepatitis B,2015,HHS,3,0.35,Death,126
Hepatitis B,2015,HHS,4,0.43,Death,328
Hepatitis B,2015,HHS,5,0.32,Death,193
Hepatitis B,2015,HHS,6,0.5,Death,220
Hepatitis B,2015,HHS,7,0.26,Death,44
Hepatitis B,2015,HHS,8,0.35,Death,42
Hepatitis B,2015,HHS,9,0.72,Death,416
Hepatitis B,2015,HHS,10,0.56,Death,94
Hepatitis B,2016,HHS,1,0.28,Death,56
Hepatitis B,2016,HHS,2,0.51,Death,177
Hepatitis B,2016,HHS,3,0.32,Death,118
Hepatitis B,2016,HHS,4,0.44,Death,345
Hepatitis B,2016,HHS,5,0.29,Death,181
Hepatitis B,2016,HHS,6,0.51,Death,230
Hepatitis B,2016,HHS,7,0.33,Death,52
Hepatitis B,2016,HHS,8,0.27,Death,35
Hepatitis B,2016,HHS,9,0.73,Death,415
Hepatitis B,2016,HHS,10,0.51,Death,81
Hepatitis B,2017,HHS,1,0.35,Death,60
Hepatitis B,2017,HHS,2,0.47,Death,166
Hepatitis B,2017,HHS,3,0.32,Death,128
Hepatitis B,2017,HHS,4,0.45,Death,365
Hepatitis B,2017,HHS,5,0.29,Death,184
Hepatitis B,2017,HHS,6,0.55,Death,247
Hepatitis B,2017,HHS,7,0.29,Death,50
Hepatitis B,2017,HHS,8,0.37,Death,48
Hepatitis B,2017,HHS,9,0.69,Death,393
Hepatitis B,2017,HHS,10,0.52,Death,86
Hepatitis B,2018,HHS,1,0.34,Death,64
Hepatitis B,2018,HHS,2,0.44,Death,156
Hepatitis B,2018,HHS,3,0.35,Death,130
Hepatitis B,2018,HHS,4,0.45,Death,346
Hepatitis B,2018,HHS,5,0.28,Death,174
Hepatitis B,2018,HHS,6,0.47,Death,230
Hepatitis B,2018,HHS,7,0.38,Death,65
Hepatitis B,2018,HHS,8,0.25,Death,34
Hepatitis B,2018,HHS,9,0.62,Death,369
Hepatitis B,2018,HHS,10,0.47,Death,81
Hepatitis B,2019,HHS,1,0.22,Death,43
Hepatitis B,2019,HHS,2,0.42,Death,147
Hepatitis B,2019,HHS,3,0.32,Death,126
Hepatitis B,2019,HHS,4,0.42,Death,348
Hepatitis B,2019,HHS,5,0.27,Death,173
Hepatitis B,2019,HHS,6,0.48,Death,230
Hepatitis B,2019,HHS,7,0.3,Death,51
Hepatitis B,2019,HHS,8,0.32,Death,47
Hepatitis B,2019,HHS,9,0.64,Death,394
Hepatitis B,2019,HHS,10,0.58,Death,103
Hepatitis B,2020,HHS,1,0.24,Death,49
Hepatitis B,2020,HHS,2,0.43,Death,154
Hepatitis B,2020,HHS,3,0.35,Death,135
Hepatitis B,2020,HHS,4,0.43,Death,352
Hepatitis B,2020,HHS,5,0.33,Death,212
Hepatitis B,2020,HHS,6,0.47,Death,229
Hepatitis B,2020,HHS,7,0.32,Death,51
Hepatitis B,2020,HHS,8,0.41,Death,54
Hepatitis B,2020,HHS,9,0.66,Death,411
Hepatitis B,2020,HHS,10,0.6,Death,105
Hepatitis B,2021,HHS,1,0.28,Death,58
Hepatitis B,2021,HHS,2,0.41,Death,149
Hepatitis B,2021,HHS,3,0.34,Death,130
Hepatitis B,2021,HHS,4,0.42,Death,338
Hepatitis B,2021,HHS,5,0.33,Death,217
Hepatitis B,2021,HHS,6,0.53,Death,261
Hepatitis B,2021,HHS,7,0.21,Death,35
Hepatitis B,2021,HHS,8,0.34,Death,48
Hepatitis B,2021,HHS,9,0.68,Death,408
Hepatitis B,2021,HHS,10,0.61,Death,104
Hepatitis B,2022,HHS,1,0.23,Death,47
Hepatitis B,2022,HHS,2,0.43,Death,164
Hepatitis B,2022,HHS,3,0.36,Death,152
Hepatitis B,2022,HHS,4,0.43,Death,356
Hepatitis B,2022,HHS,5,0.31,Death,204
Hepatitis B,2022,HHS,6,0.46,Death,229
Hepatitis B,2022,HHS,7,0.33,Death,60
Hepatitis B,2022,HHS,8,0.32,Death,45
Hepatitis B,2022,HHS,9,0.65,Death,414
Hepatitis B,2022,HHS,10,0.68,Death,125
Hepatitis B,2023,HHS,1,0.26,Death,51
Hepatitis B,2023,HHS,2,0.43,Death,152
Hepatitis B,2023,HHS,3,0.34,Death,145
Hepatitis B,2023,HHS,4,0.38,Death,332
Hepatitis B,2023,HHS,5,0.39,Death,250
Hepatitis B,2023,HHS,6,0.46,Death,221
Hepatitis B,2023,HHS,7,0.3,Death,52
Hepatitis B,2023,HHS,8,0.39,Death,55
Hepatitis B,2023,HHS,9,0.62,Death,392
Hepatitis B,2023,HHS,10,0.62,Death,117
Hepatitis C,2011,HHS,1,3.39,Death,620
Hepatitis C,2011,HHS,2,4.54,Death,1542
Hepatitis C,2011,HHS,3,3.81,Death,1430
Hepatitis C,2011,HHS,4,4.34,Death,3221
Hepatitis C,2011,HHS,5,3.16,Death,2001
Hepatitis C,2011,HHS,6,6.57,Death,2770
Hepatitis C,2011,HHS,7,3.53,Death,573
Hepatitis C,2011,HHS,8,4.27,Death,530
Hepatitis C,2011,HHS,9,7.26,Death,3882
Hepatitis C,2011,HHS,10,7.13,Death,1119
Hepatitis C,2012,HHS,1,3.5,Death,662
Hepatitis C,2012,HHS,2,4.47,Death,1546
Hepatitis C,2012,HHS,3,3.97,Death,1506
Hepatitis C,2012,HHS,4,4.37,Death,3342
Hepatitis C,2012,HHS,5,3.05,Death,1977
Hepatitis C,2012,HHS,6,6.76,Death,2943
Hepatitis C,2012,HHS,7,3.71,Death,626
Hepatitis C,2012,HHS,8,4.68,Death,583
Hepatitis C,2012,HHS,9,7.69,Death,4214
Hepatitis C,2012,HHS,10,7.5,Death,1201
Hepatitis C,2013,HHS,1,3.47,Death,667
Hepatitis C,2013,HHS,2,4.43,Death,1563
Hepatitis C,2013,HHS,3,3.94,Death,1532
Hepatitis C,2013,HHS,4,4.69,Death,3674
Hepatitis C,2013,HHS,5,3.15,Death,2067
Hepatitis C,2013,HHS,6,6.72,Death,2974
Hepatitis C,2013,HHS,7,4.01,Death,679
Hepatitis C,2013,HHS,8,4.46,Death,564
Hepatitis C,2013,HHS,9,7.61,Death,4286
Hepatitis C,2013,HHS,10,7.87,Death,1313
Hepatitis C,2014,HHS,1,3.77,Death,717
Hepatitis C,2014,HHS,2,4.27,Death,1538
Hepatitis C,2014,HHS,3,3.95,Death,1551
Hepatitis C,2014,HHS,4,4.61,Death,3679
Hepatitis C,2014,HHS,5,3.23,Death,2155
Hepatitis C,2014,HHS,6,6.94,Death,3148
Hepatitis C,2014,HHS,7,3.69,Death,629
Hepatitis C,2014,HHS,8,4.44,Death,589
Hepatitis C,2014,HHS,9,7.3,Death,4230
Hepatitis C,2014,HHS,10,8.1,Death,1377
Hepatitis C,2015,HHS,1,3.78,Death,732
Hepatitis C,2015,HHS,2,3.78,Death,1379
Hepatitis C,2015,HHS,3,4.17,Death,1675
Hepatitis C,2015,HHS,4,4.53,Death,3703
Hepatitis C,2015,HHS,5,3.24,Death,2182
Hepatitis C,2015,HHS,6,7.08,Death,3280
Hepatitis C,2015,HHS,7,3.58,Death,623
Hepatitis C,2015,HHS,8,4.67,Death,634
Hepatitis C,2015,HHS,9,6.84,Death,4053
Hepatitis C,2015,HHS,10,7.49,Death,1305
Hepatitis C,2016,HHS,1,3.1,Death,616
Hepatitis C,2016,HHS,2,3.12,Death,1167
Hepatitis C,2016,HHS,3,3.68,Death,1478
Hepatitis C,2016,HHS,4,4.18,Death,3500
Hepatitis C,2016,HHS,5,3.01,Death,2064
Hepatitis C,2016,HHS,6,6.69,Death,3194
Hepatitis C,2016,HHS,7,3.31,Death,593
Hepatitis C,2016,HHS,8,4.69,Death,640
Hepatitis C,2016,HHS,9,6.08,Death,3668
Hepatitis C,2016,HHS,10,6.56,Death,1173
Hepatitis C,2017,HHS,1,2.97,Death,602
Hepatitis C,2017,HHS,2,2.76,Death,1043
Hepatitis C,2017,HHS,3,3.53,Death,1441
Hepatitis C,2017,HHS,4,4.03,Death,3450
Hepatitis C,2017,HHS,5,2.63,Death,1846
Hepatitis C,2017,HHS,6,6.54,Death,3169
Hepatitis C,2017,HHS,7,3.24,Death,589
Hepatitis C,2017,HHS,8,4.38,Death,615
Hepatitis C,2017,HHS,9,5.37,Death,3330
Hepatitis C,2017,HHS,10,6.38,Death,1168
Hepatitis C,2023,HHS,1,1.5,Death,332
Hepatitis C,2023,HHS,2,1.4,Death,569
Hepatitis C,2023,HHS,3,2.52,Death,1094
Hepatitis C,2023,HHS,4,2.42,Death,2282
Hepatitis C,2023,HHS,5,1.79,Death,1301
Hepatitis C,2023,HHS,6,3.68,Death,1961
Hepatitis C,2023,HHS,7,1.57,Death,309
Hepatitis C,2023,HHS,8,3.15,Death,484
Hepatitis C,2023,HHS,9,2.88,Death,1929
Hepatitis C,2023,HHS,10,4.61,Death,939
Hepatitis C,2018,HHS,1,2.56,Death,519
Hepatitis C,2018,HHS,2,2.48,Death,924
Hepatitis C,2018,HHS,3,3.04,Death,1253
Hepatitis C,2018,HHS,4,3.6,Death,3160
Hepatitis C,2018,HHS,5,2.52,Death,1762
Hepatitis C,2018,HHS,6,5.85,Death,2907
Hepatitis C,2018,HHS,7,3.04,Death,544
Hepatitis C,2018,HHS,8,4.45,Death,636
Hepatitis C,2018,HHS,9,4.63,Death,2928
Hepatitis C,2018,HHS,10,5.79,Death,1080
Hepatitis C,2019,HHS,1,2.15,Death,448
Hepatitis C,2019,HHS,2,2.06,Death,780
Hepatitis C,2019,HHS,3,2.85,Death,1185
Hepatitis C,2019,HHS,4,3.36,Death,2996
Hepatitis C,2019,HHS,5,2.27,Death,1611
Hepatitis C,2019,HHS,6,5.06,Death,2562
Hepatitis C,2019,HHS,7,2.67,Death,496
Hepatitis C,2019,HHS,8,4.1,Death,600
Hepatitis C,2019,HHS,9,4,Death,2564
Hepatitis C,2019,HHS,10,5.27,Death,1000
Hepatitis C,2020,HHS,1,2.34,Death,467
Hepatitis C,2020,HHS,2,2.11,Death,819
Hepatitis C,2020,HHS,3,2.98,Death,1242
Hepatitis C,2020,HHS,4,3.45,Death,3097
Hepatitis C,2020,HHS,5,2.45,Death,1750
Hepatitis C,2020,HHS,6,4.98,Death,2570
Hepatitis C,2020,HHS,7,2.66,Death,500
Hepatitis C,2020,HHS,8,4.57,Death,682
Hepatitis C,2020,HHS,9,4.15,Death,2708
Hepatitis C,2020,HHS,10,5.27,Death,1028
Hepatitis C,2021,HHS,1,1.93,Death,395
Hepatitis C,2021,HHS,2,1.83,Death,722
Hepatitis C,2021,HHS,3,2.92,Death,1233
Hepatitis C,2021,HHS,4,3.17,Death,2865
Hepatitis C,2021,HHS,5,2.26,Death,1618
Hepatitis C,2021,HHS,6,4.86,Death,2524
Hepatitis C,2021,HHS,7,2.34,Death,457
Hepatitis C,2021,HHS,8,4.04,Death,614
Hepatitis C,2021,HHS,9,3.74,Death,2410
Hepatitis C,2021,HHS,10,5.36,Death,1057
Hepatitis C,2022,HHS,1,1.86,Death,386
Hepatitis C,2022,HHS,2,1.75,Death,700
Hepatitis C,2022,HHS,3,2.81,Death,1193
Hepatitis C,2022,HHS,4,2.89,Death,2654
Hepatitis C,2022,HHS,5,2.03,Death,1464
Hepatitis C,2022,HHS,6,4.38,Death,2274
Hepatitis C,2022,HHS,7,2.04,Death,385
Hepatitis C,2022,HHS,8,3.75,Death,569
Hepatitis C,2022,HHS,9,3.28,Death,2141
Hepatitis C,2022,HHS,10,4.82,Death,951
